"기준_년분기_코드","서울시_코드","서울시_코드_명","서비스_업종_코드","서비스_업종_코드_명","당월_매출_금액","당월_매출_건수","주중_매출_금액","주말_매출_금액","월요일_매출_금액","화요일_매출_금액","수요일_매출_금액","목요일_매출_금액","금요일_매출_금액","토요일_매출_금액","일요일_매출_금액","시간대_00~06_매출_금액","시간대_06~11_매출_금액","시간대_11~14_매출_금액","시간대_14~17_매출_금액","시간대_17~21_매출_금액","시간대_21~24_매출_금액","남성_매출_금액","여성_매출_금액","연령대_10_매출_금액","연령대_20_매출_금액","연령대_30_매출_금액","연령대_40_매출_금액","연령대_50_매출_금액","연령대_60_이상_매출_금액","주중_매출_건수","주말_매출_건수","월요일_매출_건수","화요일_매출_건수","수요일_매출_건수","목요일_매출_건수","금요일_매출_건수","토요일_매출_건수","일요일_매출_건수","시간대_건수~06_매출_건수","시간대_건수~11_매출_건수","시간대_건수~14_매출_건수","시간대_건수~17_매출_건수","시간대_건수~21_매출_건수","시간대_건수~24_매출_건수","남성_매출_건수","여성_매출_건수","연령대_10_매출_건수","연령대_20_매출_건수","연령대_30_매출_건수","연령대_40_매출_건수","연령대_50_매출_건수","연령대_60_이상_매출_건수"
"20253","11","서울시","CS300043","전자상거래업","34538013014","627267","25461739993","9076273021","5079394528","4791726567","5312821428","4188194169","6089603301","4421959188","4654313833","378046148","3050640706","9228694605","10347596395","9842055072","1690980088","18271613486","13232842583","292802463","5170349615","9917414294","7488684174","5905991176","2729214352","394248","233019","68915","71275","73349","79958","100751","146534","86485","6017","20497","163157","212195","199514","25887","256291","347266","17711","193439","158497","114627","81161","38120"
"20253","11","서울시","CS300036","조명용품","418496699255","3935642","387309166169","31187533086","99312273896","85854745993","79442368032","61487076432","61212701816","25163584314","6023948772","827933035","120400998296","124098128340","140333861983","32607353955","228423646","224006048906","93198042299","28936435","4273024847","37943072256","67778738183","112281296148","94899023355","3384888","550754","757097","756790","609797","645387","615817","419447","131307","32120","1045900","1136815","1193009","465013","62785","2243370","860457","8492","130680","359372","504666","834993","1265619"
"20253","11","서울시","CS300035","인테리어","57601968922","901129","48887822242","8714146680","12122259853","9892515494","7896717686","10064729767","8911599442","7388127732","1326018948","177030118","15901764987","16436259663","17556779577","6949966448","580168129","24166646397","21687676810","53340889","1268394179","5352940699","8459387018","11819308083","18900148658","736122","165007","157940","161171","133370","143035","140606","132516","32491","5136","233449","259000","258110","143681","1753","441508","325402","3829","33382","92430","121608","182474","333132"
"20253","11","서울시","CS300033","철물점","48545148249","1284447","42328931003","6216217246","8155197285","9698458066","7960845889","8258509640","8255920123","5226610371","989606875","34497615","15086021358","13908165351","14444985513","4977819735","93658677","22341213484","13749751048","28205423","753413874","4311064940","6185465301","9509815073","15303045818","1080371","204076","224246","236806","194344","208272","216703","160006","44070","1060","395284","378498","341322","167263","1020","706929","275102","2417","33739","137920","172547","255498","379934"
"20253","11","서울시","CS300032","가전제품","278800175018","537882","164982737564","113817437454","37050016948","31960571250","31796294821","26117509631","38058344914","63912839126","49904598328","0","14478268284","75467035607","98586091476","89046324196","1222455455","141258957417","130553096935","83702747","12156094380","53768507728","62788046541","68258551128","74757151826","330796","207086","74122","66533","64298","60057","65786","108009","99077","0","34764","142479","180892","175757","3990","297977","224098","704","30418","105172","111418","115498","158873"
"20253","11","서울시","CS300031","가구","153885694703","303758","92888077089","60997617614","17953979461","20890110419","15900035485","20829097905","17314853819","32827437442","28170180172","4017522","7472370836","39714247644","66841713505","39835404150","17941046","68446332334","74081422236","34263413","6176235847","25626495869","32138769050","33689654523","44862379939","226917","76841","46312","50050","42083","43413","45059","45108","31733","34","38960","96512","112746","55413","93","127624","145985","465","16439","50392","57249","67123","81970"
"20253","11","서울시","CS300029","애완동물","12883202932","279977","8639107331","4244095601","1955483731","1812161340","1558788304","1834804890","1477869066","2293711304","1950384297","136909026","1020826226","2876324058","4546869835","3710602682","591671105","4477452602","7932053458","23809458","1666574507","2822815859","2348605448","2457149428","3090551368","191082","88896","39871","40706","35090","37156","38260","50759","38137","2395","17208","65914","82514","99115","12832","101805","174987","1050","27071","50294","44782","72264","81325"
"20253","11","서울시","CS300028","화초","58084751823","1229012","45360149858","12724601966","8381429625","9853779028","9095391885","8170856729","9858692590","8308832710","4415769255","525670808","11129329052","15653674219","18194216539","10974420081","1607441125","19622920406","22297940977","181141578","4267451133","8885805950","7765794518","8704504900","12116262671","933839","295174","165596","190252","173424","187118","217451","199786","95389","10408","170188","353532","342490","325829","26565","450112","611914","13175","193886","272661","182840","190927","208552"
"20253","11","서울시","CS300027","섬유제품","28560172770","359183","22708590047","5851582723","4513872300","5005149408","4952669731","3845332253","4391566355","4160307061","1691275662","159847","3437263753","8440376890","10227175236","6415719780","39477264","9822559790","15516351413","18241215","718965373","2829821850","3358678807","6523065989","11890137962","291484","67699","61048","59827","51608","61467","57534","47334","20365","11","49437","110038","128142","71095","460","121285","215482","588","9055","27003","34551","92725","172840"
"20253","11","서울시","CS300026","완구","31696331073","2008998","19490426518","12205904555","3546809871","3676961204","2652434420","4301535446","5312685577","7479855310","4726049245","5690176","1300720531","8052786355","10297737507","11424444556","614951948","17413676081","13893773926","574785321","7394379684","8770157857","7278875929","3188016088","4101235130","1163464","845534","195360","206228","177666","209286","374924","503392","342142","282","53327","387907","692779","846476","28227","705147","1301549","74812","842889","561917","326200","124278","76602"
"20253","11","서울시","CS300025","자전거 및 기타운송장비","34114191092","283517","20259548399","13854642693","2493270816","3555632889","5298690737","3764694358","5147259599","7922708935","5931933758","257903","1385004472","10065134592","13700418430","8916178945","47196750","23876884999","7105797165","115472045","767296601","3164885416","12375439627","7712739023","6846849436","181243","102274","35834","40788","29221","38727","36673","62320","39954","32","23512","84554","102567","72466","386","200171","71065","3369","11729","30121","76260","63829","85928"
"20253","11","서울시","CS300024","운동/경기용품","205050874404","1472635","139374984254","65675890150","26317309141","28232977104","27459288972","26806528455","30558880582","37157312721","28518577429","891931804","15988962221","48472503919","73865389366","61052870120","4779216974","116898694351","68951448351","1322496919","17916876416","33302379738","54666844675","44282127395","34359417575","909440","563195","153471","184614","165264","194458","211633","315530","247665","12559","112887","333287","489062","457487","67353","890524","533159","20016","171215","261611","366223","318572","286054"
"20253","11","서울시","CS300022","화장품","314637583045","3344172","260765611575","53871971469","48091732882","59689132958","50193109267","52446105270","50345531198","34999913481","18872057988","2499425810","31970653230","84955398113","104024641303","79281177389","11906287199","102097903726","195293002521","1204357934","28238069712","62085940381","74762825378","72360902173","58738298303","2383665","960507","443414","506350","440496","478575","514830","580286","380221","43214","311886","840002","1031706","948375","168989","1012259","2265694","46455","584103","654183","554431","592591","846181"
"20253","11","서울시","CS300021","문구","258741091575","8257248","240576523718","18164567857","47246716584","53237092562","47375815186","49942492883","42774406503","11560013419","6604554438","54061843","42246244947","79984528394","102587012542","32496161693","1373082156","73219371559","50276128982","1399015372","8654828485","14343364307","27195760813","35934886990","35967644598","6790557","1466691","1363660","1472852","1272028","1380066","1301951","895281","571410","10752","1088966","2477855","2833262","1735988","110425","3143291","3469132","197717","996476","1310432","1744210","1261969","1101625"
"20253","11","서울시","CS300020","서적","103033724190","1638044","88403210202","14630513988","17321787354","19750228175","14668909160","20716023627","15946261886","8692922667","5937591321","103799472","8925098084","25519305574","45127892314","21170271241","2187357505","35763660034","48060228014","960343348","7108284000","12024366430","23864558544","18524788541","21341493209","1114178","523866","225873","233666","214281","211245","229113","244513","279353","1011","153325","419163","548128","466357","50060","647378","943529","49422","219491","249944","502187","378288","191576"
"20253","11","서울시","CS300019","의료기기","291396515806","581673","279012088528","12384427278","47707320864","67291532591","52355767062","42571969612","69085498399","10747804562","1636622716","4000000","47462429416","117601859494","104313441940","19699560992","2315223964","199260095319","64182195188","31154425","4920964132","39426263030","66271969871","73060540728","79731398323","496352","85321","108610","111142","97679","85918","93003","59925","25396","29","108170","212723","204159","55257","1335","324350","240619","318","12678","53642","92401","119915","286022"
"20253","11","서울시","CS300018","의약품","1792240506318","73837077","1601419125358","190821380960","380776612743","376917117228","263606439377","286892710088","293226245922","162182106027","28639274933","617677530","371649929468","540918820190","600198856426","267775206577","11080016126","899276688282","770748390405","2384530203","77119312348","226651718165","327577112113","388760817708","647531586858","62695543","11141535","14986699","13324991","10813586","11596805","11973462","9096363","2045172","44906","16281392","20140745","20761933","15887375","720726","34274580","39421244","295275","6505516","12952064","13947392","15611525","24384067"
"20253","11","서울시","CS300017","시계및귀금속","296987705852","627625","227337009949","69650695903","43018866349","40000396671","43394129767","57707268784","43216348378","44330404857","25320291046","213029945","10392262458","95634551173","118451300521","69985437868","2311123887","151931690912","122820605058","305211488","15972550904","51261673827","64310519852","68122840320","74778951976","501026","126599","100462","105931","94288","104633","95712","80744","45855","91","42096","189747","252722","139206","3763","262705","290763","3009","59124","119428","106653","116605","148636"
"20253","11","서울시","CS300016","안경","142435013426","1425371","99122573311","43312440115","20732471334","20304068808","17512104391","19822067408","20751861369","26791671484","16520768630","5187869","7146104099","36511057105","45329922693","51559080422","1883661237","64776561867","76592039629","976117244","19224250726","26615513169","30513595582","35421651796","28617346003","1028710","396660","207810","210911","187697","207175","215117","240018","156642","198","73349","339573","416484","563202","32566","512827","908167","27820","358628","294300","260027","273616","206593"
"20253","11","서울시","CS300015","가방","53025967931","1504260","35408971773","17616996158","6818289622","7661933472","6565473999","6488925557","7874349123","9806986100","7810010058","2282413","2003103627","12897524856","19575052780","16509864605","2038139650","16805148265","34264510618","289939078","6460065751","11900413402","11698847784","10321332098","10399060767","923174","581086","166837","191668","166753","187180","210736","300275","280811","273","61701","356742","484608","533083","67853","499016","988041","16291","248515","347856","322023","264850","287526"
"20253","11","서울시","CS300014","신발","94834506052","1084211","66380651286","28453854766","12996133266","11644223546","13692021677","12264762967","15783509830","16530267108","11923587658","47079647","7947806658","32299819888","28990379826","24096440654","1452979379","44869398759","46723912162","535547650","10202715414","17334507793","15364899344","21858118056","26297522674","719695","364516","135421","141794","125671","151618","165191","207528","156988","1048","75750","297828","383579","302195","23811","443127","616110","9294","135031","166397","164395","191259","392863"
"20253","11","서울시","CS300011","일반의류","1662728802457","28724963","1026567659773","636161142684","185196065786","214531387811","196851434636","202477439847","227511331692","344806285869","291354856814","12448539722","44278446617","415906563568","597234452657","540045681670","52815118223","586156048088","1033701626582","8334323034","177938259540","339702790013","335051021292","363863312730","394969174525","17842248","10882716","3143729","3624343","3391529","3612535","4070112","5870876","5011841","218990","779667","7226260","9684727","9637431","1177889","9349143","19281033","293410","4409858","6039020","5777683","5770338","6339861"
"20253","11","서울시","CS300010","반찬가게","875243624070","37226256","733046632733","142196991337","140809756094","169712680321","132167601596","150598836995","139757757730","102285388415","39911602922","136926727849","215834642186","200872554440","161271514432","109225193465","51112991699","374898483062","367357603819","1149671485","30098708794","91625991787","179753900007","174792515080","264860440968","30360094","6866161","5967824","6570839","5846785","6065312","5909334","4159445","2706716","1751610","8187553","11140487","7480770","6778059","1887778","17794967","16760715","287608","4403735","8161802","6785247","6857627","8060328"
"20253","11","서울시","CS300009","청과상","1359057929513","50561670","1002089841610","356968087904","198817281469","220523305579","163987118223","199097089947","219665046391","224316924457","132651163446","47829323138","336218735562","372254384507","391203212761","194739976579","16812296967","558716096003","695015994254","549759007","24780538150","86078047788","165775893008","278094044140","698453808167","34365276","16196393","6776811","7250658","5820052","7034934","7482821","9829691","6366703","387951","9477157","14358339","16234779","9724029","379413","21187563","28455783","50749","1120285","3365407","6218624","11115474","27772825"
"20253","11","서울시","CS300008","수산물판매","921087553652","15113069","573856527763","347231025889","103570857138","123457063327","97281937303","109330554823","140216115172","218824973222","128406052667","37093945249","167911537871","190673349517","207929690334","284704924071","32774106610","456668476186","346250169023","453542698","47372187508","137086977401","133965905432","160405715852","323634316314","9311033","5802036","1686098","1925684","1604753","1776217","2318281","3621440","2180596","375241","2576030","3609343","4090586","4089266","372603","7262124","7057214","8980","759489","1932873","2134806","2905878","6577295"
"20253","11","서울시","CS300007","육류판매","785626598679","15454782","601198733871","184427864807","112685568530","127486363589","100874922844","120182454295","139969424615","119457916016","64969948792","10537538090","163133387038","194205772015","233503911164","170255108340","13990882032","331325128410","402180290401","331375977","15115685902","69924085908","119989150690","167674155258","360470965074","10874168","4580615","2081727","2223387","1992728","2147472","2428854","2753197","1827417","116163","2365652","3523038","4411457","4813070","225402","6423681","8742135","17894","515206","1581022","2364505","3751104","6936053"
"20253","11","서울시","CS300006","미곡판매","124418146207","2745380","102371588765","22046557442","19753770011","22613777196","20110709949","20523121373","19370210236","18570892413","3475665029","13509883673","40936383659","27793338229","28831959626","12370869047","975711973","43802627765","69940438868","8036218","719816368","6704381039","11597143592","20111991256","74601698158","2137455","607925","467111","456480","357704","439607","416553","451799","156126","108393","704252","744684","768276","393936","25839","1077654","1555689","868","31098","147831","258663","527628","1667256"
"20253","11","서울시","CS300004","핸드폰","97518740048","1893815","77032165599","20486574449","18534249096","13817295237","15858533679","13271259175","15550828412","12480293894","8006280555","1448693545","6557747842","22056766589","25583695349","36672926575","5198910148","48407976033","35046649593","629414227","8180432534","13187106276","22005360522","21452681804","17995800099","1517460","376355","319247","304805","317972","303466","271970","244086","132269","33254","202974","467357","471494","603735","115001","962193","862278","25749","334376","340548","340980","372406","410581"
"20253","11","서울시","CS300003","컴퓨터및주변장치판매","661094175237","5641174","594925126820","66169048417","106842276830","106012496209","145687243672","111649861607","124733248502","44555308668","21613739749","1295707991","100761102787","203270465856","261204127813","89540696460","5022074330","251064597043","126304869218","1205346916","35296829476","63780566175","84252730735","122286292860","70554936154","4143218","1497956","806136","860278","810615","760739","905450","823818","674138","37595","805485","1809459","1911181","944639","132815","2665832","2365348","87383","1026751","1310043","1154141","808843","644138"
"20253","11","서울시","CS300002","편의점","1111642588519","160735195","821383913427","290258675093","157505225833","172473400479","157889472697","163693035063","169822779355","154807633322","135451041771","96286011952","179250305550","169347134246","170419520526","311183234646","185156381600","654226233775","429182184828","14891872107","206949111105","304788072877","236012161914","204023320577","116743880014","120561515","40173680","23329281","25683024","23327008","24004322","24217880","21279936","18893744","13028280","31439170","26252536","24470512","41045925","24498772","97471574","61133077","3284171","33595313","45219009","32414553","27990329","16101295"
"20253","11","서울시","CS300001","슈퍼마켓","1164292828723","105219845","846962569610","317330259112","166333482191","178860047015","157111103728","167949078677","176708858000","174992972855","142337286258","35938470024","169755579264","213892416480","250740827337","372742648898","121222886721","581805639119","526109876061","6039757275","90715464078","188345600479","222825184677","271683309908","328306198764","77528568","27691276","15208864","16474247","14784001","15409634","15651825","14825267","12866009","4085986","16883963","18026483","19445091","33816584","12961737","57739776","45976414","1505378","13552116","22397584","20767545","22578564","22914884"
"20253","11","서울시","CS200037","노래방","111370476326","4607776","73699037910","37671438416","10650944985","15101237339","14465483201","15090730399","18390641986","22365001869","15306436547","43965998556","1763405450","1279591722","3155410589","17925867173","43280202836","81638978902","20047206095","1343937532","12054264483","18559994707","20376507936","29950055133","19401483803","2952008","1655768","501325","571911","532777","585243","760752","940118","715650","743303","48252","235997","517789","1477846","1584589","2748101","1810463","292732","1834875","1291476","490467","434762","214296"
"20253","11","서울시","CS200036","고시원","459578997","628","408683906","50895091","125647257","53000000","24284053","131000430","74752166","50895091","0","0","149931310","253399423","0","50895091","5353173","459578997","0","0","0","0","152685273","277256498","29637226","596","32","95","118","128","192","63","32","0","0","223","276","0","32","97","628","0","0","0","0","96","307","225"
"20253","11","서울시","CS200034","여관","61030779692","1174206","40376058276","20654721416","7794427098","8973808486","8384338887","7056896824","8166586981","9436011921","11218709495","16050567583","4437731152","5485475382","9370652725","16313992754","9372360096","31908048004","11535165883","468038316","7964692953","11011863954","8836256775","9158370940","6003990948","765248","408958","143745","156934","149657","151770","163142","209134","199824","224326","66659","137498","187648","326124","231951","794420","312143","16234","332864","319688","172260","158051","107488"
"20253","11","서울시","CS200033","부동산중개업","5687317230","453038","4730676349","956640881","1084499503","1261911584","852520914","744514776","787229572","632845131","323795750","278572011","805490351","1471120081","1361419445","1399248041","371467301","3226392979","1909493226","11092499","386483881","1575546613","974977982","712229791","1475555436","349211","103827","72576","74042","74295","57438","70860","62543","41284","15794","52095","106593","127356","114492","36708","264869","127794","433","30980","106947","98973","86096","69238"
"20253","11","서울시","CS200032","가전제품수리","11345453163","120333","10087120475","1258332688","2101798421","1761783451","2243394704","2099942632","1880201267","1070263451","188069237","53954107","1887547610","3824003376","3385204550","1955584261","239159259","5051329934","3948733975","3267260","295705124","1064729470","1937797417","1870486592","3828078052","104628","15705","23105","21188","20798","20728","18809","13043","2662","427","22558","36367","37938","20470","2573","65134","41788","623","4377","15036","21748","25804","39312"
"20253","11","서울시","CS200031","세탁소","35124185123","2082851","28224275568","6899909554","5837087244","6322951066","5586101464","5562196161","4915939632","5331305486","1568604069","574723844","6208191462","8174865014","8794332370","9910769096","1461303335","14797314521","15046268163","75893542","3419247887","6987369049","7302354831","7116505854","4942169703","1526953","555899","347276","317452","301393","278439","282391","354241","201657","87576","288960","401301","473465","643483","188065","1025262","1006988","13608","382826","520759","393800","441575","279646"
"20253","11","서울시","CS200030","피부관리실","63741143504","356609","50380246898","13360896606","10050492629","11112073963","9372313614","9875290847","9970075844","9749198045","3611698560","758651350","3123476905","15441399350","17961921255","21756812262","4698882384","15339593564","46683574431","274343903","10478028798","19600897538","11314967875","12220791372","8141240337","270338","86270","50560","56745","49884","55909","57243","59744","26525","6549","15813","86008","101873","125413","20955","83305","266580","2837","91659","115903","57798","48829","32912"
"20253","11","서울시","CS200029","네일숍","17464774412","215400","13394236625","4070537787","2504234893","2912263488","2520743700","2611381275","2845613269","2879863063","1190674724","57304138","294293906","4244641082","5242560694","6893779546","732195046","2668970304","14526701666","111114913","2826733117","4737245908","4078139900","3147814860","2294542282","166806","48594","30797","33747","31231","33470","37561","34303","14291","763","3826","52642","63995","85574","8599","29962","184015","1676","47403","62119","44976","35080","22734"
"20253","11","서울시","CS200028","미용실","283618259098","5546209","181370321365","102247937733","27360998491","33527892989","34967152468","38203625296","47310652123","63662715965","38585221767","303851361","10339950541","76048801604","94782174266","97131004801","5012476525","114987963960","163919219200","1948590132","35581714570","58397491297","62601821305","67378003690","52998845227","3646147","1900062","622783","674889","695960","757281","895234","1156476","743584","2793","315913","1526336","1781818","1871833","47516","3021910","2501451","46342","635568","1095778","1177698","1373782","1194237"
"20253","11","서울시","CS200026","자동차미용","13342183989","158549","10682133703","2660050286","1967876973","2370834889","1695336237","2249076427","2399009177","1855176242","804874044","2950082","2670218074","3781469468","4347277476","2501976861","38292028","6497698032","2766515894","902268","340702841","2211083234","2671002569","2063959669","1976563345","120497","38052","24051","24893","20621","25546","25386","22804","15248","326","32145","48421","53341","22321","1995","79100","31691","120","5304","24648","28842","27865","24016"
"20253","11","서울시","CS200025","자동차수리","316102741064","1522113","276428295863","39674445201","55041051845","58164103367","53896769582","54221427066","55104944003","37440989424","2233455777","83944097","56428832615","87356747812","110091610437","61431807411","709798692","202601896198","71013461584","65821169","7645788866","45353695496","63638636353","77083575829","79820820437","1306056","216057","281882","276515","241671","251234","254754","198814","17243","1673","337239","435078","506992","234287","6844","1003263","348771","419","44340","233106","308712","362542","402798"
"20253","11","서울시","CS200024","스포츠클럽","125132392354","620846","108967253477","16165138877","25699584067","23861719589","20999501159","21067727215","17338721447","9595896566","6569242311","919277160","13764059042","20542763571","23304025367","49740998385","16861268829","57186516522","62484768010","436884322","22838594473","35235920197","22561796859","23750682995","14848353655","475887","144959","104744","104698","90252","91136","85057","80890","64069","29280","76031","101136","119044","211094","84261","346344","263795","8426","143881","176570","101772","113738","65770"
"20253","11","서울시","CS200019","PC방","97423312364","17682454","62803069894","34620242470","11838473757","12372979891","11765959049","12224182027","14601475170","18216857635","16403384835","13508435790","6766789505","12251978732","17150411533","29072394161","18673302643","75369939530","22025191562","5865659295","39343647019","30391815773","10547370649","8862565144","2384073211","11477952","6204502","2166624","2263396","2148744","2246297","2652891","3268969","2935533","2261308","1124503","2167319","3333599","5364002","3431723","13030576","4649784","1403262","7386470","4992129","2004359","1523596","370543"
"20253","11","서울시","CS200017","골프연습장","61660439886","1266502","41139264188","20521175698","8592428291","9354758979","7557928887","7722135240","7912012791","10397592021","10123583677","2011220904","5928310134","10925364101","12223120923","20378168757","10194255067","41242820036","13053775832","35486796","1616464724","7866233687","15975718998","18361995803","10442818730","790797","475705","144563","160703","153911","158534","173086","244499","231206","40071","128637","246995","249703","390323","210773","931225","245602","1229","35072","150858","303070","423852","262780"
"20253","11","서울시","CS200016","당구장","39761509873","1934217","27606155141","12155354732","5368578010","6278046041","4883436063","5153491347","5922603680","6852262483","5303092249","2299864464","1840572195","3470702258","6603837394","16785930281","8760603281","29313610316","8773111308","493239379","3941633685","5487568298","7750625391","10011745027","10401779434","1258214","676003","223982","249925","236070","250695","297542","374413","301590","143123","25848","114874","337540","791327","521505","1584693","320462","44665","234731","232344","286005","522837","584548"
"20253","11","서울시","CS200008","한의원","226167523023","6550713","182539256115","43628266907","44629108077","39716921793","31729747269","30660502912","35802976065","38901006749","4727260160","29562547","30711134894","80611698882","65086171733","48987202237","741752729","83718347776","140750787757","178595241","11686864750","35100018513","47363460579","56111776050","74027759970","5548056","1002658","1286553","1153991","1022401","956483","1128628","867096","135562","133","1226862","2143176","1795729","1377301","7512","2805395","3731303","9513","245355","744142","965284","1339202","3233207"
"20253","11","서울시","CS200007","치과의원","612106975189","4254686","531419518494","80687456695","119281491730","127720616402","100537068765","80132749323","103747592272","76848895314","3838561381","212777","85827790865","210948008036","196057887971","117763376208","1509699331","301389335550","307950118854","1055609682","36948752560","77599594443","126319291021","159665445420","207752279020","3665763","588921","845297","863859","678959","557799","719849","566597","22326","14","820913","1284761","1417696","728482","2820","2083744","2162251","13185","318453","644385","940593","999064","1330352"
"20253","11","서울시","CS200006","일반의원","1957296178735","43286099","1645886865278","311409313457","378057431516","359160899994","269219182531","297800351630","341648999606","291070637093","20338676366","308104020","435313679795","613199692930","568743492237","335648648277","4082561477","752705225512","1198865638861","4175697249","192592273321","417804707826","444113754077","441521310490","451363362013","37317389","5968710","9231473","7884108","6105263","6742816","7353730","5534482","434229","1310","11966280","11699071","13163369","6411667","44403","19618874","23642248","201082","3120463","7252808","8881343","9174834","14630605"
"20253","11","서울시","CS200005","스포츠 강습","122011915521","482801","111333115008","10678800513","26611021580","25174830184","20660925416","20112422910","18773914919","7748488217","2930312295","323653947","11579797957","19394639080","26101444152","52569855910","12042524474","43926839972","74201351131","230924488","10972753091","30622241242","49470702889","19027306328","7804236115","415628","67171","98878","94195","76960","72379","73216","40998","26174","6935","47372","71416","111749","193084","52241","209923","261182","5610","47784","108813","214316","67350","27297"
"20253","11","서울시","CS200003","예술학원","173982341974","694388","145188459889","28793882085","30961725431","32924851336","28373128428","27428157709","25500596985","21136335659","7657546426","983100828","14085018610","29560159569","55007264754","61771456081","12575342131","72097865551","100248490734","673759424","7808919753","22209080701","94030477177","40473943393","7150175833","603804","90583","133001","139780","117097","109614","104314","67931","22653","3140","55015","126351","242642","234404","32837","276175","413357","3233","36314","116793","404268","100475","28437"
"20253","11","서울시","CS200002","외국어학원","73993309217","193211","68100764287","5892544930","16043250462","15887654984","13053904054","11456201992","11659752795","3822174226","2070370704","811875809","13161071082","13442961921","23501326666","18345425536","4730648203","31302732023","41689373240","49130123","1829104867","9846613110","45706701487","11691572527","3868983146","173323","19889","41441","42124","31888","29091","28776","13360","6528","2084","27994","31221","59431","58539","13939","76479","114164","495","8635","23417","119214","30703","8169"
"20253","11","서울시","CS200001","일반교습학원","1006802591369","3248037","810974513675","195828077693","185932529871","185763743032","146381530477","139519148344","153377561952","119124225785","76703851907","11731298344","122230311661","151514298935","277423970171","348753942548","95148769709","430604979025","570839218131","1617039220","5755768903","42655049730","619796721984","304224096968","27399106564","2599799","648238","585471","595261","471674","450805","496589","394163","254075","38481","442872","503458","886645","1085868","290713","1335958","1896047","32651","48179","173327","1995980","904332","77557"
"20253","11","서울시","CS100010","커피-음료","779429448993","102191527","584502329199","194927119794","107164795459","124460524796","112966057635","118620940585","121290010724","106184692217","88742427578","4970539916","125373721045","278334102569","182326320717","155579276864","32845487884","302346304939","372716465230","9402075835","144222407628","194075730764","143248792848","115506832134","68606872705","78510403","23681123","15009861","16924505","15100244","15803283","15672512","12847813","10833310","376750","24529274","34083072","22500885","17717763","2983783","44973979","50576154","1489655","20628388","28466538","20201474","16111029","8653092"
"20253","11","서울시","CS100009","호프-간이주점","742538242172","15479371","515472004497","227066237675","80583638259","102852713819","97926565698","106941291204","127167795516","136875790282","90190447393","184430044589","9468904254","40470616257","23351197298","170254907051","314562572721","429144763155","217703780659","5204163489","136125573000","184515025365","125643157019","118710946774","76652871265","10718128","4761242","1810242","2130471","2020537","2159991","2596886","2774562","1986680","2752106","479339","2049238","1071673","3907366","5219648","8436462","5993639","175396","3599192","4203719","2528530","2366075","1557314"
"20253","11","서울시","CS100008","분식전문점","308444794664","26870899","232961584100","75483210565","43133134281","49282323063","44744353592","47317948424","48483824739","44168736103","31314474462","6276360101","28804396457","108169826895","49399352461","94364538346","21430320404","135761162035","137601297739","3580243286","39587953327","62148390509","66803346764","61103771286","40138754547","20591014","6279883","3881928","4412135","3989048","4155425","4152478","3651987","2627897","430493","3096940","8988539","4568419","8163690","1622818","12122748","13367514","385179","3873154","5902360","6050146","5545133","3734320"
"20253","11","서울시","CS100007","치킨전문점","115930891943","3364865","84434553834","31496338110","13225271474","17121758404","16885089463","17366022868","19836411624","18544303857","12952034251","7986127026","613675610","4388902490","7145664175","50365621723","45430900918","64244642119","37442332634","711622743","12739423398","21826118236","23364956177","25508453220","17536401014","2396046","968818","375633","482600","477239","489806","570768","551766","417052","167912","16803","220258","284405","1604185","1071303","1920308","1235258","32690","403147","648693","694979","781185","594878"
"20253","11","서울시","CS100006","패스트푸드점","184556668960","14952513","130469361737","54087307223","23684130066","26539488634","24782912388","27238137932","28224692716","28559062441","25528244783","4139394385","12250626738","56379048101","31790763745","65185292337","14811543655","88003992410","75940246926","2890023722","30929960161","45227456053","37349905885","30237347238","17309546278","10786202","4166311","2012855","2239335","2066979","2206705","2260327","2223961","1942351","469550","1244639","4306609","2632243","4893615","1405859","7604413","6687473","305125","2988530","4099672","3085090","2424316","1389148"
"20253","11","서울시","CS100005","제과점","272249712958","25595056","198994700026","73255012933","35851109800","41624619183","39446152807","39456134389","42616683848","40620935801","32634077131","336958749","51999893328","71563766168","62212042229","72888166560","13248885925","95581131690","147646895300","1583572341","28341081314","52459302627","57482435262","53951719434","49409916039","18955291","6639765","3550817","4018017","3771835","3739148","3875474","3662716","2977048","37397","5323172","6170639","5571254","7081882","1410710","9538905","14959053","228589","3279596","5469984","5495308","5183129","4841311"
"20253","11","서울시","CS100004","양식음식점","333346019722","7675400","225205840990","108140178732","35155891813","45161193618","43585915352","46859881660","54442958546","62262429345","45877749387","17602370253","3067572831","98091406371","43612106562","120213711417","50758852288","137166025681","129395041185","2761239933","57493441111","85563256094","56395787907","40745037750","23602304072","5400344","2275056","907977","1110856","1048636","1117090","1215786","1257942","1017114","266865","157059","2947916","1105828","2602567","595166","3207881","3701356","116423","1736743","2110913","1412978","1028997","503173"
"20253","11","서울시","CS100003","일식음식점","297999322164","7217934","228391110577","69608211588","38373019214","47706508488","44372473863","47067056423","50872052589","42898278103","26709933485","11885848362","782043317","93589284121","21530548634","109827232184","60384365546","129625126144","96186746148","2473822451","48978216971","69793997735","44785709263","35810053602","23970072267","5656629","1561306","1022199","1205988","1096431","1146313","1185696","904177","657129","170778","31267","3315666","714167","2346056","640002","3234654","3081356","128774","1582118","1856910","1195751","989118","563326"
"20253","11","서울시","CS100002","중식음식점","278050033633","8321762","204836534219","73213499414","34179480190","42543012085","40635555298","42744251153","44734235493","39878788963","33334710451","5794806832","2793254450","104059785745","30645125607","105809130707","28947930292","129318723855","84328540928","1919330020","32681735012","54412856032","47421877668","44175253164","33036212906","6312173","2009589","1104579","1319725","1263676","1303079","1321114","1076868","932721","131990","114105","3932718","1125155","2596355","421439","4416587","2949291","115524","1232424","1760231","1595515","1525460","1136857"
"20253","11","서울시","CS100001","한식음식점","4008796425766","106465539","2950467431355","1058328994410","519343298090","610674105237","567458757337","605955168015","647036102676","608372096760","449956897651","135920666534","81675817043","1188229065501","371432036430","1626957306779","604581533480","1945744735011","1231386128116","14243602740","404461140496","735919183374","633976494287","693392066888","695143551060","82120259","24345279","15618537","17361658","15862177","16450920","16826968","13682696","10662583","2798074","3594908","45551664","11803075","33430093","9287724","56282077","38283430","667572","12695071","21161966","18452502","20692570","20895960"
"20252","11","서울시","CS300043","전자상거래업","38897762346","649753","29287821452","9609940894","4783929284","5464831098","5867775275","6494473837","6676811958","6123101186","3486839708","436614831","2340495428","10548531707","11880224766","10987734681","2704160933","15800433994","19364663982","247053600","4800650014","8779164882","9337048362","8932051834","3069129281","405753","244000","68209","75716","78270","84208","99350","146712","97288","4132","23773","179043","206269","213905","22631","247132","381876","13499","193816","177544","122903","85030","36212"
"20252","11","서울시","CS300036","조명용품","395111326413","3716096","362832000029","32279326384","89312954889","65802359082","67575065610","74637589107","65504031341","27467425547","4811900837","1240830434","106990369119","121786372613","133910885864","30927990450","254877933","216705654209","82022157646","25522937","2339546523","24970608777","73537212749","108070689095","89783889435","3198140","517956","700010","603068","665878","617585","611599","402944","115012","30695","944546","1061550","1151089","464886","63330","2097918","837809","8176","130273","329769","460996","809494","1196972"
"20252","11","서울시","CS300035","인테리어","58339234766","944374","50060175017","8279059749","10315478419","10838777269","10302068868","8602798892","10001051569","6885891471","1393168278","873070331","18438543754","17122038006","15646412376","5963259149","295911150","30354381004","16796802631","105102842","1064514653","3931258490","7684123581","13279162242","21087021816","794549","149825","161252","153822","164120","164904","150451","117281","32544","2513","244734","288214","251478","155783","1652","473569","330547","7993","26171","86888","145286","186598","351164"
"20252","11","서울시","CS300033","철물점","45671236596","1258178","39368973606","6302262990","7709512329","7404995373","8418448548","8138161747","7697855609","5318366560","983896430","95103264","13989416842","13551751075","13007919082","4868907110","158139223","21642274864","11887461575","12565616","992665057","4299874006","5629388775","9751551705","12843763367","1062993","195185","220250","206440","220284","211117","204902","148932","46253","938","384709","368637","337221","164889","1784","691938","269600","962","32979","130963","158047","253671","384939"
"20252","11","서울시","CS300032","가전제품","281918633501","517189","159972563368","121946070133","38958020282","25771369571","26323068412","31539525159","37380579944","60119576397","61826493736","0","14983620330","71967374282","99664140527","94097549392","1205948970","152557688978","120884544924","75030429","15292317585","64029879633","64819801107","67014169354","62211073577","317020","200169","73988","55504","56082","60645","70801","97285","102884","0","31938","130588","182873","167632","4158","289251","210030","1242","32522","104423","106288","115788","139019"
"20252","11","서울시","CS300031","가구","128245435509","368683","85459945143","42785490366","22238143052","19238997217","15900213741","15158181384","12924409749","21648256604","21137233762","3302365","11015770807","36766135442","52069843375","28107283850","283099670","57914089593","60600873421","4263570","4616786982","18994743705","25813618135","32116208185","36964718572","271122","97561","53531","60125","53410","51380","52676","53853","43708","31","52695","106619","132563","73404","3371","143734","194785","250","24519","72820","72049","77851","91031"
"20252","11","서울시","CS300029","애완동물","11971036260","293588","7967933647","4003102613","1760627474","1355552320","1349030985","1758256261","1744466606","2418750529","1584352083","105749286","685850013","2854984133","3629862646","3664659658","1029930524","4569073612","7044832025","20308258","1821495180","2479153393","2187828565","2397766401","2707353842","202742","90846","41715","40636","38601","39090","42701","49306","41540","2047","19195","68817","89828","99949","13752","111662","178703","902","28606","50718","46313","77854","85961"
"20252","11","서울시","CS300028","화초","88804899131","2188614","70057327159","18747571972","11553791261","12757067724","15241684066","17749050399","12755733707","11709222583","7038349388","485211874","15819173224","24617496956","25992904646","19800609505","2089502923","29781983696","36140625562","442913677","7058633393","12850085884","12857235985","14520690862","18193049447","1649220","539392","258105","285770","363758","428692","312898","314858","224535","12146","283535","601053","639929","595861","56093","796210","1167878","28123","308790","446438","366305","377089","437293"
"20252","11","서울시","CS300027","섬유제품","27731522334","342740","21673780201","6057742133","3721254804","4252924931","4594686286","4347479065","4757435115","3979630921","2078111212","358405","3177273906","8164220102","9921770172","6428872269","39027480","9635595008","16302534366","4947554","564747410","2706305616","3118324858","7224176689","12319627243","272799","69941","55948","48644","56749","58697","52761","46106","23835","17","48050","102105","121867","69412","1289","118702","204054","187","8124","24538","33917","87099","168887"
"20252","11","서울시","CS300026","완구","30619189960","1704027","19129041615","11490148345","4757287096","3163496948","2841500547","3860214188","4506542836","7144711306","4345437039","13494452","1278866033","7185955805","11292974826","10105775589","742123255","17932629600","11397527706","382011070","5461963207","8748535508","7775631560","2828951535","4133064427","934756","769271","175748","166847","152264","166838","273059","434052","335219","277","52257","322785","582066","730130","16512","677237","1024439","43299","588986","588220","316318","89314","75542"
"20252","11","서울시","CS300025","자전거 및 기타운송장비","35437913883","277570","22348358595","13089555288","4033952591","5671286332","3442311141","4428898334","4771910197","6445767000","6643788288","6948652","1469317738","12103803854","11760557074","9972547946","124738619","25612770677","7769141210","125701239","1375420087","5329802543","10488987485","8110535911","7951464621","176475","101095","32548","40474","33624","34551","35278","51214","49881","82","23085","74223","103014","76690","476","202843","66280","2975","11016","35501","80817","65173","73627"
"20252","11","서울시","CS300024","운동/경기용품","213010467549","1713181","146153097272","66857370277","29427566335","26603602756","32686104773","28650692889","28785130519","36297931271","30559439006","668465600","12959550104","56772580274","78734770314","60083071454","3792029803","118739165368","71469942594","1076695320","15809143378","33958740677","55941663884","43865506388","39556216776","1070537","642644","182337","212726","208121","223094","244259","339000","303644","21834","119705","416137","556000","523373","76132","1025408","628014","25118","224739","305327","414927","351525","331751"
"20252","11","서울시","CS300022","화장품","330596112312","3690968","269326052131","61270060181","50327736104","53365969420","55643499391","52425151617","57563695599","38717789225","22552270956","2532356170","30235910756","91388463007","108332801917","83229408739","14877171723","105127096829","209694502331","919939487","32924041227","66790419188","73415529436","74385242710","66387221807","2622992","1067976","494861","505415","515862","536918","569936","604991","462985","50964","351856","948523","1143478","1023120","173027","1163555","2452261","36794","606824","724378","589250","659334","999276"
"20252","11","서울시","CS300021","문구","260841925309","9182128","233587405287","27254520022","44243808781","46071674149","53471549431","44528964659","45271408267","16640444014","10614076008","153238308","48578470742","72303280082","98715582874","39794095528","1297257775","79044228812","55635734740","1542266672","10275717994","19388861744","24288947827","37819025596","41365143728","7409171","1772957","1497072","1448373","1567361","1479276","1417089","1061630","711327","14614","1161488","2671324","3180868","2010252","143582","3492708","4024940","255189","1238947","1448716","2005680","1378941","1190183"
"20252","11","서울시","CS300020","서적","82147410792","1553248","68960928739","13186482053","15789860135","13313182665","14247529479","10648485281","14961871179","7197958051","5988524002","29264417","7425750671","22203185936","36852418089","14118950060","1517841619","31957015079","37585389634","655628446","6530480599","11523388848","20818549870","13289426566","16724930378","1020548","532700","190976","195784","217682","202989","213117","245565","287135","484","148171","401564","533229","425207","44593","611023","893916","38060","215494","277934","454704","323100","195622"
"20252","11","서울시","CS300019","의료기기","241884039050","528384","227750894701","14133144349","51735570999","37608293396","48279733293","39435790481","50691506532","8699181135","5433963214","41637","44873434803","88779447054","87216176027","20994887363","20052166","171759882209","54764166300","2045249","2384205393","20623078581","54792803732","75789384770","72932530792","455621","72763","96606","83270","95984","91037","88724","51582","21181","8","96300","189269","191716","51032","59","299762","217724","175","11628","40568","82978","113737","268398"
"20252","11","서울시","CS300018","의약품","1751594075732","75234271","1560836239499","190757836233","346296873420","313641528791","306101982969","281179925958","313615928361","162081140276","28676695956","598406197","434032203983","520147783494","517833597447","269911348384","9070736225","891529440524","768114408479","2193515160","71622879528","219262632573","327942147011","378110477873","660512197347","63657179","11577093","14651526","11938069","12413525","12123789","12530269","9468473","2108620","42579","16227593","20431589","21605199","16215752","711558","35153740","39938504","295090","6262738","13192966","14600469","15901797","24839217"
"20252","11","서울시","CS300017","시계및귀금속","262213980527","571860","201391076866","60822903661","44547439417","42064854627","42013687400","35805207104","36959888318","39477390901","21345512760","381191260","13924303405","76052927360","110756313128","60143410323","955835051","130182365491","111077591137","111236557","16321819083","45184126655","51573148383","61222352605","66850769928","454371","117489","94702","84936","95835","92360","86538","73385","44104","381","36205","179104","222899","129369","3902","226465","283218","2109","61552","118015","102136","100398","125556"
"20252","11","서울시","CS300016","안경","131179093275","1325339","92297397370","38881695905","18357287805","18823394262","18262980740","18083987707","18769746857","23027729149","15853966757","788690","6525060510","33454198890","43019426009","46177948749","2001670426","58535352273","71175352613","810930985","16656559752","24546009975","28464151971","32256001331","26976894171","962726","362613","190088","191776","194727","189654","196480","209798","152815","282","66596","312778","397694","515663","32326","472983","846644","26530","328054","282880","238637","252487","191054"
"20252","11","서울시","CS300015","가방","54418159715","1444975","38002144881","16416014834","7328245271","7407577380","7880282177","7481763715","7904276338","8059353364","8356661470","3051486","2126330965","14866378707","17792974117","17939921473","1689502967","19440361126","33488259614","279846012","5782991114","13115523639","11262315957","10918318268","11569625751","929886","515089","179742","179111","166182","191964","212887","276009","239080","421","61437","342294","466436","510001","64386","495421","937018","15244","243520","339269","273386","255063","305960"
"20252","11","서울시","CS300014","신발","107689170176","1192144","75766816032","31922354144","13479325358","15963445642","14645383569","16745116678","14933544785","16728572718","15193781426","628839041","6170627224","41515014070","33934489114","24125968984","1314231743","51500365986","49595459339","310419074","8747430679","18064243506","16862528150","25967654966","31143548954","798134","394010","153324","165281","155393","162197","161939","210492","183518","2694","72735","353025","424745","315841","23104","482223","673986","9337","131391","184269","170330","230205","430673"
"20252","11","서울시","CS300011","일반의류","1790262029602","26723276","1143065908475","647196121127","201915315810","232210791340","222746624073","236490041359","249703135895","339356273253","307839847874","6082061565","45192496505","461175397832","676395788188","556925586541","44490698970","649962503772","1092713883967","6450070899","169855866438","341111959531","349824306952","404687581531","470749566317","16834134","9889141","3054010","3384659","3297393","3421182","3676890","5114390","4774751","60571","717432","6943639","9512706","8674355","814571","8905221","17699634","202109","3699877","5379765","5373032","5531426","6418690"
"20252","11","서울시","CS300010","반찬가게","835697946289","33710809","699438624944","136259321344","149204402648","123550352472","143224544401","142910914731","140548410692","98107653874","38151667471","130090206663","202303065484","200683860774","167319605349","91251636445","44049571573","365333788373","347444580330","1096936469","30736881086","88246211549","175358028644","164187165543","253153145408","27473851","6236957","5438273","5295704","5662870","5631737","5445268","3778561","2458394","1533045","7241405","10705396","6935270","5929371","1366322","15848505","15535297","259294","3893185","7062977","6288127","6451700","7428498"
"20252","11","서울시","CS300009","청과상","1088391235434","44244362","804604898678","283786336755","149030590718","165245564124","168919881264","157810967620","163597894952","175604832911","108181503844","42219930991","287465823594","283370596806","313390527790","152947117522","8997238729","450030151632","571482523623","216126715","20679155353","86723039156","143052171401","220167697938","550674484682","30758774","13485587","5834063","6187071","6001727","6277867","6458045","7730177","5755410","301499","7536007","12757998","14632019","8656652","360187","18542982","24806822","21333","1002480","3315699","6034301","10048309","22927715"
"20252","11","서울시","CS300008","수산물판매","971584288161","14925087","612680742192","358903545969","109248422884","123360710285","105839588921","116927696264","157304323838","219051568945","139851977024","40945864267","176004768421","201533446797","228009780488","298850141516","26240286672","485133551805","351379941258","208745443","39576814309","136769332867","149442136200","175796692066","334719772190","9376602","5548485","1733479","1812441","1733883","1844239","2252560","3362626","2185859","334593","2316911","3644618","4297809","4043008","288148","7259613","6813139","5799","581156","1843798","2253434","2978182","6410395"
"20252","11","서울시","CS300007","육류판매","711699209153","15224433","542351461425","169347747730","99452990281","93378124900","110470932198","109625719847","129423694198","110141166545","59206581185","9477960001","158363322701","184974699473","192345643240","153684950762","12852632978","303397724923","375499085178","249841528","14145782957","64875668548","114212979218","166321529036","319092095521","10733849","4490585","2044414","2041512","2057365","2164212","2426346","2641495","1849091","105176","2084254","3387473","4513458","4930564","203507","6380977","8569822","13784","482550","1571986","2393042","3728915","6760655"
"20252","11","서울시","CS300006","미곡판매","120146259443","2710811","98230190490","21916068953","19516636729","22300047475","23259900332","16621317045","16532288909","18149494800","3766574153","11538728913","40824057438","29388005627","27381860352","9877479030","1136128083","41880312182","68671074408","19745729","811573482","6882007488","13373280428","17488622876","71976156592","2129038","581773","436446","430084","429054","424116","409338","423729","158044","89823","637492","763185","804390","393900","22021","1094863","1516925","1692","40963","136961","278164","528344","1625648"
"20252","11","서울시","CS300004","핸드폰","98172449676","2600430","78978116765","19194332911","23939129821","11055730126","13884533768","15621557841","14477165209","13149559072","6044773839","1205845083","5511427428","19997060661","29108861395","35583215678","6766039431","57024893351","34440103307","246992435","7788691142","10758482786","28903857455","16135616711","27631356133","2006311","594119","399827","368387","434857","417636","385604","342154","251965","27665","232425","595925","788901","776712","178802","1314959","1219017","74496","321190","449665","582679","561077","544857"
"20252","11","서울시","CS300003","컴퓨터및주변장치판매","623900929857","5626954","568410687118","55490242739","122381183740","93093409034","131352563561","119027529222","102556001561","38285175569","17205067170","2215571217","109686329906","183843378960","215013809184","106475473060","6666367530","231505254453","118871693511","849199476","23678079469","62683831090","94185542988","92706167140","76274127809","4339773","1287181","916494","817117","855867","839891","910404","720546","566635","56469","985552","1678095","1724692","945304","236842","2613939","2462258","141529","1388509","1166810","1038066","782900","558370"
"20252","11","서울시","CS300002","편의점","1067633981692","155214104","784608391686","283025590006","152446457523","151871167679","157611172921","157458333983","165221259579","148271067751","134754522255","93021327602","166798027717","162912338271","168290776630","297121294896","179490216577","629588713406","411932881335","14593849027","199285838322","295856058766","225252237311","194762939317","111770671937","116098524","39115579","22682266","22649419","23663856","23528351","23574633","20279822","18835756","12619895","29626975","25482960","24459565","39347358","23677353","93960444","59230547","3353909","32938777","43817716","30898017","26807522","15375063"
"20252","11","서울시","CS300001","슈퍼마켓","1149123534308","105721082","832940698107","316182836202","166168676104","161492417828","166395657333","163284891601","175599055242","171595264636","144587571566","35832215135","159700846050","210221336374","252827333450","368391989989","122149813307","574102582446","519969050295","6186782051","89797457206","189557825517","223537031739","268382156170","316610435100","77845964","27875118","15465983","15340316","15591017","15611014","15837636","14659823","13215295","4021999","16473862","18529883","20262915","33561016","12871406","57788628","46432665","1672187","13506302","22690654","20925716","22720851","22705567"
"20252","11","서울시","CS200037","노래방","114606806367","4643563","75696620381","38910185986","11852434445","14378513829","14464124594","16296341876","18705205637","22798691354","16111494632","45332100701","1695220341","1265353568","3320804999","18893131031","44100195727","84673455767","20591615209","1282192119","11932917021","19250791573","20480540519","31260506797","21056627464","2976064","1667499","530801","552240","544559","590451","758013","941180","726319","759388","45061","237567","527729","1471224","1602594","2787680","1805211","281071","1849665","1325140","469820","444420","222773"
"20252","11","서울시","CS200036","고시원","506017013","1126","343062670","162954343","23005944","19171620","125647257","175237849","0","4715331","158239012","0","141472832","159883457","28118376","176542348","0","456289315","49727698","0","16752511","0","166488840","226278506","96497156","893","233","255","192","95","351","0","10","223","0","228","452","256","190","0","737","389","0","133","0","224","258","511"
"20252","11","서울시","CS200034","여관","59612208789","1119488","40558186445","19054022344","8124684583","6998564576","7688190798","8774806463","8971940025","9349386354","9704635990","17094514758","5187602490","4381333082","7433402152","15861338318","9654017989","32725598533","10861715015","453747915","7605993768","10136167483","8826597335","9056925780","7507881289","719178","400310","136957","137581","142200","144023","158417","206458","193852","220651","58996","111705","172587","320960","234589","767611","286246","14469","314567","303421","160510","154617","106247"
"20252","11","서울시","CS200033","부동산중개업","6512625668","455819","5522120069","990505599","1207570943","1184959863","1030545456","1181364165","917679642","605079967","385425632","121311647","910875816","2147949633","1580043634","1404508926","347936012","3512644235","2514050202","7912129","291305535","1891054561","1563490282","900635193","1372296739","350287","105532","62364","56270","75743","75728","80182","58367","47165","8289","68053","117393","121537","109872","30675","259269","144988","385","34771","126191","99643","69568","73702"
"20252","11","서울시","CS200032","가전제품수리","10854281274","112277","9610926135","1243355139","2288542485","1401824844","2262923758","2104263498","1553371550","988177412","255177727","5335895","1713562229","3286457386","3904171816","1827646197","117107751","5083888380","4356977970","20898677","303264941","1079288090","1883389713","2144619699","4009405228","97211","15066","22397","16689","21205","19337","17583","12073","2993","550","20593","33347","37728","17788","2271","62249","40900","686","4469","17498","17875","23664","38956"
"20252","11","서울시","CS200031","세탁소","53353711223","2486874","41869795471","11483915752","8522307809","7920734703","10117038930","7720544066","7589169960","9690863891","1793051861","546430713","8654515837","12707881295","14644260689","15295682349","1504940340","22265996175","25257023418","65403100","4066546269","9716550473","10748771807","13409969786","9515205180","1833887","652987","387369","347779","427387","337329","334024","443824","209163","78950","361110","508076","614620","744236","179882","1182287","1247208","10392","376479","593284","483238","572236","393835"
"20252","11","서울시","CS200030","피부관리실","57954858523","292019","45407677188","12547181335","8453300126","8739086713","8824190374","9012862036","10378237939","9025956952","3521224383","593218141","2863365794","13159949346","17209108368","20752474923","3376741950","13797759838","42143648475","106002042","9138203530","16915760101","11098022446","10248866238","8433294816","219781","72239","40296","42284","43186","45396","48621","50025","22213","4928","13698","71146","84374","102864","15009","72022","214449","1736","67624","95842","48783","40664","31804"
"20252","11","서울시","CS200029","네일숍","16253250191","199667","12285056917","3968193274","2163778840","2423959244","2322635019","2595873821","2778809993","2689286448","1278906826","31444548","304780248","4212787967","4873555156","6202672302","628009970","2833126665","13251376075","50651422","2498710184","4118709525","4030421987","3029360788","2356616221","151693","47974","27889","29220","29572","31827","33185","32952","15022","1433","3956","51024","59269","76493","7492","31004","167326","1313","40513","56412","42791","33601","23712"
"20252","11","서울시","CS200028","미용실","266578263554","5371665","171226060797","95352202757","25505977774","29887511856","34498222016","36923213495","44411135656","59268836146","36083366610","523693134","9818882937","70030646752","90499933626","91144175512","4560931594","109164015555","152000857402","1681794447","30714041732","54905643540","59079137681","63889215890","50894987933","3524528","1847137","592530","621980","708896","740839","860283","1109718","737419","2591","293344","1463840","1726439","1840522","44930","2965573","2381600","43531","582452","1065209","1151304","1351868","1152840"
"20252","11","서울시","CS200026","자동차미용","13548281049","177170","10912273424","2636007625","1753742621","2370563416","2256264464","2376650487","2155052436","1564851301","1071156324","4296197","2614131042","3848726931","4814452041","2180663679","86011159","6369179250","2578212681","73047","241751088","1883056153","2549218865","2279246085","1994000961","136914","40256","25644","31052","27432","26531","26255","19727","20529","322","38101","50917","61260","24097","2473","88336","37364","58","4860","26507","34031","32481","27762"
"20252","11","서울시","CS200025","자동차수리","285272992302","1404069","248284093234","36988899068","48878909359","46694356627","52968523668","49558485639","50183817941","34833842369","2155056699","74515741","49651727423","79503699373","98702393462","56694516668","646139635","181320229904","64065761979","46297591","5967647953","39204582023","56269672075","69715945384","74185105397","1204012","200057","254837","220693","248439","237355","242688","182280","17777","1085","301678","402495","474302","218669","5840","917822","315890","229","36871","208711","282309","331842","373822"
"20252","11","서울시","CS200024","스포츠클럽","90567805681","460039","78477985966","12089819715","18598243357","14298277746","16470949937","15030630393","14079884533","7518889559","4570930156","864571317","10106649559","15291869429","17934968537","35127747984","11241998855","41495529593","43316594305","356053002","14531015322","24341884732","15753391014","17513067866","12316711951","336116","123923","78035","64970","65296","63844","63971","69526","54397","26899","57098","74153","88782","149440","63666","256428","192595","7050","99519","125384","73594","85719","57753"
"20252","11","서울시","CS200019","PC방","76718214111","13536057","49358842573","27359371538","9635246479","9269629720","9039210099","9976931556","11437824719","14282933327","13076438211","10999653805","5182173049","9470996537","13439710350","22820174228","14805506142","60749721145","15884639120","3923712168","30979595700","24560183980","8190985189","7010287161","1969596060","8755069","4780988","1703718","1644007","1610257","1774366","2022721","2491566","2289422","1844394","803461","1614983","2537264","4098691","2637264","10514085","3015080","938227","5739542","3899807","1448024","1188363","315197"
"20252","11","서울시","CS200017","골프연습장","65460013330","1344963","44292819183","21167194147","8768461589","9143027609","8614056400","8187382013","9579891572","11078670773","10088523374","2042423615","7310226506","10297232267","12983073633","22013433941","10813623368","43847776538","13723597922","21508329","1825579497","8385983877","16784150784","19366668181","11187483827","848946","496017","158812","172368","166395","166395","184976","251432","244585","43282","129630","266053","274411","411574","220013","1002651","241912","785","37045","171707","330227","436601","268195"
"20252","11","서울시","CS200016","당구장","35446233262","1788083","24321506647","11124726615","4635394221","4758906674","4782557232","4950834046","5193814474","6471846833","4652879782","2331692460","1599730198","2819335996","6036184659","14453821605","8205468344","26991627430","7061707584","384788312","3333458137","4922431643","6042799002","9501985622","9867810355","1176342","611741","215172","228938","227167","232999","272066","344743","266998","132313","18095","101047","309422","741350","485856","1512059","245307","37791","206438","199090","260242","497395","556409"
"20252","11","서울시","CS200008","한의원","245379748551","7035341","198885439143","46494309408","45931879253","39751277800","38118824085","34239602966","40843855039","41177697949","5316611459","31924790","33748736737","86679121321","69747896556","54514003427","658065720","89753486776","153936242336","190366386","12326957953","39867343488","52762967330","59346976435","79197487654","5940032","1095308","1336544","1099643","1197380","1071609","1234856","940002","155306","114","1282760","2268305","1986991","1487576","9596","3067418","3951780","9494","260537","818292","1062578","1448073","3420297"
"20252","11","서울시","CS200007","치과의원","642208488767","4338069","556378789572","85829699195","118391681398","119119489546","113601152588","89838571299","115427894742","80883210002","4946489193","0","87328207927","222917267159","202558266100","128338884801","1065862780","316989331680","322620169582","978706368","37806973654","83801831037","129739065298","161806286665","225477037645","3719710","618359","826798","762762","755546","601528","773076","592487","25872","0","821899","1304168","1444918","764368","2716","2135034","2195951","10065","312600","673730","940193","984797","1409631"
"20252","11","서울시","CS200006","일반의원","1875310398880","43854625","1568967763851","306342635029","349537613136","299940709762","282985386816","295991143443","340512910693","288694283049","17648351980","377949506","421112415717","587746969106","550189466778","312666904838","3216692934","721928470379","1148201812381","3334978917","177313630010","404691102538","429412034118","413623596186","441754897667","37561212","6293414","8864974","6869093","7013326","7096626","7717194","5872992","420422","1056","11976042","11723419","13620868","6488741","44499","20011790","23823460","215168","3028157","7391972","9339564","9225557","14634813"
"20252","11","서울시","CS200005","스포츠 강습","121876417910","516211","110574481295","11301936615","25207114239","20946255934","23018457957","21724039060","19678614106","7944096252","3357840363","275021899","11487012856","20396272132","25779494886","51616984031","12321632107","43516092896","73657439106","222838869","10843787131","28773390770","48670778532","20175222229","8486069479","431525","84688","95417","81527","89962","84259","80361","50033","34655","7099","47302","76282","123438","205908","56184","224251","278256","7152","61549","113791","217710","71168","31136"
"20252","11","서울시","CS200003","예술학원","140641559320","622637","117306654996","23334904324","23166657705","22527478037","25947168122","24222618108","21442733025","16930511626","6404392697","821133577","10158743984","23014111657","46086379133","51135523681","9425667289","56571904117","81865240253","483169527","5813014683","19261704486","77906147675","28696708211","6277120434","538615","84022","110908","102835","118913","110127","95831","61928","22095","2760","48066","109116","224817","208742","29136","243858","374239","2205","30348","105459","369663","84857","25564"
"20252","11","서울시","CS200002","외국어학원","85754866422","222111","78490292923","7264573499","17463173357","16457034841","15708905449","13673992226","15187187048","4246492509","3018080990","1028409316","16165640206","14206952213","26796878401","22324154982","5232831305","35827758791","49029340214","53584778","1872964011","10888127317","54432704316","13356103268","4253615308","197713","24398","44515","41150","39619","35738","36689","15440","8958","3083","33838","34358","68115","67859","14855","85379","134318","460","8252","26277","142932","33578","8195"
"20252","11","서울시","CS200001","일반교습학원","917719180960","2931837","734026722345","183692458615","153662981061","150624282105","150292748063","139635386206","139811324909","110060348614","73632110001","10485653780","109464989371","125244063829","252869540100","329941888096","89713045783","384725792794","525967510742","1353866134","4776764966","36902341567","560955730676","282189699907","24514874977","2335849","595987","487452","478702","474110","456955","438631","358043","237943","34113","398894","425974","797213","1011199","264442","1190014","1727181","30112","40437","153002","1796865","828158","68645"
"20252","11","서울시","CS100010","커피-음료","753618501247","99206265","561020791906","192597709341","103627669338","109356091096","115689581433","115693566106","116653883936","101611723656","90985985686","4901247028","115532134184","269139772165","184698184241","147895417636","31451745993","295656812313","365389163491","9001165839","143537666492","192563355803","137307761279","111481057057","67155151804","75888769","23317496","14465597","14893791","15830219","15612936","15086225","12202054","11115442","379048","22454091","33445930","22996286","17082825","2848083","43516834","49611268","1498671","21127998","27744970","19080502","15429316","8246637"
"20252","11","서울시","CS100009","호프-간이주점","788647006661","18058020","548446113204","240200893457","91716273728","101554888581","106904970067","113656040851","134613939976","143082516864","97118376593","181462527772","10277537433","56622896395","30646871208","189197605937","320439567915","444986540979","245068152216","6445870147","148041596928","203941741845","129273675276","123297322393","79054946211","12678557","5379464","2242835","2356976","2510255","2575556","2992935","3081856","2297608","2855783","610202","2961689","1488247","4602241","5539859","9482067","7348844","208138","4133591","5073061","2954461","2697797","1763813"
"20252","11","서울시","CS100008","분식전문점","312945229714","27271567","233527279600","79417950115","42915717487","45341609417","47637759180","47902027722","49730165793","45408650767","34009299347","6533573495","29993377337","106908031763","52093124398","95492275946","21924846774","137944664632","139957857427","3601873163","40475162076","64429224489","67713828532","61743643805","39938790046","20740973","6530595","3882230","4068085","4283654","4279365","4227641","3684169","2846426","427977","3049162","8964957","4912384","8299478","1617609","12301962","13593313","405507","3958686","6071943","6171813","5598343","3689091"
"20252","11","서울시","CS100007","치킨전문점","118759050269","3603051","86934165963","31824884306","14644340142","16201070073","17194516544","18169870111","20724369094","18120780161","13704104145","8490754233","565155884","4682804105","7539441690","50774461793","46706432564","66006190480","38230437412","704848852","13016495721","23423789081","24015976817","25530059157","17545526583","2578421","1024630","425782","490559","506877","530245","624956","568333","456298","185080","21017","242567","323149","1688980","1142257","2047298","1334776","34197","440501","719630","741660","824722","621341"
"20252","11","서울시","CS100006","패스트푸드점","178319606913","14316433","125080174484","53239432429","22945188569","24243160032","24808977225","25830004732","27252843927","27410005681","25829426747","4076918698","11938046636","54548515349","31497144529","61827528274","14431453429","84660135276","72865444793","2768081663","30615004294","44127524938","35001113927","28848675987","16165179261","10305257","4011176","1939829","2016509","2094324","2111440","2143156","2075338","1935837","472910","1230099","4131790","2554564","4577868","1349203","7258075","6404910","301714","2988401","3976337","2864006","2285348","1247199"
"20252","11","서울시","CS100005","제과점","270054658434","25374017","196162614066","73892044368","36069306499","38028834927","40396521888","39765364564","41902586190","40321526052","33570518315","320223854","49112498204","70249386497","63764097409","72610502973","13997949496","95609606796","146053506265","1600586100","28648546424","52126069259","56744404811","53945201735","48598697865","18721841","6652178","3559350","3719040","3870874","3774267","3798310","3592090","3060088","31963","5036944","6027239","5694985","7085633","1497255","9473857","14805569","237318","3359421","5414744","5383667","5158999","4725258"
"20252","11","서울시","CS100004","양식음식점","334296848378","7842415","225413872824","108882975554","36654631431","42767124348","45930563740","47171900218","52889653086","60489442491","48393533063","17002508520","3311337185","100092063558","45601213290","118295011663","49994714162","137277323559","129989122003","2485739625","55535537191","87660386650","56328629685","40901082046","24355070371","5515041","2327374","941222","1072874","1137788","1136316","1226841","1234874","1092500","268529","165326","3040801","1203162","2580768","583829","3288121","3770286","110230","1751791","2211738","1433699","1041784","509202"
"20252","11","서울시","CS100003","일식음식점","262843337918","6437629","202464435767","60378902148","35464437978","38646075308","42162703940","42548979156","43642239387","36047856106","24331046042","8117786377","741753849","87083170738","20824286814","98011215767","48065124372","114074384197","83575244540","2079962157","40574508389","60574650007","39315317980","31973599603","23131519330","5057590","1380040","927252","981956","1061067","1046778","1040536","775815","604225","114537","34798","3017426","681137","2110151","479582","2894971","2725936","113445","1376680","1667337","1055117","885830","522530"
"20252","11","서울시","CS100002","중식음식점","277238415368","8332797","201915827764","75322587604","35183248324","38061085201","40828645004","42582819207","45260030028","40642855001","34679732603","5673573739","2632729411","103711748597","31817441848","104447189569","28955732204","131477767866","83539099708","1799015894","31898703732","54733135114","47177901290","44666817109","34741189138","6280669","2052128","1117910","1213636","1291654","1311615","1345854","1089294","962834","129308","109619","3903833","1169288","2606841","413908","4443861","2948984","114931","1244049","1762081","1569343","1539865","1162696"
"20252","11","서울시","CS100001","한식음식점","4026454026718","104713722","2954705358004","1071748668714","534518141022","564764876680","594699438372","607305415919","653417486011","607249545540","464499123174","135699791250","83665023046","1161069469583","378806790739","1637961385827","629251566274","1970845166158","1242163422707","14267097611","402022316344","756553819626","644195066681","696472028377","699498157391","80382844","24330878","15346457","15553783","16406852","16337090","16738663","13453558","10877319","2780183","3548179","43830927","12041908","32977667","9534857","55402801","37742557","691581","12494747","20959048","18075041","20380505","20544205"
"20251","11","서울시","CS300043","전자상거래업","40799000710","701890","28350920469","12448080241","4418090124","4772991379","6567545207","5680907506","6911386253","8291238422","4156841819","242227038","2090614157","10576810376","12257109874","13545329957","2086909308","18311269978","18745241545","242164544","5787927136","12406151433","7942336309","8316397874","2361534230","420547","281343","65959","78377","78936","90389","106886","173198","108145","3050","17412","195401","258821","205109","22097","286503","384809","15064","218828","196401","112390","89395","39228"
"20251","11","서울시","CS300036","조명용품","385886556377","3511553","353239220324","32647336053","77439650435","75398204077","53129769769","75011659580","72259936463","24437067770","8210268283","267587877","105890232082","107347636168","142356640615","29582400058","442059577","214751195042","75892701506","18822158","2873845709","24143736729","64648434495","110188975665","88787700207","2966873","544680","640652","564527","551651","590154","619889","421162","123518","42326","837957","1013676","1137264","417610","62720","1980508","782129","9147","134038","348261","427878","745120","1098891"
"20251","11","서울시","CS300035","인테리어","42449075451","760619","36034335558","6414739893","7805004269","7427267122","6403348338","5988574535","8410141294","5404271824","1010468069","94914239","11865614735","11853519751","13530739823","4440461920","663824983","20242704604","13299835636","71280190","552202034","3693674064","5947545475","9017626538","14259303073","613027","147592","135446","111879","113621","115945","136136","117393","30199","1069","179031","240629","230295","108192","1403","384724","262178","5895","21287","81537","98546","158581","281011"
"20251","11","서울시","CS300033","철물점","55693003237","1135940","47625610473","8067392764","10174299694","9311975770","8627663037","10200899693","9310772279","7117703808","949688956","51612220","14289081350","17242500297","17343374836","6712043867","54390667","26889455978","16847436578","9343641","850541557","4748425200","7606915586","11030016853","19491649746","944125","191815","201433","173252","170830","194046","204564","152305","39510","572","314305","342320","338312","139547","884","609116","256013","1028","33688","123857","141267","230562","334697"
"20251","11","서울시","CS300032","가전제품","263789337070","565021","151334351303","112454985767","37556149289","26964954367","25964986088","30129462406","30718799153","58367490033","54087495734","2093","13602872399","65522820744","100077078737","83928732649","657830448","146295478135","109965243300","50114222","14224000190","65629963592","58088034495","60424755788","57843829641","332435","232586","74759","61354","57981","67639","70702","118584","114002","21","33743","142872","206031","177054","5300","333827","216181","1024","35361","127645","119387","126071","140533"
"20251","11","서울시","CS300031","가구","133166776728","401158","79700571770","53466204958","16289885034","14350021639","14800987501","15118864401","19140813195","27411877889","26054327069","3570490","6093140848","34850159361","66014939975","25874722008","330244046","60297585278","62494049158","29329507","4526283543","22032512632","28422726081","28265510606","39524332948","269377","131781","52044","50058","43868","58456","64951","73761","58020","34","38324","112318","163950","82511","4021","143882","225110","492","30944","92178","79645","76513","89240"
"20251","11","서울시","CS300029","애완동물","11903169755","280365","7593872948","4309296807","1740330353","1280333250","1313507946","1419268762","1840432637","2438400147","1870896660","39160637","635537692","2723106520","3802306516","4127264726","575793664","4685604601","6735275061","70771178","1362143667","2190444867","2441876855","2908756374","2446905529","190636","89729","43044","33618","33018","37283","43673","51147","38582","1540","15574","68440","92856","91413","10542","108065","168611","877","26509","45139","43464","75782","84897"
"20251","11","서울시","CS300028","화초","70347703247","1461287","55820752559","14526950688","10635486328","9608411733","10178171042","11482061768","13916621688","9123766088","5403184600","488842126","13899517280","19439309857","20270558915","14501612315","1747862754","23952583111","27752090630","154566069","4637861744","9777974485","11482650163","12944074366","12707546943","1099615","361672","200101","181573","197684","222770","297487","230701","130971","6377","206287","423147","424137","370603","30736","549618","730365","8243","191685","303871","272422","260257","243497"
"20251","11","서울시","CS300027","섬유제품","24533139900","268073","19237976466","5295163434","4008713615","3028506061","3098604211","4145345300","4956807279","3747365049","1547798385","0","2488049213","6146941352","9759842355","6104898898","33408082","9572632259","12869963506","4802073","728722489","1724852813","4486359247","4691005106","10806854045","212355","55718","45306","37602","40582","45375","43490","39467","16251","0","36266","83768","102870","44694","475","95507","153707","121","7847","16218","26879","68296","129866"
"20251","11","서울시","CS300026","완구","27028233424","2125241","16433396049","10594837375","3314245252","2580605246","2827664868","3562919034","4147961649","7040405206","3554432169","27128265","1278251922","5515993082","9750819396","9816424603","639616156","14894159648","11488247163","368344989","5494630521","8503081104","7479001020","1942673682","2594675494","1189934","935307","225358","190989","181104","256744","335739","548946","386361","79","64432","398890","747377","891247","23216","792193","1330536","49837","740547","737218","430081","102378","62670"
"20251","11","서울시","CS300025","자전거 및 기타운송장비","23649903790","156103","13573689653","10076214137","3314983849","2311454788","1742518453","2259350240","3945382323","6702633472","3373580665","0","949731960","5333129884","10332313623","6708499519","326228804","17736597528","4101635717","67730088","755927796","2866105750","8803696298","5627584931","3723286372","96564","59539","19296","16340","18281","18235","24412","37154","22385","0","13871","46339","59823","35675","395","110079","37810","1858","6734","20485","41331","34260","43472"
"20251","11","서울시","CS300024","운동/경기용품","196403306321","1423960","129836990948","66566315373","25430555889","18792292426","24218124771","31146409038","30249608824","37973623556","28592691817","541431725","9941931906","53377060561","75877038132","52543847365","4121996632","116466347853","63693526098","950173675","14466784653","37738971008","53495455431","42653448450","30860549346","861332","562628","163086","140099","164068","186955","207124","317908","244720","21063","104653","361308","487246","388900","60790","887967","500045","25218","193148","275030","343294","296827","254550"
"20251","11","서울시","CS300022","화장품","340181681875","3778648","275450017292","64731664583","51874304216","48331413104","50384410497","53577704781","71282184694","41359365594","23372298989","2532397655","32225859394","90624883543","112718138595","87755265969","14325136719","113966310526","210618792709","1144725574","32021714974","71684143968","74060907014","77281219348","68392742958","2620797","1157851","511414","448055","487853","539784","633691","679022","478829","49237","390516","975435","1201795","991030","170635","1256069","2449216","39869","631216","763403","594951","684559","991303"
"20251","11","서울시","CS300021","문구","255339167977","9044510","231896395947","23442772030","46649118841","42079809863","49099239390","46458690676","47609537177","15706827780","7735944250","110795606","38239291568","77479581876","107348592984","30393290596","1767615347","84960026470","52820962159","1147429517","8448874964","15892036702","29573855220","36527220236","46191572001","7321708","1722802","1479781","1397482","1426162","1480869","1537414","1091363","631439","9862","1055882","2725366","3228579","1892142","132679","3490126","3901832","175219","985293","1459850","2193798","1389398","1188396"
"20251","11","서울시","CS300020","서적","92277118302","1902358","75709211103","16567907199","15064506848","17080002556","13115655589","15474740793","14974305317","8460467548","8107439651","61260742","8939130942","24135927460","39892452587","17571652435","1676694136","34921416488","45311441682","1341011955","7025784075","10407625179","25997967444","19267760735","16192786885","1281710","620648","244857","246869","253614","269755","266615","274416","346232","826","166021","498700","660894","521822","54095","762845","1090381","64670","244485","262723","573622","469274","238460"
"20251","11","서울시","CS300019","의료기기","242320879011","532830","229657538412","12663340599","39211252214","38998331632","41059033091","42163300638","68225620837","11280400169","1382940430","78090012","35213592965","101485570121","85442034583","20076056741","25534589","161125803110","63248483050","3919782","2464014414","16499966033","62284403739","65852692910","77269289281","466416","66414","95080","87380","80879","94128","108949","52075","14339","52","89516","198601","194428","50101","132","292889","228672","45","11069","45393","79174","113008","272874"
"20251","11","서울시","CS300018","의약품","1712116120217","75108776","1522743308574","189372811643","293517406643","319657261181","290772804587","267740934961","351054901202","160918914899","28453896744","535324001","378430722591","529051268523","545347924112","249604047061","9146833931","888236731841","740618993175","1715478452","65639847599","214948496279","323299794955","376145486138","647106610497","63207836","11900939","14828422","11458226","10449638","12052958","14418593","9754476","2146463","37960","15197500","21185726","22414038","15645432","628120","35472618","39516404","216228","5949680","13249311","14561111","16103857","24908861"
"20251","11","서울시","CS300017","시계및귀금속","316450057097","526964","254211059140","62238997957","55120584082","36649392127","44082710593","64134471297","54223901041","38627618818","23611379139","0","23875608796","83092809845","132289440449","76513244061","678953946","143890518634","123161365567","109624607","16853725472","49497476263","51522927691","73852898682","75215231496","412504","114460","90034","73236","77137","83367","88730","74814","39646","0","31668","156383","213079","121619","4215","209428","254433","2067","45647","114618","94912","95584","111038"
"20251","11","서울시","CS300016","안경","122288118248","1220297","83322700767","38965417481","17593770162","15199433821","15123367464","16881428579","18524700741","24084381288","14881036193","1331854","4935668355","31907933540","41759127779","42345552761","1338503959","54619511543","66362605225","704124361","15779407316","23642335008","27277490455","31066387513","22512532808","864805","355492","180512","155322","154717","174569","199685","217237","138255","104","55854","286830","381000","470124","26385","438368","776500","21613","302628","263736","222936","241153","162817"
"20251","11","서울시","CS300015","가방","45011045229","1298640","28860263273","16150781956","7046318955","5009444121","5471372727","5407085639","5926041831","9819561455","6331220501","10588687","1259842331","10388627665","16870781704","14589302114","1891902728","14112814517","29815291589","202045942","5511592610","11608693224","9846866114","8688705816","8070202397","784849","513791","147149","128562","157743","153257","198138","292887","220904","792","48064","272951","441594","464805","70434","428484","857373","12531","231091","353500","261076","204198","223470"
"20251","11","서울시","CS300014","신발","84353917225","904708","60532378152","23821539073","11448376507","12154228371","11094178738","12779146758","13056447778","13662479442","10159059631","15577378","6721982443","27446240624","28509058070","20652889125","1008169585","40923101071","40559653292","252265114","8488446360","14991161352","17607201527","20023540841","20120139174","587870","316838","121317","101638","111845","117040","136030","179221","137617","301","46420","240510","336512","257723","23242","391796","492157","8853","130298","149237","148264","166849","280451"
"20251","11","서울시","CS300011","일반의류","1584397388235","22950409","953924160018","630473228216","175586986897","164264960850","193564012467","199635722713","220872477092","345154374931","285318853286","4137069774","37413755860","388737374425","624070018873","490483592483","39555576820","594765211032","953546034675","5354879213","145856447120","320894199763","333697136025","363470269658","379032161577","14012280","8938129","2704372","2429634","2867181","2844833","3166259","4824958","4113171","48685","533524","5752112","8298418","7604332","713338","7856448","14984902","183868","3580626","5005452","4702246","4667586","4701425"
"20251","11","서울시","CS300010","반찬가게","836510610742","31506625","680365433561","156145177182","148168329470","138189771881","107154253331","132130783649","154722295230","116724797169","39420380013","121980035773","192120997353","211569956281","184789994817","83790213988","42259412531","362354024678","350158891125","542397418","26831154512","80828466708","160025411298","181140625255","263144364712","25378820","6127804","5318230","4954850","4676584","5053307","5375849","3796209","2331595","1342138","6295588","10161834","6993063","5592664","1121339","14795968","14601388","139719","3270562","6840391","5886591","6196995","7063066"
"20251","11","서울시","CS300009","청과상","1265035128656","41864452","911155226795","353879901861","196167946505","178006770698","160152031741","171221606386","205606871466","225789040731","128090861130","53475238706","301801140978","354964962178","376008318505","163224638263","15560830026","541262107134","620432617902","192347554","21853841931","102810537896","171850162979","268171558068","596816276606","27602891","14261562","6201115","5153618","4895554","5323799","6028804","8540607","5720955","220048","5674516","12367565","15621266","7661053","320004","17742932","23282900","14112","891006","3091396","6101681","9673858","21253826"
"20251","11","서울시","CS300008","수산물판매","1211209436864","18177552","728834885446","482374551418","141882727000","134260645091","146844022643","129361135196","176486355516","298524702027","183849849391","34978465104","207470280602","270422076887","312765858280","355059085819","30513670172","620898589041","447611043093","360619680","56670504668","187776247709","179892427018","239957664311","403852168743","10897391","7280161","2232691","2018992","2108721","1984282","2552705","4468582","2811579","330735","2521469","4648468","5708353","4674256","294271","8964945","8306781","7827","764519","2381520","2639406","3804125","7674338"
"20251","11","서울시","CS300007","육류판매","806134003594","15660837","597806101846","208327901748","128852366729","109438177668","109150404786","116621427736","133743724927","126535735916","81792165832","10865634647","151068275386","222073434696","245911572792","164443246317","11771839756","333386655394","418470371094","171957724","13620105470","64713151075","116422168419","180831726014","376096180691","10814981","4845856","2403925","2020819","1941144","2032428","2416665","2820085","2025771","97403","1953626","3863942","5033908","4523603","188355","6542286","8811848","9038","422372","1510355","2397839","3898984","7115432"
"20251","11","서울시","CS300006","미곡판매","128482895960","2694833","107349292608","21133603352","26609262123","23018634369","19159467707","20503564964","18058363445","17296481272","3837122080","10814326839","45044742035","28251829598","31306176637","12228081551","837739300","41689245635","71084095294","11676464","910544548","7353147371","14006677457","17859522115","72631772974","2064556","630277","496682","398562","349435","393896","425981","457378","172899","80427","558098","797110","900019","340158","19021","1064254","1542524","1186","36532","147412","281084","520429","1620131"
"20251","11","서울시","CS300004","핸드폰","77854963715","2026031","58843733525","19011230190","10725837305","8839825244","13648396350","10180112634","15449561992","14433409503","4577820687","1309879678","5011099915","17781584861","22181929724","27038973297","4531496240","42641275091","25410522924","632955348","6201921157","10845608828","22375691002","15215157449","12780464223","1493258","532773","302789","254377","300360","295671","340061","336161","196612","24480","155601","484458","588439","638988","134065","990076","966511","47373","268197","369780","453776","386299","431155"
"20251","11","서울시","CS300003","컴퓨터및주변장치판매","553327977086","6419714","482784955731","70543021355","105319596581","93292647953","88741072905","94737730765","100693907527","52305859441","18237161914","228965666","99578428194","165569932441","212829088138","71386002909","3735559738","258159268353","118567513926","1665775327","31882509724","67646835394","86627248248","123653276220","65258040020","4383898","2035816","954526","789878","809546","844713","985235","1144224","891592","26830","1262686","2018001","1811727","1117483","182987","3441432","2465185","79167","1310256","1538909","1520618","932336","525541"
"20251","11","서울시","CS300002","편의점","962549071234","134410037","702484645760","260064425474","137900006483","127093434154","137417790024","141699013906","158374401194","139937366140","120127059333","83428575836","146183016286","146090508766","151681602245","275845524737","159319843365","570721815643","368732597262","10374196634","171615361142","276007789019","204347310410","176782948101","100326807542","99831349","34578688","19712037","18317769","19646784","20335096","21819664","18530628","16048060","10829983","25551018","22251204","20710475","34955462","20111896","82160212","50510826","2284182","27096105","39765669","26992297","23280125","13252651"
"20251","11","서울시","CS300001","슈퍼마켓","1109457917712","95097111","797871131365","311586786348","167502585126","147525381053","150910313103","154804855374","177127996707","172839490467","138747295882","32179991960","144375986476","210951261592","262248052756","351263333681","108439291247","553913839027","501974517174","3951411618","80442328134","183654753104","216215842515","263013211545","308610809260","69270980","25826131","14199211","12914841","13441423","13815190","14900315","13943300","11882830","3494933","14135699","16723152","19010955","30586461","11145912","52234744","41517045","955168","11476991","21088553","18888755","20601463","20740797"
"20251","11","서울시","CS200037","노래방","109817736379","4264992","70167083133","39650653246","11159675964","12761076143","13565006418","14432234094","18249090514","23382826058","16267827188","41614038457","1779992481","1136346185","3224235619","18816021713","43247101924","81950068954","19404326607","1242018075","11537704348","18919376078","20066289205","30147692673","19442891982","2678993","1585999","492429","454397","518210","522896","691061","910840","675159","684088","41260","201748","495850","1390571","1451475","2562924","1653974","245376","1693098","1224938","432443","413566","207474"
"20251","11","서울시","CS200036","고시원","153603759","468","141995941","11607818","1584308","127752166","1795549","10863918","0","2022008","9585810","0","76774174","0","23829585","53000000","0","86359984","67243775","0","56379857","0","0","97223902","0","335","133","5","197","5","128","0","5","128","0","69","0","266","133","0","197","271","0","143","0","0","325","0"
"20251","11","서울시","CS200034","여관","59671697142","1127450","39046524748","20625172394","8344248134","7046424226","7808329935","7718292460","8129229993","10518409910","10106762484","20220122478","4214712028","4550906787","7556538527","13801163536","9328253786","31425908858","11514227466","456085176","7319593786","11003551369","9774511056","8664812004","5721582954","712099","415351","139365","125760","143187","146943","156844","214237","201114","231431","55322","115995","181468","318687","224547","761088","291164","13098","314275","307602","158799","150509","107952"
"20251","11","서울시","CS200033","부동산중개업","5550464863","451545","4523346531","1027118332","791508338","806228891","1055702371","1036047460","833859471","625478115","401640217","143975779","756460360","1557508714","1393457677","1347215988","351846345","2785586674","1811162143","9037307","362560225","1336536261","1178330905","641955193","1068328929","334715","116830","68310","63893","68569","65396","68547","68284","48546","9456","51981","124431","135614","103284","26779","263480","134515","928","34124","120694","104725","79501","58027"
"20251","11","서울시","CS200032","가전제품수리","6823012986","95712","6054694273","768318713","1596110579","1327449956","1091651879","910298912","1129182947","690412747","77905966","1247863","1066604929","2463030185","2427831364","822182102","42116543","3157210673","2551536898","5054613","260927086","602076467","1075878357","1359141919","2405669116","80746","14966","18944","15850","15778","14357","15817","11433","3533","446","15349","31353","33084","13383","2097","53437","33970","826","3681","13061","16198","20329","33300"
"20251","11","서울시","CS200031","세탁소","40217681685","2091711","30940754820","9276926864","7309307216","5000120528","6068214011","5341222536","7221890529","7785065006","1491861859","387078240","6371066651","9739945587","11606706259","10922107683","1190777265","17428767241","17839120973","56035128","3563205200","7555025275","8612718233","9587880696","5893122551","1499324","592387","345106","253364","307104","277123","316628","415537","176850","60860","276965","450986","551920","606083","144899","1020134","1017688","7862","335389","512202","418584","475045","288744"
"20251","11","서울시","CS200030","피부관리실","55010628601","262172","41398325696","13612302905","8101463899","7174646250","7800852956","7980381001","10340981592","10652763275","2959539631","586840724","2505058926","13441791228","16200272546","18551262284","3725402892","13235871658","39796603181","60025603","8112244318","15968271379","10620409210","10185832991","8087434441","192213","69959","37049","33497","34800","39482","47386","48751","21210","4851","12271","63773","75963","91222","14092","64217","192136","988","59051","88549","42081","37229","28524"
"20251","11","서울시","CS200029","네일숍","13673563413","172285","10124366828","3549196585","1987748069","1811742564","1853903586","2122252437","2348720172","2491116645","1058079940","38472713","236658916","3471342715","4064927487","5247688376","614473206","2308280691","11111582889","52654527","2293802631","3556660802","3201051780","2283856087","2031837759","128744","43541","23632","22354","23466","27029","32263","30340","13201","483","3481","43803","51334","66980","6204","26057","144990","991","38469","51308","33561","27028","19708"
"20251","11","서울시","CS200028","미용실","259403193974","5116891","161939666244","97463527730","28016323204","25556659903","30635542926","34587883262","43143256950","61046757042","36416770687","294588173","8433787903","68475496809","89831721803","88652378719","3715220567","107163724740","146009155922","1371630160","28704639502","52906012314","58751074502","63009432657","48430144661","3267112","1849778","622233","513086","604917","677011","849864","1134221","715557","2643","251171","1395871","1703564","1722635","41006","2835525","2256730","37483","545257","1025620","1107580","1297770","1078595"
"20251","11","서울시","CS200026","자동차미용","14917419229","203514","11079822035","3837597194","2411167736","1706236835","1927543532","2142559897","2892314035","2737471767","1100125427","5611511","2651585415","4063242919","5884912528","2231124343","80942513","7477130674","2785729347","471106","220233344","2593841819","2820117633","2478213703","2149982420","145062","58452","33450","21497","24298","29373","36444","38006","20446","153","35021","63384","79595","23880","1481","102895","43537","28","4923","29448","40165","39450","32435"
"20251","11","서울시","CS200025","자동차수리","267798126803","1357833","227577868139","40220258664","44711520576","40540928437","40159952121","45775086006","56390380999","37745454269","2474804395","16478312","44946066396","73250813627","95857466895","53014507597","712793976","172063940493","58081785025","20220669","5584439578","37549496959","52545268212","65716637472","68728800420","1130633","227200","241846","198730","197982","220462","271613","208918","18282","167","279253","404777","472681","199109","1846","885892","299540","189","35029","203668","267487","318171","360795"
"20251","11","서울시","CS200024","스포츠클럽","104551806834","519386","89152198283","15399608551","21918765498","17713366492","14806053481","16679589554","18034423258","9847979180","5551629371","547838418","11241971585","19210326711","20169867573","40775652466","12606150081","46682838498","51018628499","306544199","18136899656","27821737947","18669231023","20429306428","12337665677","385082","134304","92600","71982","72179","72275","76046","74208","60096","26040","63103","88926","104833","167904","68580","285659","223057","8896","104255","143833","87881","96185","67664"
"20251","11","서울시","CS200019","PC방","86168605072","15313553","55252229362","30916375710","11065664590","10033882937","10966821476","10790641951","12395218408","16045679494","14870696216","12273966269","5514288239","10191461749","15374998439","26023852957","16790037419","68027032387","18065700691","4170716875","33868694357","28408030616","9485148604","7997309892","2162832739","9873396","5440157","1973901","1790698","1969197","1933691","2205909","2831887","2608270","2065751","947064","1745284","2890984","4677699","2986771","11804287","3501888","1042928","6390358","4501322","1651392","1385286","334894"
"20251","11","서울시","CS200017","골프연습장","62880419748","1242086","40857535519","22022884229","8594678222","7488693739","7579988623","8544914836","8649260099","11221659727","10801224502","2146375462","5020088547","10736498290","14431133041","20746138022","9800186386","43534873260","11912052305","19453326","1805645332","8237014139","15649727845","18649709591","11085489299","749352","492734","151699","129998","148323","152486","166846","250947","241787","44893","86461","255262","267279","382174","206017","940500","211324","579","28949","147340","304337","412904","257724"
"20251","11","서울시","CS200016","당구장","36939883455","1810189","25135424453","11804459002","5170083069","4766092806","4436499257","5281471464","5481277857","6807392689","4997066313","2319244244","1322540434","3243294595","6376582187","15537093804","8141128191","28379890240","7156349286","325568910","3174622135","5231719475","6170559842","10366057048","10267765887","1164403","645786","221648","199066","224753","238110","280826","366460","279326","124708","16351","99335","326199","765371","478225","1537720","242146","35977","198914","195686","266494","520495","562291"
"20251","11","서울시","CS200008","한의원","232009391579","6337417","184919771985","47089619594","44463198784","34021246790","31468942535","31479428448","43486955428","41892009576","5197610018","3666078","28685554366","84883361096","68902511564","48947802592","586495883","86069335269","144250292839","173361479","11177192300","39863823404","47779343262","56192573624","75133496796","5293403","1044015","1251156","925850","933693","928673","1254030","891274","152741","42","1033841","2122590","1863914","1309852","7177","2751770","3573215","6325","225685","746679","949043","1308554","3088709"
"20251","11","서울시","CS200007","치과의원","645444964891","4242646","559075881137","86369083754","121541432291","117990745451","99089749446","90741449276","129712504674","81463695659","4905388096","141851","85728394028","223003077898","207306275874","128307963697","1099111544","316547136997","326544266341","657966190","36176261985","85759260978","134239426589","169785313148","216472920776","3641647","600998","804547","744910","638472","584347","869370","574771","26227","7","764555","1318020","1432921","724394","2750","2078820","2157451","9663","306578","655718","929886","1005196","1329163"
"20251","11","서울시","CS200006","일반의원","1969386639507","43910237","1637723674677","331662964830","374997193394","298171175988","249455897978","303985009375","411114397942","308765649443","22897315387","578934779","433280923359","622388912074","592597412421","317473412006","3067044867","755544961391","1209353920265","2359835720","175104574008","425156729587","451301345666","463687631896","447288764983","37547818","6362419","8975335","6746056","5782948","7040166","9003312","5909351","453068","1565","11323976","12323025","14038701","6183996","38974","20125022","23762132","127770","2924590","7489054","9302276","9372026","14671427"
"20251","11","서울시","CS200005","스포츠 강습","126104318027","536289","112272146463","13832171564","25841215451","21920388499","19840486739","21987137410","22682918362","10125073480","3707098083","388947535","11294327569","21535340410","28414314902","52430313807","12041073802","46337988723","75448826049","216734678","12606327603","30290335683","49470318770","21012633329","8190826544","439212","97078","101287","86500","81134","81509","88783","58251","38826","7548","45502","84225","128584","212816","57613","235152","289874","8486","70923","115643","221020","78967","30008"
"20251","11","서울시","CS200003","예술학원","137687632682","605301","113570049309","24117583373","22500780258","22594557855","21767481495","23285797574","23421432127","18096467896","6021115477","677496240","10595525464","25969485011","45324480581","46102552783","9018092606","55389864026","81129082567","292955707","5750167106","17103094999","76182068659","31152890347","6037769765","516011","89290","103309","108412","99307","98856","106126","67422","21868","2754","48042","117325","214172","196559","26448","237487","363924","1806","28937","92355","366090","87887","24333"
"20251","11","서울시","CS200002","외국어학원","81519336292","216009","74120426421","7398909871","15446840547","14753999313","13101248966","14647290812","16171046783","5079189524","2319720348","995400763","14161513459","15679242681","23910157054","21589681947","5183340388","33472696099","47011490599","70703486","1696644778","10407852303","51916207671","13211710637","3181067820","191085","24924","40526","38805","34348","37088","40318","17430","7494","2259","31702","37025","63032","67461","14530","81951","131440","427","8451","25534","136676","34858","7436"
"20251","11","서울시","CS200001","일반교습학원","937482270597","2908262","739522750516","197959520081","160705664835","137518276961","137187368083","142021141994","162090298642","127797090228","70162429853","11015095867","108785201778","145650531315","264927903319","318047841134","89055697186","395100319604","537959383976","1345178368","4243406002","33261064330","569436459854","298484470497","26289124535","2288066","620196","505504","415981","433955","437063","495562","399195","221001","35196","384733","460680","805490","961795","260366","1184394","1713371","24939","31475","140786","1793299","836212","71069"
"20251","11","서울시","CS100010","커피-음료","667526572616","83157289","491998284569","175528288047","92357163522","88789391328","96931238542","101534758484","112385732693","97540093286","77988194761","4722147986","94936576608","237858598672","166618268242","134185673468","29205307641","265231984341","319635652486","6432568672","124138618548","174276602432","120959806221","98892055598","60168189309","62895275","20262013","12186171","11523021","12331868","12973230","13880985","11192184","9069829","324782","18007856","28364164","19609234","14404564","2446689","36871379","40813698","982695","16483606","24003073","16132882","12977721","7105101"
"20251","11","서울시","CS100009","호프-간이주점","738444529338","16431835","497836139685","240608389653","81950001486","85570523783","96775866460","103612284970","129927462987","146819358967","93789030686","175686312830","9553488206","48678686518","28291075749","171076729091","305158236944","422334410922","227879353885","7583434113","142164983373","194773596632","119270365127","114363153591","72057002644","11246238","5185597","1993469","1939052","2188928","2298813","2825976","3053536","2132060","2674663","529158","2551703","1407290","4163424","5105597","8703457","6651340","228481","3838731","4637519","2635443","2444801","1569831"
"20251","11","서울시","CS100008","분식전문점","286056153324","24546075","212195666955","73860486369","40875218225","39015493986","40695452803","43448446920","48161055019","43600435533","30260050836","5835354411","24495760319","98886759215","49613167459","87334964503","19890147417","128504102619","126807506981","2971098136","35699543422","60229486236","63202406856","57262646433","35946405811","18529228","6016846","3611019","3433090","3564049","3806116","4114954","3554094","2462752","371123","2633509","8191831","4475506","7452823","1421282","11267926","12030350","323230","3414307","5637993","5568060","5084763","3269958"
"20251","11","서울시","CS100007","치킨전문점","101748181867","3161319","73058759852","28689422015","12186925102","12540874714","13972386405","15613147967","18745425663","17044287495","11645134520","7546833179","427147210","4135413234","6151876626","42685706364","40801205254","57553205263","31837649699","635069833","11179110136","20016786668","20598515785","22222827696","14738732143","2223678","937642","375016","385478","431755","460230","571199","535071","402570","159427","14518","205942","285937","1495500","999996","1823534","1141811","29546","365603","626786","653276","743638","546492"
"20251","11","서울시","CS100006","패스트푸드점","165645065087","13141997","115573992950","50071072138","21603328885","20432522427","22705618594","24123618377","26708904667","26657025273","23414046864","3640588158","10233799987","50820210793","30251436623","57537956839","13161072687","79384617090","68031214298","2137730228","27278851309","41620577304","34028005136","27330673453","15019993927","9384264","3757733","1813030","1692200","1837550","1930263","2111220","2020694","1737039","435808","1084810","3798062","2391817","4217357","1214142","6711859","5845892","230239","2608141","3750530","2699984","2114756","1154070"
"20251","11","서울시","CS100005","제과점","255578230919","23480038","184465634810","71112596109","35189504270","32872640072","36419894680","36822185413","43161410376","39582201147","31530394961","256099512","42511632192","66914093726","63189276003","69803343761","12903785725","92755888526","135349310223","1130042383","26262075735","50808652477","54709849006","51039728218","44154850876","17153103","6326935","3359668","3117867","3412249","3443660","3819660","3496672","2830263","23262","4329596","5616013","5526318","6640408","1344442","8969579","13469841","171078","2991290","5196108","5108197","4765100","4207588"
"20251","11","서울시","CS100004","양식음식점","316641302114","7134443","211842946612","104798355502","34817584419","36712471594","42093284805","44384731803","53834873991","60710180541","44088174961","15998516999","3106641444","92622910021","45627465341","110445456523","48840311786","129482380369","123017511311","1943378032","53483274703","82904378396","52311815847","39517328983","22339642588","4989079","2145364","890575","896457","983013","1038031","1181003","1193068","952296","226780","139775","2845917","1126233","2264916","530822","2970109","3405522","81537","1560378","2037454","1275762","954112","466367"
"20251","11","서울시","CS100003","일식음식점","255162555638","5985246","193597004776","61565550862","33736461584","34545938888","37642035587","40471236188","47201332529","38569054823","22996496039","8242678009","562139161","80448944201","20815328655","94631917030","50461548583","111028348377","80784182004","1720192134","39054590875","60588865542","38305434382","31190143748","20953234920","4643756","1341489","860302","844420","899233","963701","1076102","790630","550860","109773","32378","2749016","659183","1952192","482704","2707661","2518692","91112","1259161","1605787","992536","820936","456848"
"20251","11","서울시","CS100002","중식음식점","278106521159","8088869","201952829895","76153691264","34871150633","35912216730","39770923400","42791194502","48607344630","42167388541","33986302723","5637527695","2222620002","103651183189","33343899911","103251723167","29999567195","132025741038","83285475919","1476221196","30496666263","56138491438","47134455071","45493358916","34571564954","6058163","2030706","1089721","1107727","1184037","1274176","1402502","1104860","925846","119423","94045","3820210","1179397","2477546","398248","4330690","2814956","91570","1119682","1754612","1545204","1509021","1125515"
"20251","11","서울시","CS100001","한식음식점","3800164871712","96877309","2763692614594","1036472257118","504041523372","487488308664","535681217925","576460685969","660020878666","609460575187","427011681929","130470904308","74027129703","1069902789145","370334572017","1550686296652","604743179887","1881454498470","1139437035154","12421491342","373575844006","722560002041","601710877406","659722028861","650899782129","73662214","23215096","14357264","13478539","14193726","15026460","16606224","13307175","9907920","2625957","3107391","40431870","11552865","30357456","8801770","51773504","34017844","547517","11095769","19704391","16706769","18882407","18854402"
"20244","11","서울시","CS300043","전자상거래업","44164211272","774379","33932596300","10231614972","5316546506","7476703786","6750212579","8436784849","5952348580","6948216712","3283398260","300153507","4116188847","9460987572","15662674553","11084432338","3539774455","19318305176","19661679577","412304413","6330343765","11969598220","8139359578","7399044271","4729334499","485323","289056","81077","98660","93637","100617","111332","178378","110678","4417","21094","212182","269107","235853","31726","295774","455062","26014","255871","196881","123841","86598","61616"
"20244","11","서울시","CS300036","조명용품","410029197576","4152318","377581599052","32447598524","84306500353","79899224956","69615187457","71878728239","71881958047","27119461445","5328137079","855098417","103174935800","123869331668","148813991837","32733334790","582505064","214189975012","87414719863","49255969","6521828324","31015401036","66601416915","110582046398","86834717566","3564690","587628","751883","763395","670102","682701","696609","475528","112100","33022","1019060","1261818","1368636","427543","42239","2327986","937563","11330","147515","363201","507919","953103","1282487"
"20244","11","서울시","CS300035","인테리어","55647728929","887151","46007997287","9639731642","9005380585","10137482369","7420538713","10992874575","8451721045","8470599569","1169132073","278256103","15518610132","16151222684","18314042900","5083744639","301852471","27239173096","16551999208","156649009","1535749310","6314939479","6890011300","13319572913","15574250297","730433","156718","147577","146048","136992","144791","155025","125459","31259","1769","225673","269015","269574","118922","2198","442718","300588","10580","31306","86778","121562","190419","302641"
"20244","11","서울시","CS300033","철물점","68161751250","1375440","58759683409","9402067841","12669168095","12215328556","11528211908","10188194339","12158780511","7679459128","1722608713","49495761","16654179614","23153519558","20709160943","7194493955","400901419","31403702118","21555696777","6114493","1504348738","5959446078","9424895531","14366604226","21697648769","1152804","222636","241840","235178","220082","226216","229488","180348","42288","937","393405","415056","409128","155167","1747","739864","324369","885","46623","154948","197587","284362","379773"
"20244","11","서울시","CS300032","가전제품","258059835364","682823","155733617786","102326217578","33429073639","33447869010","25372670377","28892771168","34591233592","52287743229","50038474349","3422978","16087572764","74361110724","94548579004","70620209973","2438939921","137902216353","109408486737","273268174","12714601928","59118647699","50274659051","58447115770","66483066879","423290","259533","87931","88767","79173","83773","83646","129184","130349","40","47168","182848","255765","192731","4271","384928","273559","2281","50405","150740","121012","149566","184516"
"20244","11","서울시","CS300031","가구","142137144843","437477","97192871492","44944273351","17577292996","20215738108","21731049570","16563034129","21105756689","24929423578","20014849773","24220154","8222346786","42812910652","59541993541","30570332773","965340937","62861035238","65852566878","125918592","3914571320","21880249586","29721585249","35401520288","37669757087","306971","130506","63555","62686","57674","55055","68001","70607","59899","568","54036","117164","170326","91319","4064","158316","234766","724","41876","99212","80845","85215","85216"
"20244","11","서울시","CS300029","애완동물","11685333084","318621","7899205342","3786127742","1729078992","1656867222","1562282225","1458788895","1492188008","2134892161","1651235581","113696650","597438171","2589463122","4140407223","3778306992","466020926","4519843681","6825056772","38157698","1667294061","2176164259","2282270604","2679236995","2501776832","220853","97768","44758","47120","41369","43322","44284","55115","42653","1865","19604","75981","105085","104200","11886","123509","192276","1979","37234","54073","51505","84940","86040"
"20244","11","서울시","CS300028","화초","70875580115","1389827","56538389896","14337190219","10934487592","12372339100","11120894854","10286079058","11824589292","9601277211","4735913008","536520051","11790013423","19635585834","21795206646","15134481022","1983773139","22585858443","25176369223","206529850","5484208730","10344591344","9579158231","10723530832","11423834253","1061633","328194","196550","221891","201103","202668","239421","210128","118066","8734","164272","401753","419884","364578","30606","509100","671084","12872","227768","303096","227971","209272","199175"
"20244","11","서울시","CS300027","섬유제품","32665665540","362104","25780649869","6885015671","4620460906","5995881870","4831303953","4599771654","5733231486","4066005625","2819010046","0","3832626650","10065691165","12002168923","6706691030","58487772","10538224658","18104335244","6509130","989493158","2921583738","4177379287","7043082141","13504512461","295352","66752","56774","68868","56509","54671","58530","43169","23583","0","40571","119562","139272","61976","723","132197","204210","247","14268","32510","37953","88866","162561"
"20244","11","서울시","CS300026","완구","28147005441","1708111","16937111391","11209894050","2636950266","3780047115","3694822029","3176824229","3648467752","6463889359","4746004691","6630054","983984245","7263998495","9480419532","9621521910","790451205","15603872761","11689730932","550738753","4728510390","8707963430","7563919975","2504502266","3237968883","981704","726407","150217","177574","163700","232394","257819","419249","307158","187","59446","314105","591632","718829","23912","660952","1043651","77276","617894","524834","321016","98702","64883"
"20244","11","서울시","CS300025","자전거 및 기타운송장비","22641338519","216227","14011247529","8630090990","2275564325","2807019208","3714013082","3106483391","2108167523","5389178941","3240912049","0","1796528208","6738223247","7954036972","6130960600","21589492","14635221889","4980573070","94920818","738820837","2113046638","5660871807","5697559731","5310418189","139127","77100","26331","27696","32577","28775","23748","48160","28940","0","19211","66749","84023","46097","147","153980","48773","4452","8480","22999","58878","48866","59071"
"20244","11","서울시","CS300024","운동/경기용품","232444585966","1561186","152269505424","80175080542","28151865166","33620767759","28425386299","30844181063","31227305137","43175703035","36999377507","639077422","17617515685","63967947924","85587089852","60827942019","3805013064","127042292584","79130593647","1218954140","21182470609","41037730029","56700908674","49130480272","36902244655","975343","585843","168618","198764","203419","191452","213090","314839","271004","23077","122825","417885","531198","404764","61437","939594","559166","34803","203841","294855","359822","323006","282450"
"20244","11","서울시","CS300022","화장품","366696506573","3987460","297680739389","69015767184","57046575006","62488514495","53525787087","61371911586","63247951215","43220553909","25795213275","3322542486","34424702281","103785713893","125116520414","86001509283","14045518216","117505195067","228204947818","1594940525","38252171770","75908507340","87860889057","74387532602","67706101605","2832133","1155327","540055","584106","538857","558853","610262","671088","484239","55104","383569","1017103","1287501","1061131","183052","1257337","2646427","58452","731258","764698","632498","721922","994930"
"20244","11","서울시","CS300021","문구","344135441997","9794645","321606079473","22529362524","64406196443","72512842408","59643325128","61379038097","63664677397","15212827916","7316534608","197857413","51007592240","108093384142","141875056937","41507045903","1454505362","91948535126","57437752377","1389683191","11305496771","18038353321","32539907427","35370304918","50742532557","8124593","1670052","1683743","1729215","1548849","1565590","1597196","1063373","606679","14981","1224294","2974725","3442720","1986117","151808","3613713","4115894","238015","1298840","1549602","2026425","1421456","1195275"
"20244","11","서울시","CS300020","서적","90748666832","1690044","76608162966","14140503866","17068639930","15924282323","14195057594","13322715215","16097467904","8164757514","5975746352","25440355","11034179643","24183315689","37760396951","16121247748","1624086446","33814501024","42827690786","739564790","6904313960","12724105868","22940280996","15838215653","17495777442","1172489","517555","234565","238374","232200","217138","250212","260207","257348","403","153305","423957","602255","463449","46675","662230","971139","46404","239835","289644","504848","331351","221293"
"20244","11","서울시","CS300019","의료기기","253948377492","555868","245542542534","8405834958","61772855750","47687567760","39104195136","43557896655","53420027233","6414107499","1991727459","666667","45983051293","107056192386","86695789526","14210231944","2445676","171123315306","66620890824","1286970","2664248625","13639163953","68879182411","75140502940","77419821236","494005","61863","109975","101351","84623","90788","107268","46858","15005","5","103715","200606","208107","43257","178","300070","241608","69","13888","43075","90068","115702","278878"
"20244","11","서울시","CS300018","의약품","1722506122637","82078020","1532454796135","190051326502","367792634807","330517793066","238157202684","274787271721","321199893857","162045131543","28006194959","468307995","372785565016","538084198514","547449879879","256006423295","7711747938","909018807165","761821868385","2947982248","81263722850","248257534200","330825297865","398727480758","608818657472","69546054","12531966","17030352","14524805","10947617","12427609","14615671","10331041","2200925","36374","16787337","22807079","24466620","17289138","691472","38476258","43469992","403762","7543864","14912349","17283160","17166545","24636540"
"20244","11","서울시","CS300017","시계및귀금속","310108068605","611455","250221840619","59886227986","53369428322","51585021617","41499103102","56460554938","47307732640","36121615820","23764612166","5072426","18171128067","91779795347","133025549697","65091934001","2034589067","138327621015","131185107441","230551782","19975297801","51874484336","53284623082","74331876617","69815971844","485161","126294","99186","101714","90293","89674","104294","81211","45083","6","37680","182471","254996","128932","7370","244822","304620","3299","60503","131877","109204","114665","129893"
"20244","11","서울시","CS300016","안경","122512201016","1292127","86804987440","35707213576","17967135351","18046528302","16447184418","16543354343","17800785026","22090007317","13617206259","1197134","5613703810","31956866857","40931938615","42290569443","1717925157","55266986280","65711193386","1036420945","18331444357","23831272996","26956823657","28938447605","21879682287","948200","343927","189112","200619","176162","184397","197910","209871","134056","275","62861","305081","393361","498795","31754","463050","823822","32981","353984","269391","233959","235397","161068"
"20244","11","서울시","CS300015","가방","51662846609","1438168","35396899193","16265947416","7080869201","7921473377","6519858524","6388321241","7486376850","8579433936","7686513480","6657669","1460678620","12721487950","17561495196","18437460212","1475066962","18286168165","31249730702","320372694","6940738813","12294208938","11468514195","8358278456","10153785771","905007","533161","161377","184681","183526","175470","199953","282874","250287","604","53984","335747","474905","508706","64222","503000","921942","18101","287271","339837","288580","231182","259967"
"20244","11","서울시","CS300014","신발","124099673565","1280864","89880894791","34218778774","17872989114","20869495900","17978921360","17633573703","15525914714","18461067574","15757711200","72178031","8560163211","40912309635","44226618200","28928231730","1400172758","58544746592","60027918482","680338754","12741795959","21219455477","19670222652","30364060361","33896791856","875420","405444","159326","188320","179040","176420","172314","221709","183735","1992","76183","346545","485216","340515","30413","545263","707789","16305","172323","206350","185158","246263","426650"
"20244","11","서울시","CS300011","일반의류","1813570404653","23488062","1143833823681","669736580972","192069484819","239531740552","242024988402","228568639499","241638970409","359395887238","310340693734","6702824242","49628693032","482511281447","690602335020","543009711164","41115559748","679687004869","1081015036852","8943370291","181613798373","359304677565","378341931735","401716119432","430782040395","14916999","8571063","2567250","3058717","3157685","2953504","3179843","4566969","4004094","52505","606909","6179952","8398190","7522637","727869","8083770","15262023","264325","3651523","4858502","4732059","4735410","5103937"
"20244","11","서울시","CS300010","반찬가게","879080132291","32793347","743580178223","135499954068","151569751174","161795467810","130349275254","140052969379","159812714606","99042470846","36457483222","150377405878","205036216939","211860151836","183894044321","81113199652","46799113665","365718859400","363312742429","1084347810","33250623114","96154243316","166640796100","179462787611","252438803895","26851208","5942139","5428192","5643470","5034097","5261549","5483900","3739983","2202156","1644324","6913686","10392836","7080752","5547259","1214490","15309615","15203405","190379","4187670","6838269","6235966","6290368","6770378"
"20244","11","서울시","CS300009","청과상","1106034461655","39251539","827845932591","278188529064","160789907548","181000188606","156891037480","159533164061","169631634896","182519296029","95669233035","33049266426","270437881050","317570030643","337137811138","137313063167","10526409231","461218452581","557909899881","394506320","23362851566","93775371306","144999712630","229780554165","526815356458","27412843","11838696","5317271","5576876","5281730","5527303","5709663","7164006","4674690","229562","6049018","11715067","14130855","6816441","310596","16575882","21748245","25188","905063","2999732","5627561","8981332","19785267"
"20244","11","서울시","CS300008","수산물판매","1419898900014","20705387","880634743193","539264156821","132800645383","197598050618","174456975397","160095426854","215683644941","340079193333","199184963488","43724954073","223342569555","286634960732","354425864685","472281254465","39489296504","696851221435","499524047854","775304585","108405838220","240798942127","209947985053","242601842692","393845356626","12647584","8057803","2052735","2661994","2513701","2362464","3056690","5017898","3039905","365971","2784091","5024100","6144308","5983172","403745","9941186","9458144","13214","1522396","3197071","2959792","4114371","7592483"
"20244","11","서울시","CS300007","육류판매","728333138829","15803943","550034943298","178298195531","96800531374","117674404294","96813268521","106140857967","132605881142","117769530794","60528664737","9993406952","138903718993","188508032186","223596004234","157062162122","10269814342","299508507325","384682685564","291090166","17227641869","73581743270","113959876628","159552420182","319578420752","11280429","4523514","2140386","2415582","2101404","2123838","2499219","2705591","1817923","108876","2011827","3738778","5076147","4680727","187588","6558440","8919702","18446","521667","1682619","2546081","4082074","6627234"
"20244","11","서울시","CS300006","미곡판매","132039852585","2737018","110067073544","21972779041","27557589846","21003604712","21263223747","20802785464","19439869775","18115032930","3857746111","8284723982","44219096353","33852964640","34506306605","10777248995","399512010","43379571503","72434149182","24810383","705724636","7790741176","13918662370","21103487963","72270294151","2164347","572671","483726","453744","394418","414540","417919","439666","133005","89601","611292","813499","889429","318155","15042","1110702","1521506","1014","39473","155952","288617","537724","1609426"
"20244","11","서울시","CS300004","핸드폰","86472239543","2218111","67590414329","18881825214","14627603220","12300051778","10723645729","14648057900","15291055702","13642309225","5239515989","1356729015","4989820407","16603617441","32449048560","26229903791","4843120329","48790742685","25445171214","266127262","7300877444","10358580323","25639590742","16660239037","14009890016","1698059","520052","341559","348422","338520","325718","343840","327213","192839","31918","182398","542611","626896","667945","166343","1076161","1060677","40772","304901","397230","511098","432839","449934"
"20244","11","서울시","CS300003","컴퓨터및주변장치판매","711509072863","7967148","652507974151","59001098712","114558961821","175307320383","107586623264","123951380930","131103687753","38479399090","20521699622","297856873","74527081110","235548569721","285061125363","114527819658","1546620138","232794377215","121517258320","1172850881","32188854013","68796485435","97301811275","104476691657","50374942284","5505015","2462133","1047085","1081810","1033843","1010123","1332154","1337558","1124575","83652","1253565","2350529","2384375","1569332","325695","3618735","3717697","284572","2267886","1878454","1374849","1005775","524915"
"20244","11","서울시","CS300002","편의점","1073217262742","155034671","789331818872","283885443870","154249486637","164135150731","151270351767","154277339980","165399489757","153642779088","130242664782","96286087353","167325761695","161857925906","166725764598","302040993522","178980729668","632035113595","414140981002","15660869835","221621274793","296339446212","226066811409","187559027425","98928664880","115918387","39116284","22742127","24083850","22386404","22908214","23797792","21061178","18055106","12988672","29727251","25264774","23823733","39723707","23506534","93841205","59157210","3491578","36037129","43388686","30886427","25695819","13498696"
"20244","11","서울시","CS300001","슈퍼마켓","1152505770249","103697134","842703703257","309802066992","167937647591","178094834769","158883483660","160986481306","176801255931","171060508652","138741558340","36099690417","158583909487","215759159756","266041450770","359199079355","116822480464","572336726657","520077082027","6570688459","99803083471","194710382001","227461042181","269372798549","294496231389","76456359","27240775","15236437","16043890","14661198","14909994","15604840","14689103","12551672","4007163","16133156","18226556","20232297","32635425","12462537","56826366","45314050","1646050","14599100","22519622","20883581","22200844","20291231"
"20244","11","서울시","CS200037","노래방","124518294232","4698961","81492216859","43026077373","12071669544","17400788719","15971353739","16367838019","19680566838","25467018536","17559058837","46648429939","1988809977","1223218511","3552678293","21550680866","49554476646","91221370298","22562598391","1559587047","14048219811","20468660132","23380432518","33562767254","20764044706","3045831","1653130","504391","611581","590001","590522","749336","947695","705435","776075","45603","237115","525634","1521999","1592535","2779358","1860029","341678","1946448","1183522","479652","459855","228249"
"20244","11","서울시","CS200036","고시원","381856259","640","331421570","50434689","68625257","172321190","0","18625256","71849867","0","50434689","0","214942733","28907134","37250513","50000000","50755879","209856259","172000000","0","55875770","47410142","42942733","31809432","203818182","566","74","223","172","0","41","130","0","74","0","107","97","82","182","172","565","75","0","124","286","32","32","166"
"20244","11","서울시","CS200034","여관","63523943045","1205518","42176732636","21347210409","8841394199","8105162178","8079459540","8374905082","8775811637","11349527195","9997683214","20197263131","4325731580","4358807816","8502833119","16113633303","10025674096","33545075950","11511132096","525547690","8901890314","10717615469","9604326446","9494247666","5812580465","781867","423651","141916","159675","161616","159490","159170","217915","205736","245131","59646","122112","185804","344247","248578","820982","303965","18438","363242","299338","175238","161696","106986"
"20244","11","서울시","CS200033","부동산중개업","7376612237","542142","6083277676","1293334561","898589425","1433326325","1376170896","1080954647","1294236383","768601121","524733440","220641218","858566374","2520220795","1875956040","1527330949","373896861","3589973067","2307986392","8788467","800253824","1778828889","1293078294","998927215","1018082768","424705","117437","86399","86553","78231","78129","95393","69963","47474","10780","62046","153757","156757","126945","31857","313490","160443","1505","58434","136431","119565","99383","58621"
"20244","11","서울시","CS200032","가전제품수리","9680224678","120995","8651196732","1029027946","1766402560","2142067051","1394727713","1734898963","1613100445","911668297","117359649","1004303","1617113402","3221484214","3740550990","1061341596","38730173","5173394606","3293841071","12932206","237161005","1075647513","1826405032","2108777901","3206529910","104569","16426","22505","21912","17354","20012","22786","13115","3311","665","20626","36976","41133","18203","3392","69675","43232","1108","8550","15687","22160","25725","39711"
"20244","11","서울시","CS200031","세탁소","45669249819","2448838","36634694133","9034555686","8222584829","7000048010","7183956333","6991787853","7236317108","7455878101","1578677585","477632652","6701521094","11761217927","12629034474","12765242986","1334600686","18944292557","20522026473","105529639","4785762789","8905566306","9100548757","10144762625","6424379530","1808985","639853","414129","351594","366636","328236","348390","444945","194908","73606","332789","515007","633664","718728","175044","1181243","1204972","15935","456904","572781","483513","540089","316999"
"20244","11","서울시","CS200030","피부관리실","53407380943","269828","41740157280","11667223663","8276180885","9155633174","7635302615","8366153272","8306887334","8932742836","2734480827","645569259","2594254443","13092009012","15590906815","17725177277","3759464137","13300682501","38295307734","80624020","9438624976","15624067880","10406670843","9282274562","6763294719","202684","67144","39052","42240","36050","40859","44483","46896","20248","5507","14710","68435","76783","89629","14764","70138","193939","1631","67135","87146","44584","37558","26011"
"20244","11","서울시","CS200029","네일숍","15262517951","186818","11550838295","3711679656","1985226650","2436495624","2295573706","2269790875","2563751440","2599317788","1112361868","46845585","325574797","3617470580","4661554231","5913594481","697478277","2652712840","12397549128","45972599","2923241468","3798412887","3475133080","2853394046","1953088002","144180","42638","25569","29893","27791","28447","32480","30023","12615","698","3741","47006","54324","73873","7176","28230","157335","1197","46099","53652","36269","30712","17622"
"20244","11","서울시","CS200028","미용실","264843258813","5321370","171148438779","93694820034","25784219198","31564281711","34443813612","36397075716","42959048542","58782326988","34912493046","323552954","9628836189","71534302685","90486121068","89316734056","3553711861","110519156249","148919959829","2126462095","32662767827","55533942016","59288093894","63593623832","46234002744","3496239","1825131","598259","642196","684534","720728","850522","1108155","716976","3305","276948","1478409","1764100","1758791","39817","2947511","2349831","54478","644029","1082845","1152489","1324809","1038689"
"20244","11","서울시","CS200026","자동차미용","15646377103","196302","12489045853","3157331250","3026815618","2598818285","2221720636","2116113537","2525577777","2252489487","904841763","4183809","2519948094","4938120533","5601243758","2462324917","120555992","7949684512","3113149378","305543","383084294","2634838686","3202952944","2455947619","2385704817","145993","50309","31353","29322","25932","26936","32450","32652","17657","310","35377","63223","75245","20350","1797","97897","41338","22","6220","31596","37315","35745","28323"
"20244","11","서울시","CS200025","자동차수리","302742883916","1573021","261968478082","40774405834","53250607769","56376075462","46717260410","48851918107","56772616334","38363705717","2410700117","48754208","48815106988","85939538515","109058698328","58044296234","836489643","189320211645","66941100131","36897539","8822697506","43159337153","59441932573","72717014976","72066540303","1342885","230136","291035","277849","238712","248621","286668","213357","16779","317","334271","475451","543946","216891","2145","1012625","357666","340","53341","250103","316746","366353","383233"
"20244","11","서울시","CS200024","스포츠클럽","98564188547","505269","86757016000","11807172547","21308133906","19509245520","14500181024","15773166296","15666289254","7622391733","4184780814","881387474","10064711854","17607689058","21840665456","37093254743","11076479962","45529314491","46026468988","495884236","16990311882","25960791202","15998604465","19391013529","12719185597","376452","128817","84047","82288","67877","71552","70688","72954","55863","30907","59821","86065","96922","163094","68460","286360","208451","9744","114377","143869","77218","90910","58696"
"20244","11","서울시","CS200019","PC방","88139728231","16055918","57746633406","30393094825","10527787276","11781055149","11376472680","11177749582","12883568719","15972203618","14420891207","12455239148","5487571280","11266220113","15800060306","26338399628","16792237756","69141839579","18864126001","6928704510","36139533483","25391139091","9719888246","7802340057","2024360195","10553219","5502699","1920484","2150394","2092307","2033831","2356203","2898340","2604359","2153821","908780","2003636","3083642","4865374","3040665","12398613","3652927","1672695","6747163","4155863","1778000","1383477","314343"
"20244","11","서울시","CS200017","골프연습장","66340323315","1317667","45000609764","21339713551","8990376194","10136181088","7863531306","8961762881","9048758295","10815084600","10524628951","2461234584","6835163071","11849510235","14226039205","20812413525","10155962695","44798058090","13914909802","29869406","1940038699","9364553964","17210763279","19490712557","10677408064","837544","480123","147080","177800","169718","166559","176387","243215","236908","48391","113071","259826","279349","400770","216260","978971","237496","969","44032","181845","336962","428982","223724"
"20244","11","서울시","CS200016","당구장","35378124484","1724996","24878238770","10499885714","4550426487","5015379799","4963155223","4997022961","5352254300","5956465222","4543420492","2114855312","1286005230","3439721758","6253726860","14288321531","7995493793","26041357652","7732044540","489732209","3265682408","4745753138","6745009416","9783681744","8743543295","1141650","583346","204344","232068","222694","223879","258665","334064","249282","123260","16823","100555","302706","717965","463687","1455260","239812","50685","198456","192682","273663","504699","474857"
"20244","11","서울시","CS200008","한의원","236784522335","6952203","191435074683","45349447652","46913996797","41347920426","30716558008","29868463500","42588135952","40442945980","4906501672","29218080","30275769066","85478696861","71321803558","49003234201","675800569","89230862974","145604128340","244382735","13849234308","37997874298","51189901965","57845859874","73707738123","5868323","1083880","1383235","1227028","987900","983452","1286708","929278","154602","153","1185157","2303036","2036032","1420940","6885","3000629","3937683","11684","320589","823690","1108855","1461643","3211835"
"20244","11","서울시","CS200007","치과의원","649502242141","4469487","564629855780","84872386361","129088037406","133004506673","93593685691","85861861108","123081764902","80161054726","4711331635","0","87524361943","227838666133","209001407341","124185115145","952691579","323587720078","322965315511","873886995","41860819798","88195026377","130148659724","164544530416","220930163219","3848924","620563","915649","891141","615543","572563","854028","595505","25058","0","817115","1364368","1524647","761288","2069","2205787","2256162","13492","373021","731993","976217","1013154","1354108"
"20244","11","서울시","CS200006","일반의원","1929680648368","48916922","1621246306574","308434341794","385319421155","353339777836","232305543807","279076743095","371204820681","291270429140","17163912654","617734763","429479206882","617589837005","573476917759","305918257052","2598694907","752422475208","1169612349387","5211452772","191907981054","396890263576","459897008337","440011008348","428117110200","42018313","6898609","10596084","8725066","6108895","7344734","9243534","6427211","471398","1621","12541899","13477152","15757945","7095449","42856","22238594","26636938","303395","3687057","8666848","11495456","10119987","14602790"
"20244","11","서울시","CS200005","스포츠 강습","118119524456","527337","107129349337","10990175119","26148881865","23161520437","19039396287","18432443582","20347107166","7996551952","2993623167","374761382","10342686769","19364064584","26307569668","51230668338","10499773715","43506923857","70331428348","375080041","12108702208","27322935716","47445624138","18541581285","8044347897","442419","84918","102921","94690","80481","75197","89130","50073","34845","6643","47059","75324","130217","214385","53709","233167","280818","10487","65369","114012","223870","69349","30883"
"20244","11","서울시","CS200003","예술학원","148068347869","620648","122216993130","25851354739","25679376036","27332551425","22520912895","21564685949","25119466825","19827598954","6023755785","653227394","12444279667","24875852960","49050133379","50999180119","10045674350","59357292145","87377140648","502132586","7132276935","21049296085","77674219249","34928715896","5447792042","534401","86247","115286","116130","101650","94037","107298","65883","20364","2381","49790","105378","227866","207041","28192","241099","375135","2592","34077","118638","360578","78620","21729"
"20244","11","서울시","CS200002","외국어학원","83317646166","211081","75651145448","7666500718","17723707746","16973606479","13342244309","13408109564","14203477350","4971339196","2695161522","750325452","15802499969","15760041037","25247813942","20986999369","4769966397","35129828586","47329402944","64787185","1725612508","14428688595","52269900567","10713461356","3256781318","184206","26875","42193","42046","32456","31754","35757","18098","8777","2019","32157","37249","62410","63831","13415","81394","127433","525","8132","32579","132137","28063","7391"
"20244","11","서울시","CS200001","일반교습학원","886141566366","2878978","702839770037","183301796329","152512438056","159696113735","120513020222","122910205058","147207992966","112363835516","70937960813","8736836889","96843763934","114237843659","252821119841","329678552773","83823449270","368692424905","513738079048","1574493609","4614172454","48796054153","576415140423","228648511032","22381258346","2257962","621016","489456","504943","386971","387785","488807","370509","250507","32889","361244","390371","819898","1014742","259834","1146446","1723349","7457","22361","187555","1889681","697139","65600"
"20244","11","서울시","CS100010","커피-음료","732275078706","93802137","548121163887","184153914819","101872778690","114819959867","106837361025","109133875656","115457188649","102170316099","81983598720","4688225529","110259006839","258374817697","179720494586","145615929420","33616604635","283433675814","351988028381","10565459686","150812159133","179791834257","131410668320","103818538425","59022906191","71797196","22004941","13863213","14998033","13969155","14267616","14699179","12130954","9873987","325379","21139999","31774509","21648896","15997640","2915714","41020875","46812490","1629997","21523423","25675467","17904792","14082547","7016939"
"20244","11","서울시","CS100009","호프-간이주점","825883330136","18248963","569577914646","256305415490","91196075810","114979779731","109975556995","113383373810","140043128300","157560188090","98745227400","195131941270","10859216066","52166339313","31161283165","195799066158","340765484164","466546487047","253738243611","7196995530","171049033057","205809149226","136799456543","126012424062","73415983065","12741486","5507477","2188090","2574094","2472844","2508915","2997543","3254667","2252810","2963400","632663","2772391","1524543","4661414","5694552","9603820","7417315","249443","4666106","4866019","2960102","2666651","1612861"
"20244","11","서울시","CS100008","분식전문점","320321871869","27931532","240415824391","79906047478","44060086865","50820667426","46691100638","48009934511","50834034951","46939558362","32966489116","6785033413","29785362970","107982249631","55106794397","97835463466","22826967992","140856806333","143242662229","4376253506","45992215667","66539321649","70330470636","60798396295","36062832829","21311662","6619870","4019882","4481755","4138931","4259279","4411815","3872168","2747702","436483","3139175","9110899","5068971","8486252","1689752","12633715","13920083","479584","4524839","6291074","6341615","5562053","3354609"
"20244","11","서울시","CS100007","치킨전문점","117988037911","3707902","86215175228","31772862683","13941520888","17633692131","16519575704","17528242785","20592143720","19058014428","12714848255","8552771782","679280603","4594207520","7589554796","50033926676","46538296534","65460569656","37590932887","889975318","14561747986","22525780569","24008985990","25322898846","15742113765","2662173","1045729","422536","564218","523034","527745","624640","603476","442253","187230","19999","230160","338716","1762783","1169014","2112909","1370814","44730","511061","717596","783900","849424","577005"
"20244","11","서울시","CS100006","패스트푸드점","179916256070","14405839","127861157502","52055098568","22768695752","26584614925","25056995430","25720495682","27730355713","27707707233","24347391335","4074915330","12022045044","54077721840","32723011366","62239822285","14778740205","83611045895","73740271541","3350075754","34132573692","42299936806","35059479130","28254612550","14254639518","10397241","4008598","1924237","2142125","2053287","2080682","2196910","2146510","1862088","484789","1245642","4103316","2594666","4593648","1383778","7270290","6500009","365564","3337171","3870613","2846625","2226905","1123422"
"20244","11","서울시","CS100005","제과점","277166214129","25438374","204587241807","72578972322","36831386519","46671245007","39759885495","38386169256","42938555530","40150323813","32428648509","303668519","48248026838","71415735669","66834318061","75485025537","14879439505","98379747010","145028155907","1935286278","32982054826","54671362316","58669971620","52978162886","42170708286","18885736","6552638","3543200","4097695","3738867","3636811","3869163","3589073","2963565","27160","4985015","6032393","5789236","7081269","1523301","9591742","14705004","288066","3830468","5585322","5582246","4999893","4010685"
"20244","11","서울시","CS100004","양식음식점","372102952020","8008121","259969680847","112133271173","41063374642","54243725534","53893407191","51846926996","58922246484","65398559783","46734711390","18216930374","3028094314","104226246166","50601594528","132658825325","63371261313","145639228209","140558433741","3271333301","64917046124","91080555571","59434178819","43295610961","24196728454","5705434","2302687","981946","1190016","1159455","1128764","1245253","1276836","1025851","240330","155769","3164230","1255992","2569279","622521","3270590","3869200","138650","1897581","2175840","1430560","1026496","470584"
"20244","11","서울시","CS100003","일식음식점","286778302805","6643257","221751496460","65026806345","38826660717","45491106830","43231587777","45128206767","49073934369","40874144314","24152662031","9135560119","696685166","86944665881","23275180930","110365135547","56361075162","122112110612","90027298651","2723702869","48075251046","63084947829","41309098494","34347602748","22598885492","5222970","1420287","961035","1089222","1021324","1042428","1108961","834483","585804","123262","38917","2995068","735233","2210003","540774","2946760","2855889","146062","1574769","1658472","1075449","883915","463959"
"20244","11","서울시","CS100002","중식음식점","303065673539","8861056","223369167211","79696506328","38562773337","46501949120","43336306779","45485133882","49483004093","44070917764","35625588564","5991457113","2616549600","110414424518","36059791519","116060996979","31922453810","140561844940","89940992029","2311983650","37626175300","58109279351","50684100961","47128876063","34642608808","6725878","2135178","1202271","1414882","1319994","1355540","1433191","1151488","983690","132270","107306","4156794","1298499","2738621","427566","4693932","3144208","141116","1418460","1867606","1702368","1591826","1116833"
"20244","11","서울시","CS100001","한식음식점","4230012388626","107048815","3134427012554","1095585376072","563979802092","645012634964","601920688529","627299958891","696213928078","640986919687","454598456385","146670694045","80141043870","1163324069495","409482705637","1754413584734","675980290845","2039638740757","1272722454267","18423512080","477037860338","769234151815","661399893027","717146002630","669118732049","82574783","24474032","15882688","17278518","15940272","16208857","17264448","13894921","10579111","2979026","3530138","44432340","12632578","33715926","9758807","56471451","38406573","850226","14397431","21135100","18701753","20651729","19141619"
"20243","11","서울시","CS300043","전자상거래업","43369815335","963214","32130089688","11239725647","7118939378","5057091205","5596118278","7110924037","7247016790","7257260240","3982465407","393912746","2458867525","11338175827","15378789943","11207578570","2592490724","19483240037","20333675886","607624324","8611162979","12464262982","7141375679","8095221103","2897268853","623304","339910","120015","107831","117689","137845","139924","197192","142718","16921","29955","237063","329142","298082","52051","380071","559672","33766","324115","245850","157014","106718","72283"
"20243","11","서울시","CS300036","조명용품","414402934670","3719275","378003093761","36399840909","91855594778","64499701727","79150604310","67161735546","75335457400","26460512052","9939328857","875033818","104794953312","128050983449","150128958045","30438833139","114172907","214475767875","89313578888","43499020","3551907304","29853958488","77634100021","109103723652","83602167932","3186110","533165","728819","610537","585904","618281","642569","433154","100011","9322","981571","1130644","1173378","422826","1534","2071848","790878","1871","79396","306933","500135","875547","1098860"
"20243","11","서울시","CS300035","인테리어","48412697845","857577","39993532114","8419165731","8280771036","7575523264","7400618935","8779820981","7956797898","7409259590","1009906141","24446721","13856643160","14072771127","14518475873","5872099367","68261597","23025129518","15161318866","82112358","1056677127","4741231002","6925771492","11348837671","14031527805","700749","156828","153549","128750","128175","140684","149591","124608","32220","1164","225975","267233","229658","131414","2133","433562","294652","6684","33365","77657","120356","191836","298280"
"20243","11","서울시","CS300033","철물점","47364542547","1284052","39648112455","7716430092","9027500641","7245805154","7351131313","7768871242","8254804105","6742735554","973694538","98157427","13638614253","13769310259","13378462466","6383566835","96431307","22406006791","12899700823","13119459","999702233","4200356865","7455642272","9815888610","12815998686","1064124","219928","231288","205817","203048","206501","217470","173980","45948","1252","381306","363173","355377","181480","1464","708343","282093","1183","43532","143870","183270","264908","353579"
"20243","11","서울시","CS300032","가전제품","280247167268","668579","180978786378","99268380890","46910440191","27972315113","32699596073","35393009418","38003425583","48309393049","50958987841","52217","15119406016","72781499134","102844377796","86757536581","2744295524","148011137796","127285126852","66395755","10262279430","54224325985","56878735919","73582923711","80281603831","422637","245942","98328","72228","83291","79486","89304","126395","119547","9","49395","179909","228379","206248","4639","377920","278538","799","34982","129509","126687","161845","202637"
"20243","11","서울시","CS300031","가구","131436644193","387752","84624136585","46812507608","16705544595","14319447607","15124685563","17461313622","21013145198","25559000070","21253507538","55259655","10117166545","39859629831","49458511548","31558979038","387097576","55979826669","66114246486","8856770","3378624942","25077118319","26691489138","30281711189","36656272783","268603","119149","59931","46664","51861","52967","57180","65834","53315","394","36520","111712","146974","88427","3725","132341","215648","640","36134","84113","74628","74486","77980"
"20243","11","서울시","CS300029","애완동물","12970980539","326103","8892839962","4078140577","1474957763","1490885274","1723294508","2230646685","1973055732","2156823435","1921317142","36234623","639165913","3484071147","4203757856","4141985050","465765950","5505999750","7146435855","41106789","1289373603","2222708421","3082701692","3136015078","2881183292","220792","105311","49279","37935","39891","44696","48991","58732","46579","1818","21917","77481","95497","116100","13290","124925","198526","2506","37802","56661","53816","86093","86559"
"20243","11","서울시","CS300028","화초","57280830911","1206542","46028524588","11252306323","10040872075","8483701469","8370772505","8998152104","10135026435","7163097340","4089208983","572957021","11024519480","15606671797","16881056138","11710315602","1485310873","19250905763","21698756564","171779474","4225396562","9409830907","7536702301","9252718965","10353234102","909669","296873","178376","159227","174119","174014","223933","194208","102665","8705","155944","348864","340128","326946","25955","443372","592342","10886","194507","265446","190207","186299","188377"
"20243","11","서울시","CS300027","섬유제품","27090179621","381961","21670642674","5419536947","4146779958","3312389869","3439382198","6269008823","4503081826","3391038641","2028498306","0","3813575534","8541335687","8696975395","5981076398","57216607","9059459030","15524967645","12155478","678050241","2559558814","4228473161","6428503593","10677685391","298112","83849","70467","50308","48660","62840","65837","57164","26685","0","59412","122027","130291","69499","732","141698","210552","231","11741","39024","40169","96289","164797"
"20243","11","서울시","CS300026","완구","28502468467","1860614","16413387954","12089080513","3573869787","2724463735","2868381789","3238273673","4008398970","6636614177","5452466336","15675127","1047904465","6547284511","9918432397","10236790007","736381960","16309108811","11458557879","357299216","4753233481","8754888069","7987458870","2378896085","3535890968","1056105","804509","206236","174525","197844","222853","254647","450178","354331","272","53127","342416","639397","792415","32987","760363","1096999","62246","646547","532553","429075","104851","82097"
"20243","11","서울시","CS300025","자전거 및 기타운송장비","35048678247","277699","21030871846","14017806401","3114822703","3444665942","4125769976","5202199660","5143413565","8367162339","5650644062","4811246","1760534963","8451629483","14943430574","9792469885","95802096","24692800812","8392780775","117603211","1167446516","6442136513","9099918688","7554661916","8703814746","170125","107574","33831","30058","37032","33711","35493","63740","43834","138","30740","75738","92095","78304","684","201868","59373","5011","14102","35809","66468","67393","72441"
"20243","11","서울시","CS300024","운동/경기용품","204881096028","1577704","140523156413","64357939615","28710949627","21718781151","29187353679","26280657653","34625414303","36633898752","27724040863","751750567","18153969097","53851691099","69958183410","58636273926","3529227929","117207597745","65162004326","1111577148","19355300209","37151545972","50041440281","40970627315","33739422564","996484","581220","189834","169720","204644","200858","231428","316105","265115","32471","129000","384276","505212","456116","70629","973535","548574","37031","223944","300361","372151","326939","261686"
"20243","11","서울시","CS300022","화장품","346765815848","3798219","284675332498","62090483350","60408765843","58719426753","55534523425","52730439697","57282176780","40931504492","21158978858","3322549404","33381931294","94946184954","110433458383","88155856399","16525835414","109371298735","220747611386","1490377378","42459247107","69233476112","78912603759","75954669498","62068481554","2711958","1086261","563360","495762","529607","538809","584420","646674","439587","46616","339087","952840","1141177","1125106","193393","1150118","2573290","53852","741483","773171","605789","687932","861171"
"20243","11","서울시","CS300021","문구","267592290132","8908871","247166416872","20425873260","52626121990","45940091578","51619853992","48091771971","48888577341","13796655160","6629218100","191522414","45309631842","81109884511","103575721618","35534255068","1871274679","74905828293","48873851577","1340705605","9725031728","18525593396","27304003913","30882010664","36002334564","7361356","1547515","1568095","1419693","1454351","1424964","1494253","980420","567095","12012","1178030","2640939","2937854","1996479","143557","3370420","3714018","215994","1099976","1407082","1927283","1372307","1061802"
"20243","11","서울시","CS300020","서적","89919291540","1831367","77970847883","11948443657","19563994445","14173292364","11169543599","15723766124","17340251351","6752526491","5195917166","42748701","10900851548","23188830311","37793013841","16629387513","1364459626","35073299353","44129263201","1279703965","6762802969","11750427010","25179789021","19161180892","15068658691","1298921","532446","278436","247487","247739","265803","259456","247034","285412","227","188538","469219","600935","518402","54046","749555","1040720","69123","241904","282549","569874","426146","200652"
"20243","11","서울시","CS300019","의료기기","277822871612","582404","260723111732","17099759880","65362377039","49144870920","42365089960","45206441195","58644332618","11876365157","5223394723","0","48070588288","102619601230","109734837050","17333050893","64794151","195680106925","64797005935","11846584","2455330731","15223756247","70734656703","90997894103","81294952556","488356","94048","107431","97397","90952","89117","103459","63583","30465","0","119422","214868","200825","46984","305","325730","242432","248","13935","50665","97317","127736","278826"
"20243","11","서울시","CS300018","의약품","1693752774379","80003167","1499145266747","194607507632","346040888480","286563946334","277851222865","262435519760","326253689308","166624144111","27983363521","712516561","397888897237","511836709625","514840938491","260661313701","7812398764","887634298782","777374459563","2568866749","81911412342","240507964331","324638279562","413771627887","601610761363","67669878","12333289","16849481","12475191","11753249","12129196","14462761","10151142","2182147","34916","17708530","21892287","22293955","17375977","697502","37047237","42816855","343578","7542040","14525686","16340700","16790025","24322062"
"20243","11","서울시","CS300017","시계및귀금속","290899431960","639183","232868412723","58031019237","44862983439","50397697339","42326202981","43783764691","51497764273","36649317751","21381701486","0","22684024555","89077818713","115689831615","62848454373","599302704","136181076810","138241355485","275358173","17131232001","51591908159","65260721010","65735013819","74428819643","508244","130939","110268","97591","96314","92812","111259","82411","48528","0","46231","192206","245536","150131","5079","255645","325143","4094","61360","141873","114838","119771","138835"
"20243","11","서울시","CS300016","안경","130481604544","1358519","91098976752","39382627792","20000776423","16285553363","17647282425","17683362651","19482001890","24001670243","15380957549","582129","6347863188","33520661252","41170899444","47494932088","1946666443","58811215558","70220550668","1003387889","20216070591","24831934270","28991933958","31502206949","22466237553","982975","375544","208412","177679","192597","190731","213556","226659","148885","229","68913","315099","390089","549481","34708","490306","862743","30626","378103","282481","248451","253166","160129"
"20243","11","서울시","CS300015","가방","52018847138","1465279","33031639079","18987208059","6029695737","6237483566","7225778962","6485815864","7052864950","11127423667","7859784392","4222214","1702084967","12520373710","18924538085","17289550003","1578078159","18551205962","32302256698","179446833","7263605169","11470505867","11162555784","9654618703","11122730307","895817","569462","169611","161007","191826","178008","195365","319439","250023","566","64747","336307","458578","531836","73245","496714","960955","11059","314168","358400","281875","253210","238953"
"20243","11","서울시","CS300014","신발","112014092447","1198458","81164794991","30849297456","13852911234","20696049235","14086056405","15225636395","17304141722","17523807300","13325490156","194406563","8953748358","40292387915","32669565483","28319814328","1584169800","53372703173","49898063022","500249968","11775536419","18844377448","18250543398","29083433631","24816625320","808009","390449","166514","147860","163718","163267","166650","220295","170154","1354","79425","325104","406275","356873","29427","510218","659924","10923","170480","203941","188930","224720","371153"
"20243","11","서울시","CS300011","일반의류","1630030871842","29643677","1015145558781","614885313061","194038860837","180156448186","211069384109","206947565385","222933300264","338872737953","276012575108","4383758333","48119932964","412591786767","596077222776","524212175362","44645995640","589556252687","1001489553334","8043261897","188837363493","345070959976","335283950085","353518464887","360290027705","18978445","10665232","3681494","3492580","3950759","3729687","4123925","5713921","4951311","54699","1556093","7275932","9579173","10120334","1057446","9954343","19562166","310659","5033382","6490530","6085844","5913004","5683056"
"20243","11","서울시","CS300010","반찬가게","834230056170","32501744","696140329016","138089727154","157481511589","126649610722","137510934849","130458848499","144039423357","101837520990","36252206164","130753281502","193230585032","216072107066","167389595569","87656110830","39128376171","351098815992","345015147302","821934072","27937919630","95148138998","149928495957","181064608942","241210916886","26375375","6126369","5784260","5023858","5114832","5079668","5372757","3723980","2402389","1528039","7239137","10158300","6462711","5866680","1246877","15357807","14937766","190358","3896771","7095865","6157793","6326482","6628285"
"20243","11","서울시","CS300009","청과상","1101538553363","36516686","790284752359","311253801004","173273432972","148658171139","153758502864","146051232940","168543412444","196391282032","114862518972","36664377957","283651010377","294245251336","307624271607","166573964757","12779677329","477566114291","527342245039","949124848","22946440052","88918533803","146481737970","244128974915","501483547739","24750002","11766684","5373140","4514878","4605379","4828469","5428136","7025771","4740913","221566","6858723","10164009","11252050","7657332","363006","15824634","19886110","30246","815542","2826435","5289522","8649632","18099381"
"20243","11","서울시","CS300008","수산물판매","1130166556328","17179180","729107209044","401059347284","158472668835","146724046950","141985920600","123500517458","158424055201","245415511959","155643835325","41811076522","236670527755","236852230746","262172148854","322975502463","29685069988","565738494427","409531786348","403374895","47792154234","169529251768","181089670718","201709748448","374746080718","10590199","6588981","2375036","1904056","1920356","1949778","2440973","3938732","2650249","360612","3044535","4200350","4662904","4589982","320797","8377913","7814528","6317","771438","2304490","2653928","3456631","6999652"
"20243","11","서울시","CS300007","육류판매","822158589059","15303263","606633278594","215525310465","118484764552","113323542593","108106702385","115714828848","151003440216","134666316090","80858994375","10041517761","174058768277","222399694921","228932371724","174913279247","11812957129","335607693539","430445969625","248856177","15474482294","77790551534","114797937221","183252706264","374493077592","10596666","4706597","2323194","1875274","1938074","2029658","2430466","2760372","1946225","97220","2428614","3530542","4294031","4719529","233327","6306251","8691990","16095","477155","1534191","2414903","3927737","6628149"
"20243","11","서울시","CS300006","미곡판매","117699098016","2591385","100382435674","17316662342","22541548787","17713336724","17639772117","18906632115","23581145931","13631623336","3685039006","11468526257","41034139039","26198910107","26256439386","12492144482","248938745","42348106271","61975654364","8313634","1335527571","9649387343","12076049699","18709838417","62557479468","2020994","570391","473930","363827","358144","376580","448513","427753","142638","89178","705639","701975","703705","379254","11634","1060724","1425121","829","37395","149720","275008","543412","1479593"
"20243","11","서울시","CS300004","핸드폰","90982807967","2376437","72658018436","18324789531","16946672533","11872566934","12926543293","14308992775","16603242901","12628484723","5696304808","1158871127","3596675924","20074391261","32926603399","28277196437","4949069819","47406303941","33274292806","472987402","7645793427","10984255129","23420883975","23167499176","14989177635","1792304","584133","391221","326060","364444","337298","373281","372794","211339","28522","197541","585483","631136","763337","170418","1147945","1146673","48714","303538","370888","566771","477801","526902"
"20243","11","서울시","CS300003","컴퓨터및주변장치판매","693331769133","9155496","618853393915","74478375218","136138252795","105307450134","107844402651","144698930747","124864357588","53065989501","21412385717","430644318","96425764187","241249697718","245076118673","105372198525","4777345712","263732562432","118909333858","1370576583","43261964596","81659783397","99230075307","105664642896","51454853518","6336169","2819327","1307752","1104775","1179180","1226897","1517565","1561977","1257350","88289","1256936","2713895","2735526","1971480","389370","3822583","4702253","269060","2856496","2244734","1505013","1024382","625160"
"20243","11","서울시","CS300002","편의점","1131581309930","165985978","834792096833","296789213097","172356835176","159486946689","162624659869","165021248549","175302406550","158070521154","138718691943","101810632624","180633324896","169440205880","171107914467","315729906420","192859325643","668869482812","436400546192","15342702776","227439447212","312580188699","240122925237","202289899891","107494865234","124129192","41856786","25793701","23995614","24382404","24470165","25487308","22204978","19651808","13913005","32297180","26810911","25068897","42140217","25755768","100792950","63123710","3546395","37103083","46749462","33300287","28146842","15070636"
"20243","11","서울시","CS300001","슈퍼마켓","1194980499785","109492333","866638249202","328342250583","187771866854","164437059995","165043436688","165412129294","183973756371","180112862802","148229387781","36424282786","170075945037","226059708378","252664696387","383365918151","126389949046","599259705993","535365693838","6279082902","100066472685","198829983615","235537250973","285084802565","308827807133","80502045","28990288","17230108","15464331","15614896","15685354","16507356","15524003","13466285","4198061","17516452","18962449","20123923","35086288","13605160","60367346","47576690","1672911","15046260","23703853","21933436","23694179","21893394"
"20243","11","서울시","CS200037","노래방","118403427709","4740621","77575866448","40827561261","12800260092","14809541613","15318431166","15836022278","18811611299","23728258567","17099302694","46427312443","2005734063","1158271090","3493714805","19150698826","46167696482","87723075936","21555618528","1444805889","14429817707","20499822911","22925696814","31660903821","18317024759","3044523","1696098","577316","541277","579352","593712","752866","959400","736698","804254","47454","227413","523789","1493585","1644126","2782872","1908008","320631","2003008","1227048","484733","447976","207466"
"20243","11","서울시","CS200036","고시원","219413547","429","156874462","62539085","56005084","18625257","18625257","31809432","31809432","33734737","28804348","0","31809432","18625257","42820909","33734737","92423212","151304067","68109480","0","70985251","53000000","0","95428296","0","298","131","89","41","104","32","32","73","58","0","32","41","98","73","185","219","210","0","218","115","0","96","0"
"20243","11","서울시","CS200034","여관","66846551483","1268476","45882940520","20963610963","9835196961","8660760226","8726616371","9059335045","9601031917","11035711281","9927899682","19019679319","4576158063","4400681116","9382799425","18839548258","10627685302","34638804238","12333788259","563986366","9639662558","11740893164","9624297263","9747134639","5656139600","821961","446515","163766","155096","166390","166635","170074","233520","212995","260199","68240","124630","202167","354669","258571","869820","322857","18482","385561","328263","180558","170101","109699"
"20243","11","서울시","CS200033","부동산중개업","7764750633","563300","6312033187","1452717446","1186872931","1747395487","1154377055","1036291536","1187096178","900724829","551992617","204689720","1275332732","1888862317","2530566649","1491422920","373876295","4312007104","2261260303","2460315","912317781","2131140529","1435904366","1035152412","1056292011","443757","119543","93530","88936","86318","83690","91283","76976","42567","11243","58585","151123","183140","128599","30610","309725","163797","378","49140","131632","114105","109072","69193"
"20243","11","서울시","CS200032","가전제품수리","14100444705","197253","12457025617","1643419088","2308635178","2846896270","2196333171","2592049705","2513111293","1485967626","157451462","26235494","2255999478","4220889877","4937632629","2340199704","319487523","7423086975","4746360103","23078265","576160033","1663425696","2677130849","2969673814","4260107564","159297","37956","32857","27114","29023","32249","38054","26386","11570","4741","28981","47453","59900","42847","13331","115310","67513","6634","31118","30201","31238","37102","46519"
"20243","11","서울시","CS200031","세탁소","34329976575","2083167","27498601021","6831375554","7309867887","4724069051","5335496923","5212552075","4916615085","5463006814","1368368740","495385196","5307256276","7718676504","9587519534","9721818129","1499320936","13836085692","14312204669","75195618","3599768344","6658281173","6530037069","7078737762","4206159455","1536781","546386","364610","275740","322598","270847","302986","369449","176937","74360","300246","403788","476600","648698","179475","1025122","993710","10278","404041","513545","405253","444761","240928"
"20243","11","서울시","CS200030","피부관리실","55824895913","286496","43143175898","12681720015","7653291963","7865100487","8687658952","9241038307","9696086189","9718402723","2963317292","627975131","2343084157","13668972231","15835128051","19340344702","4009391641","13544735735","40934537684","89011050","9542399294","16755059519","10960066797","10210147912","6924729891","214561","71935","40150","38107","41462","44471","50371","51123","20812","5248","13688","73466","79702","99713","14679","72285","208956","1357","71393","94862","47685","39922","26021"
"20243","11","서울시","CS200029","네일숍","17535556924","215222","13366433077","4169123847","2675485772","2553554797","2442335451","2696914563","2998142494","2807968981","1361154866","17580861","238859688","4472713997","5277764847","6832929747","695707784","2740059904","14559460983","64640845","3040187365","4649618914","4190115536","3156631593","2198326629","166284","48938","31383","30836","30814","33934","39317","34309","14629","111","3722","55636","62704","85716","7333","30284","183691","1665","48466","63133","46307","33847","20563"
"20243","11","서울시","CS200028","미용실","276302628525","5582333","175647104882","100655523643","28096694899","28487027158","34834594038","38284116622","45944672165","62973455975","37682067668","314647808","9981686979","71362216566","93658615082","96203506436","4781955654","113259473016","157087232474","2028909705","35898279840","59233687197","62998031551","64644977964","45542502565","3637307","1945026","654535","570136","717673","777378","917585","1183595","761431","3589","301539","1520439","1779382","1927943","49441","3118157","2440631","52982","684031","1151533","1234554","1385110","1050605"
"20243","11","서울시","CS200026","자동차미용","12556906369","152179","9300330101","3256576268","2012447298","1636046357","1964060247","1648417208","2039358991","2310976500","945599768","6904338","2374183084","3620047652","4111052780","2403011322","41707193","6482547385","2541514793","1437644","267114388","1875185696","2643943206","2285298395","1954107838","106917","45262","22647","19275","21709","18340","24946","28060","17202","240","30908","45855","51420","21715","2041","77176","32064","17","5342","23516","30345","28704","21363"
"20243","11","서울시","CS200025","자동차수리","302092511511","1466279","260508422959","41584088552","53665850961","48209754884","51428221223","50266411940","56938183951","39227127695","2356960857","95867833","50603215544","84304819663","103180311101","63306858760","601438610","193388521859","66840196079","23717253","8701508776","43615544369","60750703743","71897566828","75230974995","1241124","225155","277694","226340","231216","234777","271097","208998","16157","383","315525","428834","488184","231740","1613","960890","329571","153","48629","223048","297524","348280","372812"
"20243","11","서울시","CS200024","스포츠클럽","107947018470","554096","95095896350","12851122120","24784212938","18664982528","17213243770","17165548858","17267908256","8248611970","4602510150","767032638","12470076422","16928711200","20287840681","42521624569","14971732960","48412017353","54748324588","480225310","23579145342","29638178743","17338897820","20524367852","11598781516","420493","133603","106486","81955","78341","77077","76634","71406","62197","25229","71757","84852","102277","186533","83447","314584","229586","10863","142849","157383","84089","97710","51299"
"20243","11","서울시","CS200019","PC방","99325859828","18177387","64529829906","34796029922","13374394351","11833667495","12492883725","12311823996","14517060339","18353596139","16442433783","14100989729","6420880785","12059815608","17819635245","29566219637","19358318824","78654570121","20609180578","6879533351","42472119449","29166853329","10369979781","8153147344","2222117450","11900034","6277353","2480708","2185408","2312722","2268572","2652624","3289523","2987830","2468388","1135701","2135560","3486146","5481592","3470000","14160018","4013868","1715702","7996399","4745616","1874361","1477333","364469"
"20243","11","서울시","CS200017","골프연습장","71623980424","1487737","48577532818","23046447606","11092388693","9222939206","9611690837","9439266162","9211247920","12011010811","11035436795","3059891561","7124359505","11565263016","14426784241","23533454250","11914227851","48011095218","15300301286","30838882","2531916807","10359773280","19234136458","20750067088","10404744305","937703","550034","186973","175777","192091","186407","196455","283599","266435","60436","132049","279938","292006","466471","256837","1106543","270343","1229","49506","211672","381536","494510","238462"
"20243","11","서울시","CS200016","당구장","36882381880","1777078","25889580708","10992801172","5729602747","4755547254","5050070080","5137579013","5216781614","6222053155","4770748017","2388675733","1770065179","3087017632","5942193677","15278510630","8415919029","27387607372","8101436526","487596253","3942454335","5536519632","6439500075","9884730079","9198243544","1171181","605897","228101","214041","230560","230582","267897","339193","266704","135054","22173","97994","294261","738158","489438","1504185","244737","52068","220478","199468","283242","513685","479993"
"20243","11","서울시","CS200008","한의원","251286598714","7077070","202783840764","48502757950","49925748114","38346541910","33789200471","32747773632","47974576637","43196684055","5306073895","26101400","33571771362","90500349290","71112263498","55620944429","455168735","91511858162","157661883943","285808656","14377134334","41507655439","53557954358","63670405943","75775728532","5934928","1142142","1416746","1071581","1090909","1001681","1354011","983968","158174","92","1302221","2326034","1936532","1505335","6856","3047649","4016290","10350","323152","886760","1149527","1521765","3172409"
"20243","11","서울시","CS200007","치과의원","648139489078","4379600","561874807761","86264681317","132808586110","121325606570","99259436170","85679951984","122801226927","81711553935","4553127382","141851","88553896777","227348058134","205345336283","125647584994","1244471039","323794325759","321645475277","805935639","41242269103","88379190906","137042405351","170589168482","207381524778","3765218","614382","897398","783789","674927","568575","840529","590759","23623","7","812944","1331622","1466592","765729","2706","2160462","2211372","12792","355396","701705","1000193","1033204","1268601"
"20243","11","서울시","CS200006","일반의원","1804261777135","45840354","1507298440527","296963336608","359299765108","281218229827","243509987636","264052248556","359218209400","280377508739","16585827869","362961274","414342813663","568081574150","522112966440","296628000793","2733460815","682842187111","1117253690563","4254759686","195740876470","385192960735","417160931213","404200990446","393545297637","39329057","6511297","10031878","7172123","6403269","6924089","8797698","6072309","438988","1442","12808512","12460263","13876604","6651699","41834","20733992","25079916","236686","3549324","8116852","10240481","9565521","14105046"
"20243","11","서울시","CS200005","스포츠 강습","125621989726","560552","114839751900","10782237826","30659656338","22683014516","19959596104","19905795231","21631689711","7980345220","2801892606","313273700","10780496989","21717738293","27194815821","53891902018","11723762905","44909131421","76391286774","264735815","14179488115","30537603201","48808297731","20404872792","7104969583","472987","87565","124015","90482","86423","81608","90459","51815","35750","7645","48826","78575","135453","230966","59087","248918","300209","10499","73887","124032","237206","76375","27131"
"20243","11","서울시","CS200003","예술학원","154245240733","647420","128497423328","25747817405","30026361385","24837592303","24453898727","24840147206","24339423707","18539761294","7208056111","504851212","12213534870","25947030211","49728199959","54404484901","11447139580","63219570756","89667909452","663408983","7588346359","21311371417","82809010368","34819264371","5696078713","560500","86920","136264","108464","108702","106683","100387","64723","22197","2262","50452","113054","233493","215992","32166","254449","388319","3040","35451","115962","377855","88348","22110"
"20243","11","서울시","CS200002","외국어학원","84765875786","214944","77636587316","7129288470","20218592609","15225920556","13907841828","13578379472","14705852851","4472034493","2657253977","705940624","17509764008","15375838297","24909631621","21327975118","4936726118","36034578398","47939710068","89117097","2054763276","14175493526","53308822050","11495990713","2850043522","190785","24159","49250","38747","33733","33884","35171","15279","8880","2161","33761","35404","63131","66253","14234","84819","128113","655","9654","30164","134698","30406","7353"
"20243","11","서울시","CS200001","일반교습학원","948677314040","2958336","761917263407","186760050633","188448094819","149314430782","138262374454","143011713499","142880649853","113351388994","73408661639","10060903501","105949682823","135259387792","262740386799","346552038258","88114914867","402670190326","541051959963","1648019442","6056023774","46304463733","585306787370","279755121941","24652429024","2351657","606679","579276","463234","423276","448655","437216","364925","241754","34056","370317","421415","824144","1042609","265795","1197605","1750914","9719","29452","176353","1871839","791263","69906"
"20243","11","서울시","CS100010","커피-음료","757806597179","100066861","565772525111","192034072068","111200900936","107459947373","114519631990","111497594623","121094450189","104989869237","87044202831","4902984874","117462066242","265195599702","181335705728","155445508923","33464731710","299584344743","363900995809","9934814443","152380921295","190420310486","139818875746","110649217393","60281386117","76443151","23623710","15543696","14633811","15319218","15003990","15942436","12855212","10768498","334650","23016521","32991731","22468600","18065675","3189684","44243476","49679113","1571540","21958890","28023818","19512323","15283592","7572219"
"20243","11","서울시","CS100009","호프-간이주점","805194729231","17880458","559027487152","246167242079","98085451711","101633519600","110751611960","113463072850","135093831031","147777349315","98389892764","195476976719","10519526710","46626308280","27408638858","189184938954","335978339710","463272334277","248934143285","6106379429","168801000484","204496564868","133901342113","126000364514","72905135903","12523580","5356878","2340594","2273526","2458446","2471414","2979600","3114776","2242102","3048655","620352","2531793","1317667","4539849","5822142","9624946","7074328","198290","4469038","4794504","2968790","2669290","1599545"
"20243","11","서울시","CS100008","분식전문점","311469647310","27282727","232198937193","79270710117","46731896247","43496207062","45690047440","46520340530","49760445914","45430265089","33840445028","6291316393","27719332082","107202144658","50825249959","96945414147","22486190071","138974325244","140080858267","4059755701","44111340910","64536277884","70509905657","60293340869","35544562511","20684285","6598442","4184047","3932053","4072174","4139122","4356889","3794967","2803475","410366","3012128","9058876","4663031","8460545","1677781","12409340","13546000","448123","4257557","6108366","6338670","5491421","3311311"
"20243","11","서울시","CS100007","치킨전문점","126712572768","3905784","93607092778","33105479990","17130040855","16589165651","18970674902","19010770373","21906440997","19053747737","14051732253","8774021127","609769567","5108891614","7539329057","55178979388","49501582015","70507916344","40137252930","763361421","14444686697","23957119184","26029175695","27646100009","17804654486","2817482","1088302","511347","500357","569943","573249","662586","609067","479235","194703","27781","247950","317495","1869727","1248128","2235154","1426257","37505","492914","755555","825126","909514","640808"
"20243","11","서울시","CS100006","패스트푸드점","181127864707","15120154","127435308162","53692556545","24823580189","23856210560","25493540433","25494490584","27767486396","28312543800","25380012745","4098184438","12288971275","56246821543","31450212939","62252794748","14790879764","85633821993","75195144685","2965467842","33962410778","43774100327","36078515956","29024091440","15024380307","10875907","4244247","2180570","2051639","2173910","2171303","2298485","2252784","1991463","502829","1319317","4345929","2644089","4850897","1457093","7651654","6822578","335317","3407735","4107347","3022121","2353119","1248626"
"20243","11","서울시","CS100005","제과점","252887710358","24163819","184873778121","68013932237","36564909810","34804579379","37284625685","35915671381","40303991866","37456361256","30557570981","278419979","48127142185","65175326622","57137709633","69200497448","12968614491","89033421299","135911348774","1517345916","29427175531","50536003744","54758795802","48825698285","39879750766","17901512","6262307","3629121","3408416","3634925","3473685","3755365","3430759","2831548","22512","5046610","5721907","5170169","6803010","1399611","8963510","14111924","224804","3435678","5318812","5348869","4779051","3968225"
"20243","11","서울시","CS100004","양식음식점","329381858873","7993743","225499426994","103882431879","37984457332","41519918318","45904398035","46793367542","53297285767","60491014713","43391417166","17865935115","2871819894","96899388608","42871184760","116633090688","52240439808","131782262160","130887044794","2605838565","59507834445","83015013825","55701540269","40428577907","21411326124","5683078","2310665","1032353","1055564","1159801","1152558","1282802","1277417","1033248","241785","155642","3119959","1174279","2678842","623236","3283311","3885109","123106","1884410","2191768","1457804","1036995","474319"
"20243","11","서울시","CS100003","일식음식점","268041089895","6731520","206064975625","61976114270","37920892558","38667339293","41187614538","41886809825","46402319411","37901475220","24074639050","8384075495","633986368","86850622554","21615357971","100519101516","50037945991","117178897423","86616098308","2238173975","45069654238","61336838359","41208382915","32690857352","21250840738","5292330","1439190","1017990","1007201","1063061","1055088","1148990","835075","604115","111855","40238","3128718","724330","2211648","514731","3033770","2864165","124553","1521414","1702961","1129322","918428","501331"
"20243","11","서울시","CS100002","중식음식점","273584868460","8450414","200763702763","72821165697","37154422941","37369021329","39943815194","41517283467","44779159832","39729299894","33091865803","5554053402","2648873417","103509643462","31428599295","102592667923","27851030961","129728042170","82731596869","1904277938","32673046674","53628396525","47196033178","45061617675","31995918678","6399046","2051368","1207296","1201996","1273794","1311868","1404092","1104941","946427","125723","115578","4005365","1178537","2619456","405755","4521126","2967167","119531","1264144","1784171","1655952","1561948","1102570"
"20243","11","서울시","CS100001","한식음식점","3873742135864","102188708","2860543291021","1013198844843","553556784111","529013249813","566286393539","577936000415","633750863143","583107885211","430090959632","134295196404","77892404302","1111059101396","357155617509","1588396296732","604943519521","1904120588250","1182282471035","14040336645","425334407906","720963852677","626314745482","677067977825","622685063143","78607550","23581158","16006039","14855591","15406196","15608268","16731456","13285212","10295946","2808054","3361955","42749925","11464184","32473460","9331130","54577281","36198185","652264","13022590","20394325","18025535","20010594","18670263"
"20242","11","서울시","CS300043","전자상거래업","43192502223","895061","30365922885","12826579338","5092221539","4629755020","5677891059","7405075674","7560979593","9489055721","3337523617","1029938913","2734360794","9882129412","14731550098","11505215899","3309307107","19872987898","20162280477","281506267","8932669568","11017510194","7494490170","8306464668","4002627510","578395","316666","102830","110776","112696","115080","137013","187733","128933","17317","28720","224461","279981","286271","58311","383957","481580","13510","264206","219758","162289","122037","83734"
"20242","11","서울시","CS300036","조명용품","408437106992","3561322","382674477682","25762629310","96501761492","79177434605","56842185731","70813238431","79339857423","21241840315","4520788995","962965111","104707750672","122865450959","148252695896","31476715009","171529345","226250997866","85489859663","11121993","5423678144","26539949154","78807917009","119845454169","81112949919","3105324","455998","685843","635064","576410","577720","630287","369467","86531","10466","949874","1054643","1140668","403989","1682","2030210","781858","661","82283","315008","497760","840122","1076306"
"20242","11","서울시","CS300035","인테리어","61081520828","883487","52189665487","8891855341","13401249992","10535943968","8890560837","8998482728","10363427962","7585028490","1306826851","379695306","18009695222","15836678866","18966708640","6666576202","1222166592","29451214984","21506479214","27069254","1102163645","7610435459","8226796717","15334177924","18656818364","729401","154086","147689","146898","139031","141589","154194","124957","29129","2637","259234","242712","247955","127517","3432","475192","281278","2196","25328","90987","112817","203215","321837"
"20242","11","서울시","CS300033","철물점","49832028010","1367007","42887933156","6944094854","8943765290","9638577994","7201263622","9106703050","7997623200","5932445322","1011649532","34851083","15481198614","13686542317","15146055855","5340917669","142462472","25602063792","12026273570","4975712","774415667","4664060480","5218193272","11942765846","15023883224","1145686","221321","235661","235267","210156","228269","236333","176190","45131","1509","404741","379158","379133","200704","1762","753257","290034","560","41128","158467","170443","281048","391631"
"20242","11","서울시","CS300032","가전제품","257480308697","621866","167304662946","90175645751","42263740961","29465489545","30975268189","31301734962","33298429289","46773858274","43401787477","156651","20050259180","68002509340","96515393279","72528372492","383617755","132312434477","120622372913","50923009","11250761458","51881587031","61496396043","63405153244","64849986600","395447","226419","89584","67150","79821","76242","82650","112873","113546","26","45372","162465","216896","194287","2820","351731","255904","1025","32762","125582","125310","146925","176035"
"20242","11","서울시","CS300031","가구","155805153225","428284","103529675359","52275477866","18832185391","19215442530","25729286054","18410821826","21341939558","29871751049","22403726817","97290482","10719138152","43869791561","70350357117","30637463281","131112632","67986282420","73547292224","13483024","5865590717","33038744582","27429975681","38421717602","36753943959","311216","117068","58459","63443","61614","64017","63683","70586","46482","754","47545","131416","161582","84346","2641","145420","241952","720","35979","102127","77580","83956","86954"
"20242","11","서울시","CS300029","애완동물","11881439319","340708","8028651086","3852788233","1535436542","1515383577","1739856466","1599960346","1638014155","2013379950","1839408283","40707556","677746495","2733189145","4177357382","3795463513","456975228","4974859395","6613496562","55640895","1279000080","2151986937","2260774104","2601150580","3239932583","239756","100952","47506","47095","47117","48170","49868","55958","44994","2123","21930","77204","100061","122807","16583","134256","203345","1797","34794","60243","62137","89060","89570"
"20242","11","서울시","CS300028","화초","83920025014","2096565","65873217690","18046807324","12987827591","13436209191","15291725378","11023288810","13134166720","11728689172","6318118152","486207607","15141759237","22854450584","24237822695","19149772331","2050012560","29289402285","34196352653","447518123","6928558574","13585935179","12984663825","14860780220","14677852098","1578451","518114","268577","342096","395466","253302","319010","323225","194889","8174","247080","577329","597324","612343","54315","782528","1098303","27514","312724","456740","366386","361860","355511"
"20242","11","서울시","CS300027","섬유제품","37098475313","394230","30211323477","6887151836","5022579031","6661775177","5204315418","7046071875","6276581976","4897798014","1989353822","11724252","4991716476","12863642207","13491032904","5653547101","86812373","12666376319","21317460344","11333065","547287068","3371122796","4186301976","10036243126","15831405120","316288","77942","61609","64945","60630","64034","65070","51446","26496","69","49781","128972","142645","72029","734","139272","222307","289","10489","35381","41548","99874","173988"
"20242","11","서울시","CS300026","완구","27303993433","1480802","15257854273","12046139160","2325442679","2268021682","4357406226","2433391991","3873591695","6450892745","5595246415","3930616","1307266697","6172719726","10055482278","8950708617","813885499","15781670983","9688470139","268308415","3781121595","7272960779","7983840006","2930664485","3233268434","800943","679859","134253","133930","175147","159371","198242","372870","306989","54","39743","276033","514935","618788","31249","627661","848901","45886","553536","426459","299563","84679","66449"
"20242","11","서울시","CS300025","자전거 및 기타운송장비","46384303076","319525","28218415956","18165887120","3467938887","4406624145","7053554434","5076840265","8213458225","10820439933","7345447187","2782167","2401100518","11125067406","18357070491","14407582082","90700412","32565399242","10559609602","73501942","1778162136","8584219899","14163812054","9028817320","9497010715","208452","111073","35328","35838","45061","44471","47754","63100","47973","77","26754","93625","110747","87839","483","230286","73821","3696","15416","47971","87408","73399","76252"
"20242","11","서울시","CS300024","운동/경기용품","224025846131","1755421","152201864650","71823981481","29198407234","32481744151","28169154312","26726185097","35626373856","40030928471","31793053010","823348067","15813327536","61160536894","77607741499","62760807165","5860084970","122870102277","73707038025","1137293090","18784437383","37883571433","50652681014","46641316312","41477806031","1109923","645498","202148","208741","232751","215218","251065","348953","296545","30840","137271","455483","562566","496913","72348","1066362","617538","33527","229962","315695","388690","355151","360885"
"20242","11","서울시","CS300022","화장품","357167887712","4254630","295073964241","62093923471","54032368800","62557113622","53496096669","57871441837","67116943313","38842028888","23251894583","2828356232","33683355040","98904150234","120687896005","88048847846","13015282355","113632475176","225791321129","1053229787","37255194846","71728269579","81925052213","80007227534","67445554753","3050074","1204556","559575","602277","587159","611741","689322","704313","500243","42836","386202","1070752","1308556","1245868","200416","1258214","2921948","45873","825138","870543","689772","751213","997564"
"20242","11","서울시","CS300021","문구","283059460593","10015216","259516544580","23542916013","50782393496","52620197454","45132860217","52310341504","58670751909","15125213865","8417702148","160145597","46140297731","95635641891","103828124426","36113418872","1181832076","80324773200","55816725750","1639776520","11298103855","17601936858","31811851323","36952214996","36837733810","8245561","1769655","1669175","1687555","1557474","1649886","1681471","1101943","667712","12440","1251923","2937830","3336998","2340534","135491","3729943","4360771","284594","1353837","1582671","2132941","1520784","1215948"
"20242","11","서울시","CS300020","서적","85034695616","1713212","71556361625","13478333991","15982542991","16083692705","10679146368","16746103179","12064876382","7773313597","5705020394","31737456","12650642164","18865108468","36554204282","15608921634","1324081612","33931891634","41878000105","868247382","5955426347","12213890709","23555121625","15687067092","17530138588","1191710","521502","236654","246097","229128","242529","237302","252531","268971","238","178801","432064","568192","486515","47402","701842","966506","53870","222221","289517","515294","376438","210993"
"20242","11","서울시","CS300019","의료기기","292542850378","591659","278807800592","13735049786","54694412317","65311933679","40016607393","55329790623","63455056580","11206207211","2528842575","124422784","41561378655","124136878102","104052738318","22637261951","30170568","214032915227","65512141250","25359164","2477803076","22811042422","62233817177","93001760087","98995274534","510798","80861","105341","109513","83614","102335","109995","56181","24680","458","109320","221202","204652","55735","292","336497","240116","787","14005","51090","87785","134297","288646"
"20242","11","서울시","CS300018","의약품","1673038577511","81587704","1484880919389","188157658122","335807372802","331071330638","236730944153","277168027078","304103244718","160415485408","27742172714","1386540704","378994588854","498726413126","522900806370","261282806400","9747422057","873874939956","784465922275","2425754276","77080130472","244898025213","314942646862","417763093156","601231341627","69120713","12466991","16015353","14265965","11251955","12721922","14865518","10170761","2296230","190947","17825870","21683878","22954195","18018177","914637","38195602","43267206","352802","7274193","15876925","16766872","16850323","24341721"
"20242","11","서울시","CS300017","시계및귀금속","281383114264","690378","225433413137","55949701127","49284501434","44297418347","47544998390","42282557108","42023937858","34711160802","21238540325","212848256","17518717291","80753898491","122073321577","60121798882","702529767","128414444233","126265531095","168243202","18161998453","48621144495","56590809213","64379335468","66758444506","539396","150982","105780","107602","107381","102557","116076","96548","54434","91","41343","206893","274515","162653","4883","264643","368259","3343","73821","154594","131899","126029","143227"
"20242","11","서울시","CS300016","안경","140150196079","1439919","98871758500","41278437579","19485318039","18911209905","20182453016","19321778576","20970998964","25125122437","16153315142","850387","6799564153","35785694633","44636330819","50918135708","2009620379","63001407511","75672102346","931482577","19599263453","26736326323","30479553866","34302831308","26624284438","1053174","386745","203787","206610","206417","205760","230600","229538","157207","183","71047","332023","422008","579129","35529","518543","916273","30095","377203","305706","258991","273370","189448"
"20242","11","서울시","CS300015","가방","57760376652","1563561","38552974084","19207402568","7530856497","5887095060","9320784055","7263063537","8551174935","10148748395","9058654173","5010864","1655343400","13663477074","20547452025","19870877584","2018215705","20373468384","35886368204","244729509","7615800370","14671475762","10210772078","11202106366","12314952493","955558","608003","170194","166965","198512","198156","221731","331811","276192","592","67182","345430","499124","570346","80887","526434","1027259","14276","311711","393773","291279","267052","275609"
"20242","11","서울시","CS300014","신발","125414523977","1414640","93922933784","31491590193","16925327715","24312640006","17772280273","17101297747","17811388043","17940619018","13550971175","197750558","9935155989","46103981077","39188731688","28080403029","1908501636","60767894084","57825125613","380928303","11026348711","19126145913","19057144723","34717450635","34285001414","985150","429490","179791","187584","207869","204221","205685","236580","192910","1786","101207","386768","495170","392693","37016","592963","787522","8913","169451","215824","206862","286346","493087"
"20242","11","서울시","CS300011","일반의류","1861545312991","32448189","1193365206378","668180106613","210752820307","218693078118","260891528764","245411799249","257615979940","363094291328","305085815285","4052906561","57601472649","481147937487","682033722491","589951300065","46757973738","664004204413","1156778031952","6468314421","187606309521","371157698329","378445974522","421650365800","455456890281","21191732","11256457","3687256","3922520","4472376","4424819","4684761","6070413","5186044","50958","2190564","7989691","10471310","10568919","1176747","10974258","21330044","275434","5034998","6953413","6595030","6673052","6772466"
"20242","11","서울시","CS300010","반찬가게","820456162891","32573516","696207099707","124249063184","134996832564","148489440421","134678216013","125773426943","152269183766","92906491904","31342571280","128450089288","215597409583","185857712129","163197783437","85140261661","42212906793","348483244798","343328107198","939662954","29471094289","89929391075","143101337150","188728004032","239641862483","26684663","5888853","5275518","5592922","4943079","5316382","5556762","3611873","2276980","1595579","6941391","10132888","6747281","5952364","1204013","15490723","14808465","232475","3960616","7177996","6236871","6283594","6407619"
"20242","11","서울시","CS300009","청과상","993682411956","38460803","738240365773","255442046183","141928321551","151960903240","135186754187","150873303479","158291083316","161700664473","93741381710","33805569260","254276955456","271527076224","274750371226","144146552134","15175887656","419213879034","516306368025","241670579","19743649410","85834175642","142821881900","219810476349","467068393178","27045140","11415663","5023044","5381906","5306496","5478992","5854702","6840134","4575529","209733","6491289","10800431","12301930","8215133","442287","16157785","21506927","24604","957299","3114553","5874104","9116135","18578053"
"20242","11","서울시","CS300008","수산물판매","1154991803805","17524589","716069468107","438922335698","119945747161","135787095593","154663762547","126429740269","179243122537","275489999440","163432336258","37667221631","226661208008","254290798691","271835512226","337340785113","27196278136","588004014574","404176239210","327046924","48384976466","167109382784","189301553680","200512786797","386544507148","10828098","6696491","1875231","2045220","2239568","2041407","2626672","4127873","2568618","313888","2762071","4315273","4889798","4905276","338283","8670430","7787366","8707","758561","2350505","2765096","3487506","7087427"
"20242","11","서울시","CS300007","육류판매","682096334335","15314369","521901528356","160194805979","97006771278","95742319525","102708348926","101854931168","124589157459","104295171775","55899634204","7691179880","138248018966","165443918945","192299636702","162887630533","15525949309","281585237747","368093075138","206399970","13323979010","73398791366","113215240065","156848636650","292685265818","10863773","4450596","2062224","2073369","2115638","2114131","2498411","2662308","1788288","88873","2032949","3313763","4344839","5267212","266733","6449782","8596475","12297","504742","1691565","2545139","4034350","6258106"
"20242","11","서울시","CS300006","미곡판매","128820160104","2730124","109175416743","19644743361","19022996460","23121057147","22124006304","24328601998","20578754834","16272858090","3371885271","10534606212","44338088714","28535090834","29913224420","14761956914","737193010","47170454053","66080851353","13869973","1262264089","8758603584","12727897994","22754345899","67734323863","2183032","547092","445485","437682","425102","429233","445530","416414","130678","93560","693334","749188","754753","414517","24772","1155125","1470354","1294","44166","163445","309895","592236","1514452"
"20242","11","서울시","CS300004","핸드폰","77287157451","2062650","62027829054","15259328397","13507723024","9893131985","11524351183","12116826386","14985796476","9980264484","5279063913","1635486493","3538360644","16195045933","28826650272","21881620172","5209993937","40182411274","27031823837","321968528","6680804783","10576102383","23940482910","13177304070","12517572431","1593557","469093","324582","302704","311674","300100","354497","286915","182178","37881","125113","469056","613447","658788","158365","983089","1001276","67456","266835","372824","504707","402914","369628"
"20242","11","서울시","CS300003","컴퓨터및주변장치판매","536415239262","9290012","481675187539","54740051723","104401159310","88900204025","80642533552","91574969560","116156321092","32972477221","21767574502","350584753","69807599739","149586838049","223897722119","90057612052","2714882550","226381949761","102630584773","1931453769","31891896208","57795016881","73522414599","114441424019","49432406666","6433517","2856495","1206723","1183940","1135726","1265251","1641877","1520322","1336173","91678","1297811","2660141","2904945","1952349","383088","3743272","4935973","328191","3127575","2207502","1304408","1078768","632846"
"20242","11","서울시","CS300002","편의점","1124340774796","166863982","825213685743","299127089053","158539617985","164997250122","159477619869","165587882570","176611315197","159786326272","139340762781","102789635655","173736934896","168022292340","173383802007","311687780620","194720329278","662842447428","436538804418","15958712716","228300908930","316643490594","236814529012","197388463601","104275146998","124563430","42300552","23999212","25201907","24030297","25059465","26272549","22467455","19833097","14124974","31590169","26816273","25996242","42193493","26142831","100787395","64065936","3805522","37910677","47612443","33171404","27716759","14636556"
"20242","11","서울시","CS300001","슈퍼마켓","1188642423235","110985185","863989885162","324652538073","171698327037","172246043676","164804016555","169660688033","185580809861","177426899708","147225638365","36070115035","164893177532","215718071204","255917058229","384322071422","131721929813","594555021624","539090055650","6621908019","98608163104","201433959749","236489885313","284079128819","306412091382","81726863","29258322","16086748","16405699","15758933","16299633","17175850","15586151","13672171","4095217","17230469","19287608","20906586","35454479","14010826","60856782","48576020","1931239","15054233","24255549","22377568","23931986","21882285"
"20242","11","서울시","CS200037","노래방","122787825304","4717167","80488496968","42299328336","11783752213","16458027359","17120466311","15805841301","19320409784","24820415974","17478912362","49089330795","1876115012","1222964343","3477936268","19219072924","47902405962","90765858703","22361240307","1372732210","14124658458","21403844678","23298431455","33303879222","19626794309","3061880","1655287","518047","571918","617371","598449","756095","941003","714284","821291","44808","228561","516697","1458589","1647221","2781985","1881668","297546","1985101","1259442","452391","452615","216650"
"20242","11","서울시","CS200036","고시원","310304066","541","254298982","56005084","57844086","125583051","0","31809432","39062413","0","56005084","37250513","0","55849462","52145162","69630633","95428296","151304066","159000000","0","94628458","120247312","0","95428296","0","451","90","137","196","0","32","86","0","90","41","0","144","109","151","96","178","363","0","195","250","0","96","0"
"20242","11","서울시","CS200034","여관","64738926115","1245287","43489307413","21249618702","8607645825","7960547592","9925466469","7953203317","9042444210","11032535066","10217083636","20609329318","5239646142","4037551652","7835632861","15376469023","11640297119","34583497823","11998665968","485569630","9199023779","11892825086","9875789113","9546861165","5582365163","800824","444463","151773","152482","170061","161435","165073","230629","213834","269534","65501","117247","191245","342077","259683","855190","308690","15020","366685","326449","172544","171850","111318"
"20242","11","서울시","CS200033","부동산중개업","8836902228","610778","7428605181","1408297047","1411082811","1436591396","1571633402","1348641880","1660655692","850516781","557780266","244286691","1675290644","2004132144","2674463455","1779523222","459206072","3932114312","2082688295","9929557","702968165","1721985600","1203032031","1178574391","1198312865","494428","116350","86846","102635","93099","100308","111540","72886","43464","13762","84357","146783","195513","136563","33800","331406","128976","1094","46095","128251","124131","85777","75038"
"20242","11","서울시","CS200032","가전제품수리","10814828261","176125","9250896880","1563931381","1737937829","1817190149","1505573373","2198643040","1991552489","986910278","577021103","52782617","1689656141","3527757850","3638569190","1634656791","271405672","5077987099","4296863967","19806873","605879295","1390261365","1878413157","2725028940","2755444279","136270","39855","27297","27581","24247","26668","30477","23997","15858","8177","23016","41193","53561","37454","12724","112915","53090","4136","36104","28222","26450","31520","39540"
"20242","11","서울시","CS200031","세탁소","55963091989","2616641","44888280938","11074811051","10186207122","7677880246","10407296791","8074826446","8542070333","9542398688","1532412363","502324021","8940046579","12900152535","15349041491","16732508059","1539019304","23151568957","26489181721","60541619","4556274554","10536243932","11485093515","14055110610","8947506506","1978131","638510","419276","358909","457137","350620","392189","451990","186520","70903","373805","542195","639077","817290","173371","1248044","1306355","7974","420982","609802","524605","611969","379096"
"20242","11","서울시","CS200030","피부관리실","60806157616","295268","47650289956","13155867660","9002437066","8797215382","10089266834","9145996815","10615373859","9819437558","3336430102","628028462","3236925054","13787383087","17453002303","20876357033","4824461677","16084843979","42237468389","75810295","9197442381","18703990002","11364570898","11526525787","7453972988","222513","72755","39831","43371","42133","46619","50559","51390","21365","5283","14008","74401","82327","102609","16640","76123","212109","1342","68844","98187","48893","42060","28884"
"20242","11","서울시","CS200029","네일숍","18087296921","220789","13653518524","4433778397","2369844572","2593462273","2857412582","2848493562","2984305535","3066171233","1367607164","14452906","263517357","4523750670","5540040836","7015715683","729819469","2826104096","14942411116","47423204","2758859988","4815951746","4438263490","3401416734","2306563949","169891","50898","30704","32954","34554","33764","37915","35814","15084","159","3737","56327","66006","87200","7360","31898","186948","1117","45747","65645","46794","37292","22264"
"20242","11","서울시","CS200028","미용실","279910423647","5784160","181554540188","98355883459","27197413565","31006924020","38711015284","38509034771","46130152548","61569137222","36786746237","275460502","9885395925","73703512822","93284434096","97932559105","4829061197","115340069373","159055121383","1700467312","35462377870","62004842163","62130044448","65762742974","47334256685","3832043","1952117","658069","654041","791998","790151","937784","1176167","775950","3041","310510","1551950","1833265","2032015","53378","3224788","2533739","51601","697428","1210522","1272245","1435216","1091527"
"20242","11","서울시","CS200026","자동차미용","15183962812","202868","12363586140","2820376672","2385105605","2296905399","2398816610","2340370569","2942387957","1845901464","974475208","3946370","2829595256","3985723118","5279934902","2850404649","234358517","7329400312","3230557349","0","316119192","2484061450","2853785277","2640459735","2265532006","157890","44978","32920","30305","30423","31421","32821","26678","18300","269","41605","57525","72128","28983","2358","102773","42842","0","6657","33426","41015","36286","28243"
"20242","11","서울시","CS200025","자동차수리","293661382972","1446326","252500385359","41160997613","49743526851","50774670896","46666939888","48748541533","56566706191","39046086046","2114911567","47557618","50089898172","80443028127","101700830064","60811361540","568707451","189509483255","63483712602","34471727","7820405970","42121147384","58045731058","71310575738","73673936024","1232261","214065","251983","249497","224484","237387","268910","199028","15037","241","303757","422410","488759","229451","1708","951446","320038","77","43061","218128","292796","340211","377391"
"20242","11","서울시","CS200024","스포츠클럽","113786745837","571084","99555929875","14230815962","22962896797","20744303123","17666936580","18410915302","19770878073","8648049616","5582766346","851586536","10940025906","19817859013","22074268603","44831478742","15271527037","50802479666","56667627668","383945684","23117579380","32816866400","18004402562","21769114364","11376779684","431450","139634","97990","89573","82631","78256","83000","75916","63718","29611","71823","92855","103230","190113","83452","317654","243576","9670","140887","165279","87396","102203","55796"
"20242","11","서울시","CS200019","PC방","92182232901","16965801","59430833319","32751399582","11365904840","11010533692","12044700971","11544281671","13465412145","17072659478","15678740104","13299206176","5787834272","10970634968","16190064653","27785779799","18148713033","74288396305","17866801757","5504008401","39550568931","28673456274","8901681867","7655806531","1869676057","11007226","5958575","2082713","2053800","2228977","2138113","2503623","3077612","2880963","2349095","973313","1971961","3173665","5194467","3303300","13460838","3502898","1397846","7553047","4726343","1613809","1362024","310661"
"20242","11","서울시","CS200017","골프연습장","71844305676","1555369","48480041741","23364263935","10500902283","9450936993","10226310914","8988416863","9313474688","11522578721","11841685214","2950201878","7020929463","11723260362","14349137227","23210512047","12590264699","48398682681","15326677385","17556242","2298730782","11132420779","18049890390","21686125492","10540636380","994963","560406","191367","189290","219164","192679","202463","275732","284674","58441","142172","293841","310017","478361","272537","1158146","283941","709","48631","231655","403860","516463","240808"
"20242","11","서울시","CS200016","당구장","36799053761","1769573","25604253772","11194799989","4745158548","4966411276","5074266517","5545926534","5272490897","6359753126","4835046863","2369041784","1725954739","3004972210","6026586493","15063241370","8609257165","27345475201","8061659570","415798551","4086188551","6159285712","6582828476","9759590891","8403341384","1166410","603163","208690","227410","235420","229776","265114","335048","268115","137478","23547","97918","285265","730473","494892","1507452","236165","44855","220365","217728","288346","508239","464079"
"20242","11","서울시","CS200008","한의원","257913270157","7240833","208322508776","49590761381","48544936668","43270803367","35499268694","34343111760","46664388287","44720196115","4870565266","10910395","33489448929","92073672721","74967181395","56669709718","702346999","94939206195","161020623898","167042323","14943847577","41999732892","55248152721","64295000050","79306054526","6114293","1126540","1372643","1225781","1074899","1049984","1390986","978967","147573","60","1288654","2369669","2009456","1564911","8083","3148399","4076096","10437","320459","873130","1174133","1539147","3307201"
"20242","11","서울시","CS200007","치과의원","667778836554","4493930","581988903019","85789933535","128867700146","134007545489","99578742155","90895753596","128639161633","81760179337","4029754198","276610","89569710978","229258959519","212478548368","135183319669","1288021410","336314933531","328665779461","544467117","40058246851","91067201600","131830156853","174750705360","226728055465","3867248","626682","859532","883277","647154","604375","872910","603931","22751","14","828675","1338442","1512166","811702","2931","2222967","2262974","9381","352358","726169","982484","1039696","1375827"
"20242","11","서울시","CS200006","일반의원","1797719886363","46250780","1511815817288","285904069075","335733788199","320246582649","229391837976","269088618708","357354989756","272756091977","13147977098","581723203","412275883349","563901496337","519217692346","299168483809","2574607319","688434261181","1105648531963","3649850201","187938130267","387402992737","412273224659","399190326591","403628230754","39777443","6473337","9436359","8204699","5981169","7181350","8973866","6070514","402823","1852","12587162","12250801","14313193","7057477","40295","20958639","25269576","262327","3477220","8257728","10440069","9655576","14135283"
"20242","11","서울시","CS200005","스포츠 강습","128793186579","566605","116942826515","11850360064","27056445287","25494733100","20948745957","20666945408","22775956763","8354016328","3496343736","296505742","11315691681","21160846384","28068292846","56131604848","11820245078","46765248309","77484593045","229994674","12578429390","32214642088","51725428093","19929179553","7572021388","478838","87767","110925","101682","89740","83558","92933","51765","36002","6499","50055","77645","139303","238343","54760","246092","307236","6647","62299","125691","250656","76978","31080"
"20242","11","서울시","CS200003","예술학원","143032199042","654379","119217228048","23814970994","26037263692","25884889531","22483349062","22082176427","22729549336","18286296355","5528674639","556504868","9135168330","22525953899","49049865829","53016663160","8748042956","57557977335","83794331758","410538365","7175697809","21519211659","79722157331","27738065801","4786638135","570984","83395","128591","122933","107997","105590","105873","64128","19267","2754","36938","106242","248469","230007","29969","257646","391874","2222","34385","116867","391959","83813","20284"
"20242","11","서울시","CS200002","외국어학원","85795941903","213568","79181808294","6614133609","18594554070","17882431558","13674263844","13659460295","15371098527","4475237488","2138896121","718333384","15887821204","15465579101","25877402146","22656702259","5190103809","35891861904","49031688581","44323022","1670767166","14702404396","54291557320","11089511946","3127752728","191195","22373","44819","43982","33094","33383","35917","15243","7130","1922","30176","34896","63437","68571","14566","84955","126306","544","8540","30624","133813","29369","8378"
"20242","11","서울시","CS200001","일반교습학원","903351919099","2819492","724704115771","178647803328","170653380364","152504156075","135002700482","128622405623","137921473227","113882117361","64765685967","9039735250","82984084531","117927273795","254795642710","350009315433","88595867380","386452735687","511353905696","1207098593","5523854639","43924654180","560345791393","262603483278","24203610841","2243833","575659","528443","460185","429663","403803","421739","361623","214036","33160","302700","371046","798984","1050470","263132","1153550","1653592","6766","26526","166507","1799944","738480","68928"
"20242","11","서울시","CS100010","커피-음료","782358164451","103555286","584258769707","198099394744","105566881767","117987076146","113790839124","119985871771","126928100899","108200115399","89899279345","5123983658","115353487941","277506997636","192135386088","158022120881","34216188247","308672894038","380160876291","9824388355","159296937327","202008515191","144168993747","112216649435","61318345772","79392694","24162592","14916744","16218110","15291042","16072788","16894010","13064659","11097933","331052","22586440","34737924","24200870","18494889","3204111","45092857","52316445","1658990","23555860","29424757","19753760","15469819","7546110"
"20242","11","서울시","CS100009","호프-간이주점","843534847263","18202669","582878859276","260655987987","91923976418","115083115166","115263340945","117676745711","142931681036","157422965669","103233022318","207599046929","10688756156","45233035748","28470974261","194016198343","357526835826","483987058945","262066499826","7286196615","172677082982","216586162914","140728591223","132226814694","76541746926","12664584","5538085","2124869","2482244","2477440","2526447","3053584","3243743","2294342","3274142","526973","2387723","1272120","4555139","6186572","9897404","7153589","213556","4516526","4971312","2988642","2732935","1627853"
"20242","11","서울시","CS100008","분식전문점","339859724831","30318691","253497103004","86362621827","45997300304","51054705565","49956415284","50711452234","55777229617","50129767061","36232854766","6864683176","31357820183","114001082040","56279026494","106159995938","25197117000","150416012645","154769990891","4544534056","49305282437","72615504328","76111330862","64703632127","37904317934","23006292","7312399","4290867","4665920","4499233","4641510","4908762","4216561","3095838","453638","3337752","9731646","5339342","9491897","1964416","13599031","15311434","532910","4933159","6965592","6974991","5987662","3515944"
"20242","11","서울시","CS100007","치킨전문점","140591907915","4426614","102229479501","38362428414","16161404752","20543760605","19799416468","20803170276","24921727400","22004681151","16357747263","10290403032","655420938","5543587231","8367853956","59755357202","55979285556","78084066933","45879131700","941820596","17083423342","28011561713","29123053761","30275898228","18527667659","3154340","1272274","500361","625168","624464","632317","772030","709568","562706","232852","33273","293028","369296","2062597","1435568","2504802","1659360","48073","607648","900751","931064","1006368","670314"
"20242","11","서울시","CS100006","패스트푸드점","184285142342","15525227","129657769887","54627372455","23532066046","24980021553","25898602978","26609883247","28637196063","28619273377","26008099078","3916482577","12366862704","55869975232","32779243543","64052806231","15299772055","86313446406","78067116877","2991890709","36219377410","45770304443","35865689562","29008776299","14524524858","11186596","4338631","2083848","2209938","2210343","2270890","2411577","2290883","2047748","495299","1322438","4416140","2790288","5003143","1497919","7729520","7170406","352055","3671781","4312725","3002936","2370116","1190321"
"20242","11","서울시","CS100005","제과점","270981534894","26235908","198917591852","72063943042","36350293201","39944030779","40258102995","38731944903","43633219974","39651296230","32412646812","303877016","48857514624","68707866811","62214354324","75640788394","15257133725","95432492296","147429889518","1711008247","32846795457","54714649251","58604184472","52304534877","42681209532","19517538","6718370","3697194","3924647","3961298","3824741","4109658","3661714","3056656","28648","5205824","6101002","5736942","7510492","1653000","9699363","15436265","266397","3896356","5799940","5766500","5163453","4242934"
"20242","11","서울시","CS100004","양식음식점","344805278153","8554205","235685877551","109119400602","36802082674","44973726276","48441506404","49120930552","56347631645","62725180737","46394219865","18462105140","3267874066","103253712472","46510544988","121296364576","52014676911","138777993309","137893061122","2405980343","59952258820","90647799525","58055252445","42583246281","23026517026","6042286","2511919","1010470","1186461","1223099","1234889","1387367","1379858","1132061","257269","164708","3339741","1338838","2818079","635570","3501651","4200230","122980","2002847","2426611","1538643","1105237","505614"
"20242","11","서울시","CS100003","일식음식점","283576871188","7079652","218038244025","65538627163","37103651335","44541044040","42166312779","44849146251","49378089620","39951922733","25586704430","8350824069","700844780","91364044904","23830798722","106643295672","52687063041","123450513320","92989531329","2263815627","47126928975","65417036666","42835392816","35249902061","23546968535","5576752","1502900","996698","1146710","1072559","1135011","1225774","871930","630970","111859","40894","3237699","790067","2353593","545540","3163750","3056336","129103","1630936","1816863","1145813","964925","532452"
"20242","11","서울시","CS100002","중식음식점","283338382363","8773160","206242935209","77095447154","35608384295","41376063414","41685020429","41690037357","45883429714","41626216806","35469230348","5503248882","2523726295","104754241368","32451150324","107957980269","30148035225","135174528518","86961336994","1913492470","34704490732","56991169851","49401271133","45958394269","33167151930","6605420","2167740","1175732","1322096","1327167","1346049","1434376","1155005","1012735","127212","110608","4064373","1237340","2784116","449511","4671689","3133273","126424","1382650","1888167","1694559","1590776","1122393"
"20242","11","서울시","CS100001","한식음식점","4053035124812","106666635","2979971282764","1073063842048","529909957555","598977459805","585311287610","599672179977","666100397817","618267324059","454796517989","142603267698","75964826775","1137423056841","374467509320","1663351426762","659225037416","2005550497243","1254480062660","14889880474","444603559431","775213702682","663976004151","710571031317","650774739748","81999683","24666952","15508302","16697351","15878858","16389964","17525208","13871304","10795648","2939235","3400167","44146964","12053223","33905398","10221648","56864959","38204728","704234","13787886","21812853","18819224","20770056","19175194"
"20241","11","서울시","CS300043","전자상거래업","40540841854","757830","27072848105","13467993749","4936101448","5474548912","5200893770","5909271944","5552032031","8793552200","4674441549","295371731","2839694530","11237610179","14426287549","10405364537","1336513328","19447065396","18172552525","258374262","9066046777","12160085237","5708594598","5916096918","4510420130","495976","261854","81244","82110","95537","115932","121153","158661","103193","6210","18453","191719","248976","251928","40544","349243","383043","13043","213000","192060","144768","89429","79990"
"20241","11","서울시","CS300036","조명용품","416032287642","3713347","373531887197","42500400445","65737839107","84960311629","84764550991","73411987595","64657197875","35306916470","7193483975","510879231","100925490671","118116884390","152509048766","43948206063","21778521","235044336600","93771326347","2387310","5100550484","30028373452","94790770783","116455746367","82437687047","3171428","541919","623215","660848","647651","647585","592129","432024","109895","4087","882182","1141908","1274809","409446","915","2119788","832083","204","69059","337046","534617","871010","1139878"
"20241","11","서울시","CS300035","인테리어","45204034229","1214689","36818342244","8385691985","7143423767","7328693786","8164687281","6623826794","7557710616","6830728514","1554963471","207860432","11360725640","13034505286","14026862719","5407583393","1166496759","22758397631","14428398144","36807106","1591856529","4449998230","7152147316","9123488112","14832498486","877860","336829","174066","157796","178668","170501","196829","226910","109919","89171","198206","251284","301139","226440","148449","660703","436108","4698","215013","231728","178092","195155","272110"
"20241","11","서울시","CS300033","철물점","59666659807","1231483","50875123778","8791536029","10305379962","11049230852","11198986882","9690703090","8630822992","7564526668","1227009361","36879880","14438840413","18037493252","19674672548","7423709647","55064067","28536396379","18676612946","12587859","1125030461","4926373431","8585721208","12626067142","19937463037","1021134","210349","190745","213857","212732","206897","196903","165403","44946","641","326856","369028","375905","157977","1076","672973","284917","1128","36989","153044","172066","266060","328670"
"20241","11","서울시","CS300032","가전제품","274540768183","566031","182795791031","91744977152","40916634858","39341348413","30812335808","35318845868","36406626084","47678835251","44066141901","637890","11754279704","68968066331","109945578769","82795696380","1076509109","156856672592","113491799125","106311329","12392979163","82757928806","67796660310","54606515489","52686619835","361732","204299","78160","70570","65935","71873","75194","107305","96994","127","31910","146543","212321","171751","3379","329965","225541","832","32477","120605","121171","128696","151711"
"20241","11","서울시","CS300031","가구","155138418445","389491","101626003346","53512415099","21344022940","21262782970","16621580667","17796663521","24600953248","28946725393","24565689706","26205401","10675529191","40506009197","68390388809","35440022711","100263136","72546056783","71899306436","12786752","3900481843","25694953659","34084366374","40081002433","40671772165","290884","98607","52010","55794","60684","57621","64775","58492","40115","579","43270","125504","152714","66836","588","156024","189845","816","30638","83644","69764","73432","87588"
"20241","11","서울시","CS300029","애완동물","12979810013","337219","9014668448","3965141565","1852203572","1346301690","2075046344","1860753183","1880363659","2139525267","1825616298","106970937","508474492","3828047844","4187576664","3748879237","599860839","4915271503","7738845962","42926774","1295758223","2027983359","2493166551","3085325753","3708956809","236491","100728","46243","45927","46461","46704","51156","54498","46230","2460","17014","76962","108554","118166","14063","132174","201663","1657","33501","60553","57559","93869","86677"
"20241","11","서울시","CS300028","화초","72785263973","1520183","57807885897","14977378076","9818886922","10780151495","12813020411","12937062737","11458764332","9616886727","5360491349","527119598","15116580290","20664242609","20959815184","13996116638","1521389654","25255704279","29058645447","164810705","5025890653","11166631418","12276237427","13596682620","12083252111","1140688","379495","188401","201935","240454","255399","254499","238249","141246","3049","203562","451632","445649","390021","26270","568263","762874","9040","211145","335961","281225","262554","231130"
"20241","11","서울시","CS300027","섬유제품","27310112866","317492","20959998933","6350113933","3583805039","3817023447","4744818704","3585057941","5229293802","4223608679","2126505254","2658228","2820968501","8007910028","11664209107","4757924383","56442619","8941193806","15162995137","23997124","499368283","3184770018","3392165153","6219271515","10784616843","250350","67142","46193","49133","48482","52237","54305","47314","19828","2","37208","98513","128114","53258","397","104790","173841","220","6859","24224","36160","75686","135472"
"20241","11","서울시","CS300026","완구","25658121300","1581981","14141171940","11516949360","2489517021","2585576329","2602909901","2651983854","3811184835","6519903811","4997045549","3322762","926029541","6075771938","8935155661","8993392605","724448793","13999928062","11041585672","300645514","4492936371","7627035071","7469576514","2250418874","2900901390","831126","750855","147318","113491","128837","173845","267635","420735","330120","353","39750","311293","552587","639606","38392","659908","918235","45636","562919","468836","358788","86788","55176"
"20241","11","서울시","CS300025","자전거 및 기타운송장비","26569487215","169479","15312777961","11256709254","2332065451","2386242866","3432794074","3209334104","3952341466","6634684816","4622024438","2404277","1079945383","8063893773","11122062576","6077838141","223343065","20189238716","5267486292","83614154","948147294","3482042293","9284047350","6440891956","5217981963","104676","64803","18342","19554","22355","21455","22970","35989","28814","24","17849","51444","68939","30907","316","119395","38837","3304","7335","25588","42020","38700","41275"
"20241","11","서울시","CS300024","운동/경기용품","223811807247","1484904","153515104617","70296702630","26491051278","30524292793","28507600527","33891057480","34101102539","38982098775","31314603855","794396083","15797605763","58089310670","83910941309","59974931353","5244622069","129865831197","73563090213","1149294453","18051218416","42221170370","56268748512","49719517835","36018956643","905150","579754","168451","169423","171295","186015","209966","318670","261084","15924","108952","390152","527911","397115","44850","913390","519687","17296","177363","302085","362929","294843","278568"
"20241","11","서울시","CS300022","화장품","365738733601","4095184","297252599708","68486133893","54269792128","57789849630","61499258935","66349419014","57344280001","44370079524","24116054369","3734537020","28502869206","103725732285","122179584972","89099697116","18496313002","119872239699","226983525047","1184133226","39965281304","73612889371","88142450941","78207145711","65744001283","2906564","1188620","501793","554354","585164","614297","650956","710852","477768","40780","330259","999807","1296820","1223372","204146","1197532","2816150","45025","835497","885507","660915","694992","891749"
"20241","11","서울시","CS300021","문구","300685775598","10109363","274647781673","26037993925","51742511124","53377194337","58050434914","54336634579","57141006719","16755117408","9282876517","80516981","45571992667","92930729890","116573768039","44417384878","1111383143","92025940372","61768453572","1443935751","10446093672","21954319692","41464148441","43451650533","35034245875","8289658","1819705","1625327","1742990","1724451","1661066","1535824","1125687","694018","7117","1139708","3033228","3556359","2256307","116644","3805784","4338701","224901","1176456","1617108","2420420","1522077","1183510"
"20241","11","서울시","CS300020","서적","104359582160","2185910","88440232528","15919349632","20684341904","18334797311","16485540230","18787906134","14147646949","8952990657","6966358975","127230260","10209520168","28502464215","42986343923","21057784722","1476238872","40781103722","51007493351","2383703853","7914163922","13612728880","29025220361","22774926336","16077853717","1572763","613147","323029","336574","323417","313372","276371","288084","325063","635","205387","569897","758174","597894","53923","882130","1247409","103720","265845","315714","665690","543552","235007"
"20241","11","서울시","CS300019","의료기기","273170372464","593817","260775000745","12395371719","41466822147","67687336265","57786570334","41001913262","52832358737","11250981786","1144389933","0","45118869834","104568630716","106405888199","17002606541","74377174","198227234377","65062052204","7989888","2041523172","20658601510","60656871022","88336034490","91588266499","520961","72856","98095","110808","109540","103550","98968","56463","16393","0","105232","215270","220840","52319","156","331005","247850","70","13231","46284","96813","130897","291563"
"20241","11","서울시","CS300018","의약품","1667087802198","80147090","1481254221232","185833580966","288063683487","310784158446","315054419557","297918365694","269433594048","159057573118","26776007848","549717469","351512158666","520310478198","535088008239","251908713437","7718726189","883738127919","765141394875","1862804706","73209150184","241114351835","306738514690","423700858723","602256050157","67987180","12159910","14461304","14381696","12909968","13381892","12852320","9927380","2232530","51985","16237793","22231471","23740244","17140827","744770","37707129","42325250","259226","6983944","15330258","16366682","16977463","24114831"
"20241","11","서울시","CS300017","시계및귀금속","273087269964","650275","210585382483","62501887481","35472111906","42927964950","47981611281","42153884411","42049809935","38333251139","24168636342","0","17916049007","85113353681","112102729181","56623815444","1331322651","132702698898","119210737661","157279407","15889330410","54431940891","57444353221","60063883513","63929673116","503226","147049","91933","98648","106051","101604","104990","92860","54189","0","37371","190252","259505","155363","7784","268675","329902","1861","65774","148214","127005","120669","135078"
"20241","11","서울시","CS300016","안경","135264212203","1371378","93679714639","41584497564","18576165267","18412418715","18925441515","18380474692","19385214450","25677460487","15907037077","8543885","5725593683","33938671474","45647675386","48230258943","1713468832","61165963795","72602841792","873871348","19251943265","25947558983","29946920875","34547623159","23200804657","992012","379366","192120","195177","198341","199710","206664","227140","152226","217","62280","313636","421839","542198","31208","497236","868959","27499","359678","299393","251127","265983","162533"
"20241","11","서울시","CS300015","가방","47671272020","1517743","29647093790","18024178230","6605724281","5442826891","5070480436","6137995308","6390066874","9726591728","8297586502","3920434","1640422272","10560826261","15756189644","18098173909","1611739500","17016058918","29033656829","273755900","8416783149","11100010451","7633978087","9037827966","9585999673","901000","616743","178478","165067","164999","180665","211791","328975","287768","676","59188","325028","475574","585462","71815","521789","983461","21677","359450","403752","283370","236136","200925"
"20241","11","서울시","CS300014","신발","111759223191","1080982","80470869337","31288353854","12992287649","17675284158","16532270284","14943595696","18327431550","17235357797","14052996057","226952882","8162566090","36691320426","38926921110","26077622196","1673840487","52250805312","51579356620","420755444","11583798062","19165829643","17574575422","29601737735","25483465635","721928","359054","132407","135763","149026","140820","163912","197493","161561","977","74228","276202","395898","304391","29286","441494","604025","8581","156842","191920","164355","209176","314645"
"20241","11","서울시","CS300011","일반의류","1685661367583","27496793","1026194151290","659467216293","186250045393","193012391402","204697852246","208762547751","233471314498","357869227963","301597988330","3021398845","48420183032","418659949347","642065689080","532971237782","40522909497","629194036607","1021751828512","6610162083","173660103869","347557120938","360377455698","382153221007","380588377045","17550860","9945933","3290111","3208408","3531042","3571632","3949667","5307118","4638815","38352","1557706","6482882","9203349","9195188","1019316","9427506","17948586","238595","4664183","6246142","5792026","5454545","4980612"
"20241","11","서울시","CS300010","반찬가게","827691069024","30264879","711302346630","116388722394","127695736856","148839028192","144502020438","144939243655","145326317489","85606530372","30782192022","126310161241","172457832426","217418719958","184073098854","85925157620","41506098925","362396036495","334622999054","557311057","27350951916","99752007311","138459445883","191540301658","239371978074","24935714","5329165","4548088","5076160","5050673","5205730","5055063","3279545","2049620","1488218","5763882","10020554","6722546","5278625","991054","14164337","13878507","119937","3495382","6732927","5676447","5887567","6130651"
"20241","11","서울시","CS300009","청과상","1101890624992","35623357","821037899004","280852725988","133424490015","156163972036","166690322294","180581739149","184177375510","178021597173","102831128815","36801444897","243857299169","308265992842","331223791384","165497149478","16244947222","479072938273","535031548881","197996714","22557152185","93694225130","155540831560","253573006445","488530405690","24813172","10810185","4263653","4513544","4791553","5269523","5974899","6657881","4152304","186918","4798581","10349762","12751909","7142753","393434","15093925","19731754","25989","877896","2931196","5385531","8263028","17341530"
"20241","11","서울시","CS300008","수산물판매","1418151510734","20799682","859679328305","558472182429","149083532879","139645009417","148132129623","168298444521","254520211865","354956306770","203515875659","35830009627","243544286007","329226976601","362119186962","421844145694","25586905843","747719515061","494392624624","449879900","68257180290","212893499908","232955220511","264887726706","462668632375","12678577","8121105","2100826","2071444","2246313","2597877","3662117","5017611","3103494","315990","2799938","5333800","6483405","5545675","320874","10404681","9339747","7767","932830","2715739","3122417","4376672","8588997"
"20241","11","서울시","CS300007","육류판매","827532366837","16438481","643460838540","184071528297","103830245182","112829578270","133997258160","142299832581","150503924347","116228881046","67842647251","9141321347","145494361051","223405890873","258414731836","181127954925","9948106805","342653800366","431184674232","151116699","14358805920","78029766668","127359638429","185211855716","368726691685","11969230","4469251","2023630","2160674","2322208","2613809","2848909","2631846","1837405","85863","2011244","3921585","5241708","4947221","230860","6910033","9226261","10211","489478","1730152","2640980","4293677","6971761"
"20241","11","서울시","CS300006","미곡판매","122877228469","2664601","102339608205","20537620264","19191036507","21973353207","19533818996","20254525887","21386873608","16615462084","3922158180","8904142963","39500365120","31476874730","30116226433","12481647490","397971733","43249059418","66433162721","3478515","800560450","7247317933","12966028447","24582179419","64082657369","2091532","573069","380236","406840","402745","437204","464507","430047","143022","94375","553285","760847","856433","377173","22488","1097895","1453018","427","34619","166807","313883","558796","1476396"
"20241","11","서울시","CS300004","핸드폰","74752201772","1755442","59078817826","15673383946","11310281955","10015261998","12227094986","11883743891","13642434996","11831446695","3841937251","1400480499","5182410487","19151737462","25032312848","19679711088","4305549388","36410232283","28509132190","283268958","6716355566","8753648331","18073171772","17227155240","13866537278","1360163","395279","244989","277297","275201","281113","281563","254664","140615","28636","110055","428418","524094","553225","111014","833427","836298","37780","247306","338773","384335","349772","311822"
"20241","11","서울시","CS300003","컴퓨터및주변장치판매","583408059951","7896851","515931834197","67476225754","85873180466","106767454100","111555798213","101921409453","109813991965","40803984325","26672241429","331487845","81219842963","176063048322","234033988410","87553848107","4205844304","259525946001","120394033712","1490306142","39497001520","64407017860","90840230525","123593560351","60095142881","5349544","2547307","993748","1027981","1049974","1046523","1231318","1343890","1203417","54504","950534","2404651","2603167","1630788","253207","3389884","3902556","142505","2319813","2065447","1240662","962870","561148"
"20241","11","서울시","CS300002","편의점","1035125089105","146653876","760957458693","274167630412","144129913554","150751785666","152474298890","155852676947","157748783636","146202553417","127965076995","93002869472","157458764232","155841992673","160063369617","295644070965","173114022146","611585400180","399075884610","11908528265","206168360886","299860341119","217643493242","180570806523","94509754763","109675928","36977948","20798196","21959036","22318868","22474471","22125357","19636441","17341507","12235692","28053639","24055437","22244370","37916736","22148002","89316424","55547026","2724592","32651673","43698328","29089031","24128134","12571671"
"20241","11","서울시","CS300001","슈퍼마켓","1170312842140","100199220","859087419714","311225422426","162521047784","165656794593","168924760036","177241910277","184742907024","171625650561","139599771865","34138538097","151096780003","217657103388","272844687960","376071322742","118504409950","583228979143","524668992025","4456789049","91143395098","197866990106","231619929379","280051726649","302759847608","73704885","26494335","14106403","14627055","14649062","14950612","15371753","14236699","12257636","3637345","14843250","17459297","19624825","32584703","12049800","55073381","43647148","1108864","13168155","22469093","20205803","21676706","20091807"
"20241","11","서울시","CS200037","노래방","121363090049","4291706","79809624793","41553465256","12044140316","15145903206","15628094512","16706658667","20284828092","24142797725","17410667531","46774452208","2096290027","1153559081","3551941459","19837077815","47949769459","90608061210","21080243171","1319619008","13203534399","20984520222","23364623035","32351665810","20463968947","2741905","1549801","492668","486066","514000","553962","695209","874715","675086","728661","41508","191593","472009","1379059","1478876","2584536","1654538","261159","1763210","1142567","421246","437118","213754"
"20241","11","서울시","CS200036","고시원","390215093","1051","390215093","0","53000000","111315322","87754545","112138451","26006775","0","0","0","0","181641929","74806730","122902516","10863918","122582389","267632704","0","132045510","97500000","87754545","62051120","10863918","1051","0","106","222","179","265","279","0","0","0","0","407","209","307","128","338","713","0","326","249","179","169","128"
"20241","11","서울시","CS200034","여관","65227445175","1199605","41199046713","24028398462","8423690551","7962510587","8114780247","8066166605","8631898723","10943000047","13085398415","20490520898","4048778300","4515478842","9131198391","15977968529","11063500215","36721717998","13232187826","511842595","9115213797","13145266535","11203752991","10355777399","5622052528","763692","435913","150580","145064","151899","155157","160992","216668","219245","267630","61552","113233","186537","334648","236005","826231","292339","15090","338128","310542","170677","171892","112238"
"20241","11","서울시","CS200033","부동산중개업","7827140840","451456","6619574954","1207565886","1288680970","1241968110","1141846466","1403309482","1543769926","830145305","377420581","237743760","1043244902","2785987179","1549971831","1853304837","356888331","4553806444","1741950191","236143","508008725","1662438092","1238673627","2028533807","857866245","359394","92062","58096","74744","80027","75557","70970","56302","35760","12303","60028","115762","135559","102132","25672","265189","106306","52","31658","102736","81071","102120","53867"
"20241","11","서울시","CS200032","가전제품수리","7750093209","156710","6772835268","977257941","1413885490","1158829373","1464477145","1500970353","1234672907","765706060","211551881","51577700","1180592473","2568537752","2907936063","940150354","101298867","4120923775","2886572339","19309145","360521461","945893550","1316992412","1775095411","2590548475","123383","33327","23332","25435","24093","25173","25350","20434","12893","8015","18129","35786","46052","35428","13300","105388","43642","5441","36035","23863","23904","25707","34127"
"20241","11","서울시","CS200031","세탁소","41857175490","2179975","32327391090","9529784400","6202793877","5848439962","7157862137","6316385459","6801909655","8192937394","1336847006","360152049","6318472535","10536277819","11460382500","12057562630","1124327957","17523966523","18981698329","58340178","3826279899","8166204846","9134053760","9872710204","5448511556","1584549","595426","322978","303431","358842","297515","301783","437214","158212","55355","284113","469344","571155","666946","133062","1051986","1070864","7157","355015","528250","456319","507813","268435"
"20241","11","서울시","CS200030","피부관리실","57490666898","274798","44212847992","13277818906","7147163369","8617774549","9557702937","9256020580","9634186557","10043226677","3234592229","599511229","2832275483","12936389191","16116213010","20477151485","4529126500","13474310685","42086610615","51535461","8826676690","18193985046","11527492049","9264682808","7692303491","206476","68322","34192","41310","41644","44120","45210","48317","20005","4916","13541","67966","76213","95522","16640","68553","199635","973","61668","90996","48961","37845","27716"
"20241","11","서울시","CS200029","네일숍","15160724420","188098","11677189673","3483534747","2209864781","2163435623","2218720059","2454795381","2630373829","2513851889","969682858","26968620","195104926","3632221949","4539858766","5949454093","817116066","2491796860","12427600912","48449533","2526702333","3896076302","3690693797","2858811302","1898664494","144341","43757","26379","27528","28325","29661","32448","30902","12855","185","2835","46156","57160","74835","6927","26908","159553","1165","42763","55538","37921","30188","18901"
"20241","11","서울시","CS200028","미용실","274587586537","5549508","177700990321","96886596216","25941044320","30637666488","36522965487","38497007232","46102306794","60475150220","36411445996","207070151","8169164392","70761003698","93262062858","97732420948","4455864490","113451566055","156604957759","1624629633","33593302940","59936405850","64070210646","65373080577","45459413106","3672163","1877345","603212","643868","737302","787557","900224","1132017","745328","2470","253993","1488418","1813395","1942857","48374","3089785","2436156","47302","661964","1171153","1234459","1380882","1030240"
"20241","11","서울시","CS200026","자동차미용","14291482502","210630","10651198759","3640283743","1922033438","1797443786","2322793738","2039664271","2569263526","2644890743","995393000","1784263","2552132071","4339301580","4953762992","2389631060","54870536","7091150881","2855115967","450792","280020522","2300973965","3012546878","2618118539","1734156152","150064","60566","26944","24689","30852","29134","38445","41296","19270","101","39603","64242","76892","28276","1516","109691","43047","21","5574","35035","44825","39861","27432"
"20241","11","서울시","CS200025","자동차수리","266224453262","1378237","227514164938","38710288324","38976636139","46854747312","48586196261","48165867122","44930718104","36941998752","1768289572","209476845","41571572832","73098449100","96730732522","53461435829","1152786134","171986325446","57656471600","4061558","6754559363","39232002241","52368054194","66771477724","64518829354","1152399","225838","214634","233153","236153","238346","230113","210532","15306","203","269955","409110","484830","212219","1920","900920","301933","54","39392","210926","277230","329129","346107"
"20241","11","서울시","CS200024","스포츠클럽","123947773729","617285","108569030241","15378743488","24037780784","24812735070","22545169801","20076231563","17097113023","9236571966","6142171522","845458011","12920496367","20975656053","24513990806","49820628823","14871543669","56448415773","60311700421","329167424","24917539834","37081230157","18872539998","23656467621","11903171164","464028","153257","105996","96214","90059","84386","87373","82440","70817","29378","72881","103952","116297","208401","86376","342411","263707","8650","146107","178531","98249","112110","62471"
"20241","11","서울시","CS200019","PC방","103060741967","18814535","66742877178","36317864789","13405050652","12226308880","12467565672","13251453406","15392498568","18880552772","17437312017","15020242322","6892908639","11885794724","18277125979","31117298068","19867372235","82360882606","20657177307","5782857508","44081879522","31998305472","10178194441","8694627972","2282195001","12261632","6552903","2479475","2243251","2312940","2414489","2811477","3401523","3151380","2627134","1188335","2110427","3532741","5769033","3586865","14823812","3989052","1488905","8405993","5192928","1730208","1608772","386060"
"20241","11","서울시","CS200017","골프연습장","68630041332","1429508","45445192425","23184848907","9889155621","8868824698","8841017171","8747391204","9098803731","11680479402","11504369505","2956226583","5219764569","11006293319","14603956978","23019346630","11824453253","45869795647","14134451038","14501755","1871568501","9805650718","16940921383","20291663911","11080055683","882170","547338","175744","167030","171138","174622","193636","272426","274912","59092","97438","264390","302918","452272","253398","1074297","245720","731","39389","204532","373820","466953","234637"
"20241","11","서울시","CS200016","당구장","38340074611","1718009","26921262566","11418812045","5210300642","5462012394","5227106522","5539501110","5482341898","6516085126","4902726919","2595233015","1496067188","2926085499","6386565138","15897238878","9038884893","29121970419","8011183992","362734153","3641731510","5864105135","7136917757","11176409935","8950980912","1133607","584402","207787","214383","215097","232843","263497","325942","258460","117343","14686","90264","287229","742057","466430","1511777","178840","34794","151073","180399","291266","552441","480655"
"20241","11","서울시","CS200008","한의원","240699399268","6491999","192860494822","47838904446","41543459292","43016062486","36528212909","33646145226","38126614909","43391142672","4447761774","14474956","29158802293","86855939944","72132680672","52070862065","466639338","89459409603","149703333347","138781296","13285323872","39034366386","53357031002","59649026878","73698213538","5464439","1027560","1136401","1114101","1103765","1019801","1090371","891581","135979","325","1041696","2154060","1903870","1385869","6179","2816057","3660938","8579","271996","776181","1064840","1412790","2942621"
"20241","11","서울시","CS200007","치과의원","679691460208","4487086","594859415324","84832044884","116373982915","140269494249","121683992079","101772051047","114759895034","80899463575","3932581309","0","87803707288","233978591537","220541021017","135942397143","1425743223","337777399490","339616079280","461035450","42113440904","94427440311","138894055161","181436252318","220060974389","3884048","603038","794724","905376","779118","663990","740840","580348","22690","0","788597","1374497","1528373","792363","3256","2208898","2271106","8606","355395","724127","996569","1060233","1335056"
"20241","11","서울시","CS200006","일반의원","1898850589534","45785255","1610427329572","288423259962","325198925686","342809700112","291321772830","323012449571","328084481373","274918636367","13504623595","446947288","418786639960","598746926357","572072834502","306226002310","2571239117","716937646256","1177858034871","2509160760","192286585742","403773014311","436646310638","448884319450","410696311173","39411678","6373577","8533943","8413685","7143525","7733828","7586697","5947823","425754","1390","11726825","12751878","14720237","6550880","34045","20810915","24950498","157420","3431635","8321428","10227766","9687117","13936031"
"20241","11","서울시","CS200005","스포츠 강습","130638684670","548685","119469440721","11169243949","25732704981","26460787340","24834995915","22879353789","19561598696","7783964914","3385279035","302117105","10098130832","23305366594","29174901656","55919711827","11838456656","46113877606","79824152127","227285737","13655415941","30767522891","53661991890","20316322619","7315983508","471301","77384","103249","102316","94159","90126","81451","46027","31357","4375","42311","84085","138140","227520","52254","229068","309913","7408","59238","118727","256021","74522","23081"
"20241","11","서울시","CS200003","예술학원","147717553786","656372","125931486757","21786067029","24962365878","28405829881","26659072157","25404940979","20499277862","16509859262","5276207767","458325933","8797578162","26774326425","50244025369","52113261846","9330036051","58622907094","87774404947","197674396","6542900148","20240090536","82042353386","31852849038","5521116082","578590","77782","119074","128529","119127","117363","94497","59615","18167","3414","38095","123941","246616","215191","29115","250818","401283","1812","32037","109482","394480","91175","23136"
"20241","11","서울시","CS200002","외국어학원","85654994146","222081","78348509336","7306484810","16978244305","15914151595","15728309300","14947059298","14780744838","4576767648","2729717162","838020338","15695299426","15979814800","25331530401","22333270211","5477058970","36346279500","48451114840","22277890","2157695500","13869331703","53705386696","11933542054","3109160499","197926","24155","41672","42102","39721","39057","35374","16856","7299","2245","30411","38003","66844","69253","15325","88312","132039","469","9576","30763","137981","33684","7885"
"20241","11","서울시","CS200001","일반교습학원","937930461743","2913732","768366160965","169564300778","156757191240","162742092356","156223523153","153835020186","138808334030","107838245884","61726054894","9434086845","83922505423","140499911557","275010376473","342257762145","86805819300","399746143398","529959756193","856810473","4315947401","41256956744","581932678027","277097549999","24245813485","2362847","550885","481038","490150","474262","484606","432791","344753","206132","33798","299864","439383","848667","1033016","259004","1187514","1711722","6964","22569","161218","1866244","772477","69752"
"20241","11","서울시","CS100010","커피-음료","696233795694","86714610","517639337532","178594458162","90340994489","102317682819","108251546662","108563029175","108166084387","98126525163","80467932999","4760598904","99492511141","247216201363","173833028790","140858752808","30072702688","275523381563","335624240194","7316718031","139208102912","183202897897","127327017941","98467640297","55625244755","66268013","20446597","12066030","13299691","13766691","13766865","13368736","11121788","9324809","266612","18729377","29477631","20457327","15219276","2564387","37898987","43295538","1150624","18881831","25365522","16541210","12837643","6417669"
"20241","11","서울시","CS100009","호프-간이주점","800315859053","16515918","548399950709","251915908344","85961165779","99729673831","109634761289","116436000103","136638349707","152623241938","99292666406","203722338939","9811145418","38937843090","26416086315","176262781117","345165664174","462499963052","245531855777","8742385154","168729649169","206023339946","130660661649","122555552900","71321392178","11336759","5179159","1921764","2078388","2246247","2367491","2722869","3018992","2160167","3112413","454524","2023720","1136290","4057458","5731513","9081124","6406638","235046","4154401","4523526","2640781","2469800","1464149"
"20241","11","서울시","CS100008","분식전문점","329158212799","29365184","247417974858","81740237941","43168154200","48811127422","51259370529","52374821722","51804500985","46831361344","34908876597","6871939908","27720541311","110224277771","56914755758","102722504007","24704194044","148362727145","148337581945","4145045738","46842261673","71704651400","75346029273","63525559927","35136761129","22440861","6924323","4026101","4504427","4636173","4710214","4563946","3966014","2958309","435849","3049469","9463203","5320048","9191767","1904848","13350708","14652923","486305","4710417","6920852","6855280","5799647","3231149"
"20241","11","서울시","CS100007","치킨전문점","126777919951","4165655","91864723206","34913196745","14516279710","17081228057","18628098839","20191002738","21448113862","20551308707","14361888038","9867670575","415920075","5172258929","7459159128","53492964996","50369946248","71359346084","40720694312","916103537","15933428110","25416094076","26016920747","27401705814","16395690042","2966242","1199413","478099","555353","582357","641569","708864","681937","517476","229326","26463","263779","351064","1972122","1322901","2386334","1543063","43181","561838","857785","883588","962214","620838"
"20241","11","서울시","CS100006","패스트푸드점","176183970246","14287768","123402517307","52781452939","22178976987","23294148268","24745147980","25994246485","27189997587","27561781264","25219671675","3769681682","10805500020","52606292097","32106473650","62225332286","14670690511","83734438637","74288343863","2338113583","33009460121","43932997540","35751678740","28374842356","14615690210","10252602","4035166","1899558","1984302","2073899","2137011","2157832","2125274","1909892","453062","1173658","4040109","2602831","4671799","1346309","7214008","6497824","265455","3202379","4037636","2859917","2206807","1139608"
"20241","11","서울시","CS100005","제과점","266527757871","25215117","193841748323","72686009548","34205860128","37397931393","40060075705","40030565100","42147315997","40271887208","32414122340","328246724","43439021112","67474716554","65498523021","75253564029","14533686431","97657627412","143425882103","1375206590","31699168968","55799455514","58612874759","52296061432","41300742277","18662565","6552552","3403723","3701236","3889769","3812249","3855588","3595787","2956765","27911","4637919","5841562","5865778","7304956","1536991","9568054","14651989","209440","3658165","5754774","5583049","5007796","4006739"
"20241","11","서울시","CS100004","양식음식점","339636537307","7964730","229877886655","109758650652","36080676780","42093174971","47189793417","49365845459","55148396028","63343577700","46415072952","17891159338","2559647754","100126940116","48999449838","118125087794","51934252467","138060051231","135913004173","2138335102","60259262993","89172119474","57427147744","42275457844","22700732332","5623110","2341620","961514","1068317","1158076","1184251","1250952","1296377","1045243","243084","144455","3186502","1259408","2542479","588802","3263195","3904856","99961","1847986","2289150","1421449","1040678","468821"
"20241","11","서울시","CS100003","일식음식점","281558685301","6748473","215225376436","66333308865","35446560239","41461445026","44044255926","46936653894","47336461351","40693185846","25640123019","9020638104","720568354","86443700580","24598265661","104871318516","55904194086","123290465544","91144219549","1935590873","47159913887","67112010020","42266401758","34276326767","21682766503","5310276","1438197","916748","1058947","1104621","1126937","1103023","835277","602920","113488","36174","3046106","774732","2224294","553679","3027753","2888050","102982","1544064","1802422","1085733","909574","470997"
"20241","11","서울시","CS100002","중식음식점","291333092626","8836450","214393098805","76939993821","35917553688","40819625545","44195761064","46696495481","46763663027","41390397289","35549596532","5702732920","2311230464","108748371960","35205426917","108473728505","30891601860","138263878205","87669547321","1663291243","33380885459","58165084108","51141919431","47701243176","33880916886","6732372","2104078","1153121","1324985","1412062","1445972","1396232","1118364","985714","123123","96398","4166909","1288634","2728494","432892","4692664","3118341","110562","1302254","1916024","1730163","1620244","1131767"
"20241","11","서울시","CS100001","한식음식점","3877994687371","100979886","2856800696946","1021193990425","490255341536","548497713196","580347872183","606563782801","631135987230","591573925286","429620065139","136330542328","70207381481","1072951203019","371579032804","1599691041128","627235486611","1934208451129","1165553132015","13232714249","416834196831","746760738926","629793451256","682520246409","610621130815","78025571","22954315","14220492","15592885","15980235","16220447","16011512","12927731","10026584","2713270","3138504","42182830","11916956","31748357","9279969","54353189","35238670","580849","12562794","20931456","17901890","19723206","17891673"
"20234","11","서울시","CS300043","전자상거래업","44421130004","808551","30966604864","13454525140","3527985464","5379312507","9045216753","6234292490","6779797650","9213684725","4240840415","316257210","3164478652","9945923547","15236690296","13750040625","2007739674","20330911516","20514148784","419854782","9225605228","13349458342","7328465374","6355457682","4166218892","523324","285227","93059","93751","110940","101696","123878","173331","111896","8377","32942","208799","256660","260046","41727","351878","423759","20451","229521","195579","145973","104339","79777"
"20234","11","서울시","CS300036","조명용품","442472761469","4122491","410330015612","32142745857","66520792769","84581019784","98022267539","79804358096","81401577424","26387554569","5755191288","311950572","108414483981","143437931138","160343956343","28603268943","1361170492","231865534835","93930583584","34453957","9296362026","34494120194","81002347226","125677515497","75290241662","3555358","567133","679432","731605","727218","679226","737877","475012","92121","2410","954691","1318062","1405358","439910","2060","2315975","934741","4317","109482","365305","606523","1019325","1145390"
"20234","11","서울시","CS300035","인테리어","56982881522","1022421","46324435661","10658445861","8477508118","7981317888","9954730020","10543399523","9367480112","9410940073","1247505788","322915151","16525612581","17237575856","16953951476","5788585652","154240806","29682907246","15476586702","27855948","2245641253","4170625555","8727102362","15091462774","14896900847","776922","245499","148707","151708","158653","154603","163251","176185","69314","32049","237977","262524","282526","150622","56723","544974","338092","3227","82720","129630","146971","239934","280623"
"20234","11","서울시","CS300033","철물점","75583486416","1448906","63565455781","12018030635","12235299417","14044635453","12851691992","12025148917","12408680002","10565095947","1452934688","107343053","18375986481","22576553183","24249273145","10169148727","105181827","36525175495","22818343829","24570267","2123720897","7029915309","10721282608","17700660586","21743841888","1199042","249864","232648","243787","253572","228341","240694","196303","53561","1860","395811","435818","434298","179768","1351","778075","366315","1188","63145","184652","210020","323354","362094"
"20234","11","서울시","CS300032","가전제품","271686440585","665852","167131305350","104555135235","38303864502","28792078664","27549239787","34870270248","37615852149","56194544494","48360590741","104434","13650330437","73052048896","111409216103","73113262023","461478692","147053881770","117854725576","216610380","14683449669","59044114330","60089565080","63024389070","67850478802","419149","246703","97600","79318","79644","78795","83792","125020","121683","18","40931","183192","255719","183164","2828","372204","275150","1515","39448","123085","129423","160017","193850"
"20234","11","서울시","CS300031","가구","157353228530","432781","104729261750","52623966780","22936274920","19638984247","18835579062","23847880140","19470543381","32086179701","20537787079","109449243","8707666674","44175201046","72540438589","31342943848","477529130","63578099325","74572715181","64490582","4326189342","23984809600","35401160777","34550845404","39822382565","355790","76991","61495","62109","76675","77984","77527","46853","30138","282","75133","160557","146257","50112","440","164670","163858","444","22791","68214","75525","77844","83703"
"20234","11","서울시","CS300029","애완동물","12646091006","351594","8296828177","4349262829","1699474407","1753610986","1650756431","1454489071","1738497282","2351013779","1998249050","35137475","544992201","2779219931","4607309231","4122926928","556505240","5288975253","7054341609","51961380","1780877929","2412979559","2583272788","3024309885","2489915325","245215","106379","49613","51562","47322","44897","51821","56393","49986","1791","18516","79718","117133","121071","13365","136719","211717","2288","38974","60628","60982","97055","88501"
"20234","11","서울시","CS300028","화초","68658187615","1325946","53985273216","14672914399","9102095509","10059155605","11565126585","10801983680","12456911837","9672243723","5000670676","473363430","12270606036","20216104597","21007289384","13246693571","1444130597","21736020369","25322089601","207235257","5767787552","9863920930","10494776158","10940773533","9785035916","998151","327795","167558","189784","196910","198858","245041","209381","118414","2533","152078","397722","402742","350903","19968","485593","638222","11590","225068","291939","221365","199227","174659"
"20234","11","서울시","CS300027","섬유제품","42928920284","423157","34456712921","8472207363","7007457828","7155899622","7377497362","6152945755","6762912354","5312679092","3159528271","11172670","4143901494","14590918366","17251706721","6823954995","107266038","14356875721","23914734704","6069130","924122868","3627720744","6088383329","9138459422","18486854935","343287","79870","64658","75147","68116","65124","70242","54869","25001","119","59051","132804","163179","67222","782","139453","230875","283","10190","29186","59531","97483","173662"
"20234","11","서울시","CS300026","완구","28843374743","644425","15693743917","13149630826","3502931543","3352332973","2251217323","2599744377","3987517701","6650203321","6499427505","6688973","693087367","7671456610","9635077454","9877146180","959918159","17283479697","10726701887","247807519","2353789359","8187188761","9795056534","2780693069","4645646344","321641","322784","69704","56967","55238","62855","76877","166121","156663","214","15585","137709","223293","237874","29750","357264","284142","12590","89257","227894","207629","49553","54482"
"20234","11","서울시","CS300025","자전거 및 기타운송장비","28082362535","223237","18278877499","9803485036","3267329833","3409768555","2805653382","3407865090","5388260639","6600888588","3202596448","760813","1499475537","7988569032","11353408504","6048378079","1191770570","21004106115","4961332072","77629177","803233225","3963509242","10207600847","5146187098","5766827274","143408","79829","27984","29390","27303","28375","30356","47551","32278","32","19915","66310","90938","45621","421","160484","49265","2669","12401","31440","55370","49643","58176"
"20234","11","서울시","CS300024","운동/경기용품","247658052598","1539934","164164071606","83493980992","29282725160","29357152750","34539869473","38248320188","32736004035","43469930871","40024050121","860738682","18038618402","63194002617","90257097060","70151528550","5156067287","145434961213","78612007527","1152400966","22209609041","48462343614","62076879696","49026254207","41121328306","951534","588400","191503","187329","183262","180119","209321","304831","283569","12885","117398","408039","555128","405910","40574","934784","532447","21072","177795","297592","346957","321080","302766"
"20234","11","서울시","CS300022","화장품","357755214569","4245664","294254281803","63500932766","49282833089","62109613481","58565850148","60725770174","63570214911","38103798497","25397134269","2990808662","37022571444","102260941234","115210712160","84920470714","15349710355","115562059002","221278729416","1859192384","39453423920","67716233123","87059241820","79542115637","61211501354","3003741","1241923","534733","589680","586715","599972","692641","705087","536836","44120","297009","1024272","1355494","1288585","236184","1190383","2963210","74641","938657","879509","695021","720771","845010"
"20234","11","서울시","CS300021","문구","352180414463","10407298","325717238126","26463176337","56488929127","65161267277","66294392222","69511703474","68260946026","17479023425","8984152912","476881869","60135441314","112046399159","135135034624","43186412222","1200245275","78116245237","55904812344","1769317055","12577612837","21377231039","31315436602","40741941975","26239518078","8616792","1790506","1548578","1781316","1814094","1726397","1746407","1097702","692804","8742","1257256","3136301","3671659","2213448","119892","3732351","4381929","301755","1444870","1606844","2145029","1501759","1114087"
"20234","11","서울시","CS300020","서적","101879362125","1810350","87415515396","14463846729","17119705445","16646154711","20718585679","15092640336","17838429225","8529430028","5934416701","9778252","10125106012","30898700353","43477007417","16184081265","1184688826","35824219465","46272440801","949763696","6608462758","15078367749","27067531403","17465987208","14926547466","1263403","546947","232555","246467","272920","258010","253451","262269","284678","90","168542","481533","622719","493794","43672","733767","1006432","60884","229267","326076","559705","345822","218457"
"20234","11","서울시","CS300019","의료기기","261153975653","610477","252892059519","8261916134","37100414085","49034689168","43639317303","56314797606","66802841357","6714492606","1547423528","0","50688528637","98858487339","95793560855","15782866930","30531892","181602178134","65549205002","21566525","3597245222","29321745443","61736895189","75021304274","77452626469","539529","70948","85272","112064","108729","115181","118283","51623","19325","0","112577","234347","215190","48173","190","341238","250803","323","15261","48251","107149","133317","287726"
"20234","11","서울시","CS300018","의약품","1701739382134","87515291","1505738072696","196001309438","269765441997","290760045427","319720793920","299433832891","326057958461","165199997354","30801312084","465431819","357631250852","539443244057","535722041510","260122586424","8354827472","890574608839","786550959942","3400564294","92190276383","254587435867","330070477118","407256783741","589640526565","73718986","13796305","15024540","14844645","14369473","13944057","15536271","11101758","2694547","45433","17868944","24375021","25860385","18568980","796528","40964869","46409088","488442","9019574","16824773","19128921","18173232","23739336"
"20234","11","서울시","CS300017","시계및귀금속","305485232089","722290","243866286554","61618945535","49959548000","54597613307","46401815350","44003674906","48903634991","34755554039","26863391496","270226971","20819842520","98183831157","120380555628","64302547160","1528228653","141011182159","125160477815","331900751","16430057317","47504188617","68016529832","75299696082","58589425143","550752","171538","98777","108683","110890","112590","119812","103783","67755","581","40222","223546","280715","169227","7999","297890","374675","5017","81092","155209","141676","145660","143906"
"20234","11","서울시","CS300016","안경","125067130288","1374778","87454429222","37612701066","17540640142","17761009327","17643555992","16344749233","18164474528","22427456199","15185244867","1165447","6379977112","31544597188","41965153020","43499546155","1676691366","56641310053","66915284184","1258741222","21268242675","24046884170","27317525748","29048653331","20613498681","992781","381997","190772","199543","197106","188134","217226","224694","157303","170","65886","318554","418122","538178","33868","488387","880862","41317","399313","283514","248247","243976","152875"
"20234","11","서울시","CS300015","가방","48692765238","1637725","31042634787","17650130451","6181010183","5679885476","5736812270","6021305407","7423621451","8963469113","8686661338","8382171","1352247021","11865301035","17320927830","16107450690","2038456491","16455392085","31282614865","449268917","9115097560","11344870963","9122112046","8690379948","9015009994","962284","675441","202121","171828","178697","183230","226408","349204","326237","1082","69307","362276","512725","604642","87693","565520","1064025","33296","405944","409166","307125","251632","222359"
"20234","11","서울시","CS300014","신발","158417542988","1609521","107505092973","50912450015","19406928492","24360509077","19891416582","20404920234","23441318588","25734030296","25178419719","485306690","10110738731","51829872705","53358812263","39365517160","3267295439","77068508075","73999877205","971413562","19689248388","29945939168","27512162428","41447469951","31502151789","1046975","562546","219349","209479","194450","196849","226848","292175","270371","1349","87907","413355","602194","461401","43315","677873","879660","18011","245869","293607","259980","300725","439359"
"20234","11","서울시","CS300011","일반의류","1918062863142","30003604","1187569355868","730493507274","228727615923","238881637980","230493793633","229335224627","260131083705","380542153772","349951353502","5197019545","55671234699","473174335261","725675311131","608554842412","49790120094","712633232779","1151994934025","10463442131","228878510881","389076196692","392668523693","427216628481","416323427867","19356193","10647411","3785045","3740222","3773909","3771093","4285924","5538422","5108989","69368","1997449","7164122","9741639","9773452","1257574","10431468","19422228","417824","5599127","6640064","6083385","5859579","5253704"
"20234","11","서울시","CS300010","반찬가게","853271327766","29512630","721940987171","131330340595","122981488690","159872144494","137675466961","142643808999","158768078027","97570343439","33759997156","148645892949","178127094032","225239944184","182462209770","80846160275","37950026556","348688133466","358629001419","912706046","32006056208","105449243487","142205068169","192593518824","234150542151","24224022","5288608","4331670","4924893","5022511","4891559","5053389","3229217","2059391","1474808","5747732","9882846","6559635","4938213","909396","13677413","13569776","179652","4083034","6385654","5507134","5586204","5505505"
"20234","11","서울시","CS300009","청과상","987742883578","33518366","732490661614","255252221964","137412101364","142891560566","146046742419","148553215490","157587041775","159384520347","95867701617","22091026177","246138601979","282616634669","305965858980","119846666060","11084095713","409802677873","508227998448","249454686","23450617586","80668966168","137427762367","224412138910","451821736601","23370404","10147962","4378311","4836579","4610668","4497672","5047174","6019715","4128247","183745","4871790","9813519","11986103","6277666","385543","14154115","18610951","30725","992148","2792473","5022838","7844301","16082601"
"20234","11","서울시","CS300008","수산물판매","1676143325419","25361995","947442056893","728701268526","167621158544","169990433747","174640032625","191201940872","243988491105","420331698248","308369570278","36280790476","213675929136","373601892376","461233362239","549297850284","42053500908","851642372833","584025569513","882840147","132041335768","273685151711","250976916703","293428362777","484653335253","14421157","10940838","2636232","2656992","2652766","2813811","3661356","6286622","4654216","308765","2991114","6489343","8110915","7003371","458487","12583843","11266927","16404","1829543","3736277","3789171","5070666","9408722"
"20234","11","서울시","CS300007","육류판매","749983171171","16276053","554136613011","195846558160","84760851262","102795082489","110967784047","116483664723","139129230490","123351205569","72495352591","8242138053","134551034089","195866012635","228635910780","171707384603","10980691011","317243169405","388716066660","241635204","21380219508","71824439200","128178076552","180730701206","303604164395","11231261","5044792","2043635","2143250","2145833","2197153","2701390","2935480","2109312","85165","1965878","3823389","5170051","4999516","232054","6790544","9177714","17169","626576","1811458","2848857","4450215","6213983"
"20234","11","서울시","CS300006","미곡판매","130218771953","2547382","109362033087","20856738866","19349777078","21109808912","24791711606","22555751156","21554984335","16679815383","4176923483","8060205976","40529352048","35223130629","34716092094","11257754606","432236600","47096418428","68543608326","25178645","802581198","8257278366","12646385754","27266467731","66652403455","2007783","539599","391526","418962","401591","388393","407311","398942","140657","91818","563294","734516","799450","335109","23195","1045030","1382986","2180","49206","164378","307054","544037","1361272"
"20234","11","서울시","CS300004","핸드폰","83734018264","1883649","67513803705","16220214559","15068166273","14545382342","12244985435","10563144915","15092124740","10231395825","5988818734","1329848129","5015706930","24298981166","24743778168","22974304002","5371399869","42758283817","32135436345","499353154","8414435309","12225855936","21260132239","19966555791","12527387725","1455785","427864","278024","283227","296256","283435","314843","273697","154167","28270","132686","486497","516399","595596","124201","884915","912289","46252","300965","357761","424294","369217","298710"
"20234","11","서울시","CS300003","컴퓨터및주변장치판매","729300998469","7795476","666849630645","62451367824","112915940069","135744380401","142277079198","142721146753","133191084224","42885024484","19566343340","425888050","96582210859","235356857615","285618446757","102346677496","8970917692","253951045938","125161035281","2151001507","41534908450","62435220937","110352538027","110618618060","52130289427","5408908","2386568","1044050","996598","1006622","1040851","1320787","1267500","1119068","90001","1137767","2265037","2445967","1488042","368662","3253751","3776885","271502","2317805","1764797","1192770","969092","514938"
"20234","11","서울시","CS300002","편의점","1111165908114","161094803","806192947776","304972960338","151973997871","158123846497","162856162513","161216229829","172022711066","157023757259","147949203079","102243595708","170909335000","166540228418","168714111552","313998676269","188759961167","653620107272","431339886553","18454354051","256112887611","303275105225","232878718410","184479156211","89759772240","119317739","41777064","22379416","23661513","24349762","24159325","24767723","21392019","20385045","13757854","30800215","26114083","24472881","41195398","24754372","97262199","61884789","4113148","41461816","44219914","31793594","25342755","12215813"
"20234","11","서울시","CS300001","슈퍼마켓","1185741277780","105852415","849498865085","336242412695","165586317325","168107610114","166432985708","166064769067","183307182871","178333310459","157909102236","36162198824","157885016773","219816313509","270819977042","377133142427","123924629205","591030952210","531820139955","7063223619","111852315076","201049298505","240434585227","281031084496","281420585213","76923964","28928451","14993334","15367307","15412287","15174107","15976929","14871945","14056506","3953334","16028044","18403397","20484109","33934342","13049189","58256454","45960226","1800790","16449150","23000479","21719202","22349177","18897923"
"20234","11","서울시","CS200037","노래방","133619502831","4536487","85609630714","48009872117","13217038040","15922097732","16727069326","18212862582","21530563034","27011800292","20998071825","50747942179","1764867991","1132052248","3660104910","22862181950","53452353553","97635168284","24492722233","1780322584","15646731539","21450904546","26531224319","35954399166","20761754338","2864938","1671549","525498","526213","537723","548168","727336","902996","768553","793184","40515","213479","495232","1435105","1558972","2701036","1771857","368187","1933639","1013789","459550","472356","225300"
"20234","11","서울시","CS200036","고시원","158153105","451","123870981","34282124","78029594","16898551","28942836","0","0","34282124","0","0","18000000","46326409","76928145","16898551","0","45123511","113029594","0","116224960","34898551","0","7029594","0","372","79","277","39","56","0","0","79","0","0","28","98","287","38","0","87","364","0","257","66","0","128","0"
"20234","11","서울시","CS200034","여관","68473065507","1276718","43995274112","24477791395","9224013821","8313977967","8474527690","8526030571","9456724063","12049565914","12428225481","22434134476","4495960095","4376549933","7313603228","17464517566","12388300209","37844912719","13256704489","695960907","11102966105","11991040270","10549916048","10863673177","5898060668","813418","463300","162439","158065","160116","161282","171516","229126","234174","279715","64263","117533","187430","358377","269400","877458","313498","22362","385131","302364","183486","184204","113356"
"20234","11","서울시","CS200033","부동산중개업","7045498006","479368","5701331669","1344166337","1091152273","1036526924","934263148","1446076116","1193313208","833924457","510241880","302610684","840606442","1627895771","1893288146","1744438095","636658868","3995056264","2077690479","3953991","531154359","1794695113","1812303438","1003339427","927300414","379648","99720","66934","84926","70269","85650","71869","55672","44048","15233","50890","112562","157298","108810","34575","289586","114831","1071","49961","121151","95335","80023","56878"
"20234","11","서울시","CS200032","가전제품수리","9956142472","170126","8616584236","1339558236","1625208167","1647418234","1508658815","1785113877","2050185143","1109976914","229581322","24511697","1577168467","3544468456","3305932705","1358346258","145714889","5234906071","3283471704","16273405","498824385","1243978951","1793778840","2172961888","2793716675","134771","35355","26319","27358","25162","27523","28409","23727","11628","5218","21481","43472","54204","33772","11979","111170","47092","4523","29421","34166","26124","28685","35398"
"20234","11","서울시","CS200031","세탁소","44633433805","2462284","35620446305","9012987500","6448852549","7077941009","7908275749","6716706897","7468670101","7618826695","1394160805","444051594","7277083622","10099075252","12188214998","13287528538","1337479801","18572439741","20434709974","135807935","5075903270","8947285754","9357686974","9804877596","5685268244","1836666","625618","366334","361943","419862","326769","361758","456357","169261","63509","325994","521874","638611","759532","152764","1174835","1224556","16046","458195","575431","507515","544749","297473"
"20234","11","서울시","CS200030","피부관리실","53795419893","268784","40854912443","12940507450","6847216074","7722186005","9070524981","8345767831","8869217552","9577092167","3363415283","427054412","2551670485","13493876299","15245298266","18569584983","3507935448","13015608100","38853300014","210002977","10154934579","14875650432","10468966799","9160324555","7001791397","199770","69014","33234","37812","39981","42382","46361","49314","19700","3463","14440","67896","74984","93699","14301","66657","195057","2767","71578","80896","43422","36563","26495"
"20234","11","서울시","CS200029","네일숍","16118686494","200463","12237802405","3880884089","2078639882","2392938473","2544462689","2690825070","2530936291","2722203621","1158680468","25211165","307628177","3947160055","5049346792","6054720498","734619807","2615110825","13233892361","103462422","3014856351","4388975473","3789789866","2723627437","1828291640","153792","46671","25510","29429","31534","32878","34441","33357","13314","169","3451","51516","60420","78230","6677","29253","169725","2264","48921","59537","39259","31021","17977"
"20234","11","서울시","CS200028","미용실","276254886498","5680159","176152389587","100102496911","27036687576","31472839163","35478654311","36317536207","45846672330","61719631923","38382864988","518516871","9446690567","71482700189","94414245357","96030373836","4362359678","114218819921","157650219608","2611117611","38998418285","59493996297","64014085353","63887338008","42863572626","3702784","1977375","634343","660052","732356","754487","921546","1186534","790841","3437","273321","1536809","1877924","1940577","48091","3160073","2495013","67063","796065","1177772","1268150","1376269","969769"
"20234","11","서울시","CS200026","자동차미용","14588840212","183083","11622828024","2966012188","1926601549","2589005980","2369125703","2349245667","2388849125","2103578687","862433501","1295865","2602057300","4386195183","5218259198","2239598610","141434056","7613291704","2807882475","32783324","477095546","2303696731","2940259030","2595103196","2072613706","138647","44436","25415","31970","26510","25674","29078","29338","15098","62","34306","54385","72335","20994","1001","93880","38171","81","6349","29751","37769","34869","23270"
"20234","11","서울시","CS200025","자동차수리","298731445650","1602916","254951944429","43779501221","45441971975","50905938414","51845414454","50935834416","55822785170","41329080148","2450421073","115390057","48390053554","84982711503","108747004473","55700744566","795541497","189126367030","64244053313","24541645","9350458009","43743027451","59969534773","70187131502","70098560024","1337110","265806","257917","267682","264822","258374","288315","246735","19071","542","331273","485358","556496","227282","1965","1042010","361482","254","62880","258775","336899","368812","375935"
"20234","11","서울시","CS200024","스포츠클럽","115396346618","652251","100505743854","14890602764","19759345620","23195492294","21823326587","18735255496","16992323857","8887064714","6003538050","878811277","12180777779","20780104392","22882147962","43702694816","14971810392","53343743440","56324558332","594444286","23865203558","30200191705","20314877721","21801332023","12891906274","477092","175159","101587","98453","97046","89272","90734","88416","86743","35963","81722","105052","120572","215683","93259","375163","267404","13265","175538","166775","107664","112942","66391"
"20234","11","서울시","CS200019","PC방","108648003828","20177925","68904927523","39743076305","13845543577","13173066343","12868935308","13156661130","15860721165","19998646678","19744429627","15552722994","6580069310","13663835692","19812176725","32563268702","20475930405","86697838574","21862552506","9765220690","49371570175","28332720925","10506645040","8565328820","2018905431","12897298","7280627","2569128","2454355","2421802","2465432","2986581","3642248","3638379","2713374","1122526","2453765","3972243","6168228","3747789","15932015","4244132","2540143","9181119","4667391","1888823","1562507","336159"
"20234","11","서울시","CS200017","골프연습장","65595758850","1409643","44350480162","21245278688","9590655756","9708528244","8699510482","8059912918","8291872762","10455260784","10790017904","2853018112","5674862898","10028206781","13887257176","21999299360","11153114523","44293605990","13691132818","31317804","2528568571","10303878972","17161508280","18985228850","8974236329","886821","522822","190102","179846","167862","166952","182059","253030","269792","56294","105807","258241","301061","443919","244321","1054845","253179","967","55807","223076","387306","445450","195462"
"20234","11","서울시","CS200016","당구장","36411657301","1620306","25348449165","11063208136","4856458317","4937380066","5109793414","5093191527","5351625841","6003418915","5059789221","2448338165","1438168456","3197128575","5956587342","14828404210","8543030553","27191301356","7828269507","530004048","3869061350","5536607607","7119987451","10565376617","7398547582","1059734","560572","201230","198994","205368","208357","245785","300641","259931","112099","14322","88403","275794","685321","444367","1419570","174691","47643","156365","169004","287434","534622","399204"
"20234","11","서울시","CS200008","한의원","231319178540","6500906","186411605667","44907572873","38279346645","36854457732","35710117799","34223044585","41344638906","40489656672","4417916201","11457335","28231825654","84273171890","70575006544","47689723581","537993536","85875325912","143682870665","241016966","15118362620","38508904443","50928447244","56929553508","67831450808","5475607","1025299","1086733","1072380","1109029","983063","1224402","882898","142401","406","1049934","2196971","1904620","1343272","5703","2860258","3622929","13230","335598","826858","1128402","1406138","2772871"
"20234","11","서울시","CS200007","치과의원","652126272663","4471110","565770789970","86355482693","104474682733","124195891664","116898040076","95212481143","124989694354","82591271980","3764210713","258906","87147266900","223736100263","213461363855","126838609548","942673191","330696932085","318323050013","1016198284","45225833094","90168981754","137236710167","166851647652","208531898053","3846158","624952","719300","822090","790687","652262","861819","600873","24079","28","797718","1351164","1534229","785563","2408","2213322","2249371","14899","411386","754978","1012781","1007435","1261264"
"20234","11","서울시","CS200006","일반의원","1924125754338","51258072","1613658336002","310467418336","307890633716","323289305235","296389832653","306580357521","379508206877","293660761355","16806656981","246170179","436480784384","616432459205","569701397496","298971596181","2293346893","749652763023","1168472210852","6088603772","214646514862","400304252845","476180393682","433531671978","387373536494","43824375","7433697","8936862","8738707","8233995","8212861","9701950","6894113","539584","835","13133568","14329657","16404336","7348889","40787","23203263","28008753","370735","4430540","9585780","12539990","10626148","13658835"
"20234","11","서울시","CS200005","스포츠 강습","118606550320","501091","108103692536","10502857784","19932979015","22911490475","23380764803","20929682435","20948775808","7765351487","2737506297","257277881","10432022389","20909205318","26899400864","49484594180","10624049688","42547145386","71807466654","257324537","13384897324","27844952366","48651969393","17135630865","7080780339","432554","68537","80136","87076","96570","80903","87869","40445","28092","5197","39190","74711","129662","205436","46895","209286","280709","5378","51620","112233","233393","63517","23898"
"20234","11","서울시","CS200003","예술학원","150779336326","626257","125579847066","25199489260","20818461787","26302042498","28354377567","24117527499","25987437715","18041474590","7158014670","552673659","9175420642","25343361792","52248460064","53873975305","9585444864","61386411307","88054075331","469280938","6539289782","22819580412","81514580870","32724704481","5374408261","549253","77004","90552","113095","126881","109611","109114","56775","20229","2363","35059","101447","244292","214257","28839","244933","377144","3441","31174","125203","365245","75972","21039"
"20234","11","서울시","CS200002","외국어학원","83476899783","211964","76966525888","6510373895","14544293259","14684832681","16750220699","14553456286","16433722963","4097319180","2413054715","663826835","17311122649","14931076192","25138204097","20743251961","4689418049","36282290934","46499265547","52565694","2074102084","18980364143","50554030508","8538756978","2581737080","187677","24287","34758","36660","42477","36402","37380","16380","7907","2330","30611","35818","63568","65889","13748","84069","126589","426","10096","36902","131350","24932","6948"
"20234","11","서울시","CS200001","일반교습학원","872168049504","2863471","696169952544","175998096960","122739749809","137251958050","153333126763","136239444650","146605673272","106980005668","69018091292","7110722965","72992331900","110640485622","255004624088","342510969724","83908915205","366352961656","498635639458","818133399","6682219285","56195149920","574691995816","206014518945","20586497181","2254062","609409","400068","426068","506789","435177","485960","366669","242740","27943","284518","385023","836973","1075652","253362","1154356","1693822","7548","29772","204489","1894865","647698","63804"
"20234","11","서울시","CS100010","커피-음료","726009527525","92173562","537287236921","188722290604","95176022038","106519159805","109319660883","109961414712","116310979483","99213783281","89508507323","4995580267","106698984027","253836277879","178346905000","147793885838","34337894514","282706522617","349867021309","12230795264","161838381957","178428615055","129425816398","99728499827","50922127136","70204185","21969377","12693453","14113884","14572017","14300221","14524610","11471094","10498283","309571","20132993","30933280","21504304","16314561","2978853","39823037","46622761","1934605","23314948","24957073","17256746","13066454","5915918"
"20234","11","서울시","CS100009","호프-간이주점","856978491198","17587573","574726290354","282252200844","92695001693","106287220946","112370553684","119293534621","144079979410","164568724340","117683476504","215107995974","10029124018","36429283526","26497641482","193327656169","375586790029","494756936084","257963406157","8220660706","198842566009","205204767999","142071368621","128840575469","69542348975","11809441","5778132","2062869","2206195","2302498","2357446","2880433","3219711","2558421","3317913","483331","1961863","1206826","4375019","6242621","9693510","6802010","255094","4962583","4502459","2810655","2546656","1418131"
"20234","11","서울시","CS100008","분식전문점","353480060159","32397926","260575362684","92904697475","46148749399","51702138126","52754178536","53676921022","56293375601","51817461277","41087236198","7585784759","32012415633","113392189955","61627760212","111278290424","27583619176","157123617203","160184979734","6512844000","58782635780","73656320798","80616290418","64298983768","33441436587","24317757","8080169","4378856","4876737","4985439","4944222","5132503","4497492","3582677","484333","3386336","10020667","5960836","10275530","2270224","14504018","16474523","816350","6208795","7236800","7550530","6030823","3135216"
"20234","11","서울시","CS100007","치킨전문점","137270197351","4621793","96659215518","40610981833","15405436982","18198271182","19117556202","20297455556","23640495596","22607700498","18003281335","9965986211","547631417","5453188660","8923706635","58763991137","53615693291","75964474121","44860124254","1337972162","19541882772","25950677054","29162052747","28878941053","15953438033","3191632","1430161","529078","604581","623615","648927","785431","766209","663952","232727","25983","287001","406872","2227015","1442195","2611264","1754210","68175","743884","910169","1012681","1026165","604442"
"20234","11","서울시","CS100006","패스트푸드점","181891762123","14784452","125425196689","56466565434","22717573274","24216167825","25025720280","25718970793","27746764517","28362388688","28104176746","4011292726","11507500695","53256964479","33664207292","63713795357","15738001574","85484604207","75442747185","3802380174","38413797621","41669674011","35835970034","28031214562","13174314957","10478599","4305853","1953995","2075930","2126361","2104348","2217965","2187071","2118782","476514","1254244","4127018","2706384","4787094","1433198","7444740","6743296","431654","3815242","3827747","2894277","2189779","1029314"
"20234","11","서울시","CS100005","제과점","288649271538","26582189","204149517905","84499753633","37007282205","39784119380","41217525721","40356045428","45784545171","43797606712","40702146921","328218460","47331134550","72935236762","69832969315","81721732038","16499980413","104964157704","152219564256","2353325437","38750541381","58394182510","63504975876","54081500532","40099196183","19286239","7295950","3603734","3848651","3961146","3787800","4084908","3812797","3483153","27852","5028378","6197635","6074254","7580150","1673920","10125165","15373802","339341","4397720","5889585","5966160","5092850","3813294"
"20234","11","서울시","CS100004","양식음식점","379725213814","8552528","254716023682","125009190132","42700805533","47914938372","50410819151","53025806848","60663653778","67713372480","57295817652","18774043374","2848843700","106755163757","53311096004","136298166304","61737900675","151320037687","147023187166","3821493913","73005249976","92751425985","61056524061","44371171985","23337358855","5975939","2576589","1058155","1164709","1201204","1205575","1346296","1353062","1223527","242150","156059","3346895","1360841","2792560","654023","3484994","4189862","163528","2198694","2276146","1506028","1076404","453954"
"20234","11","서울시","CS100003","일식음식점","301425119481","7190648","228236018847","73189100634","37626481861","43896240249","46922202923","48132324252","51658769562","43675081250","29514019384","9614358038","720126759","88917559858","25477022662","115307473974","61388578190","129397108070","95467098732","3259245557","55902168081","65078514405","43727924143","34713293938","22183060728","5598140","1592508","963450","1111810","1167012","1152549","1203319","897254","695254","123934","41723","3200107","819870","2409148","595866","3222890","3076563","173817","1849252","1746991","1148084","924302","457095"
"20234","11","서울시","CS100002","중식음식점","303256416791","9205241","219353911659","83902505132","36898667193","41388377009","44264762284","46754897278","50047207895","43957432153","39945072979","5965933138","2393353277","109214909176","36549977540","116674047436","32458196224","141500730699","90137260464","2760713280","38925747771","56814913035","51975950118","47655896072","33504607495","6899030","2306211","1193303","1340740","1416595","1449995","1498397","1195847","1110364","133165","101042","4256376","1376379","2877110","461169","4846370","3310800","183318","1573922","1893687","1814734","1614913","1076594"
"20234","11","서울시","CS100001","한식음식점","4105165293262","105862901","3002774161334","1102391131928","513565678655","573566280310","604435301654","625234522695","685972378020","613452123972","488939007956","141053269322","75472502219","1099843374466","400125108046","1713050818091","675620221118","1999810080514","1219607220265","19738071548","508411290522","736488937590","657644760540","698129185116","599008406130","81062779","24800122","14705896","16063321","16521666","16410830","17361066","13500197","11299925","2834129","3464713","43572318","12649196","33571931","9770614","56441303","37531969","916486","15686239","20827644","18960139","20279797","17302860"
"20233","11","서울시","CS300043","전자상거래업","40768757079","736476","32106242216","8662514863","8462477548","4613194259","6344147184","5895031067","6791392158","5585592632","3076922231","215778286","2442906868","9916119459","15451492412","11652307468","1090152586","17337003173","20848953543","343705738","5600640890","13079706848","5241249079","9003373089","4917281071","483097","253379","79231","98274","92970","104478","108144","156053","97326","6684","26897","176713","241220","246018","38943","308632","402412","24790","205012","187099","137948","100387","55805"
"20233","11","서울시","CS300036","조명용품","423776501505","3815544","391465504805","32310996700","93315903082","79902573750","82697840738","74426752542","61122434693","28425169786","3885826914","348528475","116714385260","129884638397","130178610605","46293372599","356966169","221580380061","94067579547","940438","7032909575","32168450716","89083739537","107813843469","79547509641","3261740","553804","764901","605556","677142","616862","597279","475242","78562","2760","1020922","1141676","1192684","456345","1157","2116146","846488","133","105746","345525","592683","879942","1038349"
"20233","11","서울시","CS300035","인테리어","54033893496","825140","45208884048","8825009448","9889865385","7034970296","11497279529","8253983536","8532785302","7559806347","1265203101","80144932","18450371712","13169245050","16290629891","5404275798","639226113","24714291018","16631877951","42402960","1306651543","3720896030","7790516427","15094620165","13391081842","669660","155480","139250","130072","139816","130095","130427","126374","29106","1332","238145","235713","234600","113612","1738","437338","256207","2915","31627","76604","109404","202815","270162"
"20233","11","서울시","CS300033","철물점","50526871359","1331339","42409240789","8117630570","9528589178","8534303337","8580336505","8161603112","7604408657","6911031974","1206598596","158685434","14795012694","15227619381","14328585700","5764799733","252168417","23207889252","14722600764","26068709","1648150968","4687708211","7458384101","10686847839","13423174524","1101620","229719","241158","203886","227595","220223","208758","182290","47429","2032","402798","373482","362456","187807","2764","710180","308492","992","53919","159513","199658","275687","328918"
"20233","11","서울시","CS300032","가전제품","283351739764","659589","179350673900","104001065864","44738693861","32108207745","34813670078","31389316943","36300785273","58882646930","45118418934","831200","18842115939","83138378150","103054171368","77786086514","530156593","153194441759","124109223168","110315618","14063949482","53260567609","61963065712","70883132529","77022633975","414474","245115","97721","78774","83341","77261","77377","129622","115493","48","49908","177845","237621","191850","2317","368879","275785","684","34315","111939","133907","167906","195932"
"20233","11","서울시","CS300031","가구","165453393612","471398","111081524213","54371869399","24960379158","20529261348","25135090921","20211789224","20245003562","30592318139","23779551260","51745671","9389602467","47072703757","72123265277","36637094300","178982140","72991735001","75813979648","27785006","5562435296","24693433018","24924493554","44958406509","48639161262","383466","87932","79581","81441","82177","69196","71071","53809","34123","582","78582","178080","152115","61367","672","192716","186645","772","34302","80188","77499","93635","92964"
"20233","11","서울시","CS300029","애완동물","12243876600","328499","8507766793","3736109807","2008849089","1747003106","1579866882","1542318273","1629729443","2282702974","1453406833","41667266","708153932","3033113186","4087782620","3891966491","481193105","4842492930","6683066012","42567176","1455189091","2309781193","2635845097","2668805839","2413323331","226436","102063","50461","42733","44057","43735","45450","60546","41517","1985","21387","74258","96942","120859","13068","124622","201418","1918","37611","56676","58925","87643","83248"
"20233","11","서울시","CS300028","화초","54469804553","1214932","42646935391","11822869162","8980353793","8574509837","7856511094","8064099851","9171460816","7766523516","4056345646","340196112","9647490047","16089155506","16380022738","10682630822","1330309328","17658226372","21544261930","166492449","5560289887","8337039577","7057580123","9155990463","8925158382","903916","311016","179088","167462","174967","177270","205129","207771","103245","1574","151344","366846","346943","329435","18790","439422","604788","11295","210896","283825","185414","187825","164944"
"20233","11","서울시","CS300027","섬유제품","36070089898","397650","27435267493","8634822405","6173286535","6139719427","5067574633","5037660680","5017026218","6353161537","2281660868","1427823","4021908083","9673155638","13613380941","8728045695","32171718","10393159927","18947765274","14994186","876746523","3844370251","4987349448","8194598244","11421853091","314258","83392","63275","66826","60464","59443","64250","60616","22776","17","61983","120890","137777","76198","785","122009","213800","398","11217","33131","39627","95078","156267"
"20233","11","서울시","CS300026","완구","11347650478","242358","7597613798","3750036680","1340395352","1783464956","1458910533","1521432260","1493410697","2498249604","1251787076","6953979","919429372","3293015367","3719955059","3209207277","199089424","8076470060","2632900715","146385022","1425938637","2401524760","2358217065","1953682973","2423622307","145032","97326","28223","27802","26407","27815","34785","60883","36443","236","15124","56265","84492","78960","7281","146199","92763","8909","59924","50932","45990","33712","39502"
"20233","11","서울시","CS300025","자전거 및 기타운송장비","41653996037","285000","27978052443","13675943594","4790889636","4644786673","5540980430","5967382491","7034013213","8236788512","5439155082","0","2822435939","12046996194","15498105503","11190037226","96421175","30012188727","8734942270","154274382","1528178109","6728414528","12944308538","8823799512","8567783811","184768","100232","35803","32961","33580","39021","43403","61870","38362","0","28209","78070","96535","81505","681","206737","62004","4443","16548","36633","71716","69957","69444"
"20233","11","서울시","CS300024","운동/경기용품","208149679982","1543080","139628402589","68521277393","31175271455","26097883347","28371201400","28123764205","25860282182","39771935150","28749342243","787130086","13474983859","58886719335","73561128765","57002133372","4437584565","119944676059","67362847468","1389329138","20024786835","38681662559","49659354425","47349769122","30202621447","947316","595764","181032","181469","186839","192804","205172","346951","248813","14321","133945","397256","514264","441089","42205","947359","534546","17495","195266","315690","360101","322152","271184"
"20233","11","서울시","CS300022","화장품","326942770529","4378004","269441233915","57501536614","53559131950","56235738437","53112992246","52899776889","53633594393","37456763151","20044773463","2324295495","30575825291","88901867484","105459001650","85727956049","13953824560","110240656154","199955256487","1737997666","38762120393","67166063322","82343701222","72248485642","47939184005","2986253","1391751","592187","578412","586538","587401","641715","827760","563991","44404","276910","995907","1298965","1468828","292990","1339722","2956159","65568","954905","951558","761229","781903","780740"
"20233","11","서울시","CS300021","문구","307922308471","9902564","285119439393","22802869078","62179594917","53227928707","63359764860","54218983993","52133166916","15333514841","7469354237","21380240","54258899087","92598176098","121302709322","38695468014","1045675710","80503011760","61180459168","1639290179","11442626730","19543146156","31345296557","49946282642","27768474523","8194731","1707833","1770762","1594624","1686527","1604230","1538588","1109324","598509","3907","1279069","2982090","3258899","2263517","115082","3677452","4204832","277564","1298094","1618359","2153593","1490555","1044656"
"20233","11","서울시","CS300020","서적","115589767699","2091410","100210359407","15379408292","25389623813","21412666802","19475777029","16913265795","17019025968","8746610174","6632798118","31881160","14385953924","32430093801","45302828744","22008730744","1430279326","41882908431","54513436195","1643623720","7175429223","14096981706","31720666367","28712104740","13047538876","1474417","616993","319303","288011","302198","276679","288226","285450","331543","212","220560","550693","680911","581709","57325","856229","1173857","91550","263129","317712","687914","473454","196334"
"20233","11","서울시","CS300019","의료기기","237200957117","637053","224885680032","12315277085","46531079563","54468341437","37517513070","40165539659","46203206303","10182042297","2133234788","666667","42661636163","86003077761","96599887462","11629909028","305780036","169164887839","57495487668","83254815","2820471834","20447690951","57285002090","70224732546","75799223268","539624","97429","119119","108293","114662","104755","92795","72555","24874","5","130619","238877","214995","51678","879","364295","258687","361","17643","50598","112866","146131","295384"
"20233","11","서울시","CS300018","의약품","1646695330157","81766345","1457747480812","188947849345","338363137006","275906499298","294434082970","260381288892","288662472646","163313996771","25633852574","477734367","357219445293","513288387825","505542652125","261954226603","8212883944","851993278414","763817897055","2903525315","90410584440","244406987158","322506975469","386389621616","569193479937","68868851","12897494","17181012","12615605","13373142","12272049","13427043","10730535","2166959","43984","18235575","22304868","22606247","17814074","761597","37615327","44010366","416230","8480411","15712936","17532832","16976886","22506401"
"20233","11","서울시","CS300017","시계및귀금속","304779982399","738658","220559751322","84220231077","50252228420","44945405519","38555464576","41193682504","45612970303","55607262047","28612969030","11984440","18425214074","90058639971","127028593526","67823547027","1432003361","147394335453","141584429822","198495271","21946036970","59197168869","73417330420","73205264494","61014469256","553566","185092","119020","104339","104678","110511","115018","119515","65577","263","39655","225052","277703","185701","10284","305586","388784","3827","92223","164985","136978","146477","149883"
"20233","11","서울시","CS300016","안경","137080235410","1483149","94871159483","42209075927","20769900129","18054674560","18814267348","17775008042","19457309404","26752997991","15456077936","6443303","6761734571","34886642140","42979967830","50314793099","2130654467","61458859328","73588038237","1126942164","22097108011","25183249012","31877898416","33484449355","21276616580","1059468","423681","223619","199776","215156","204703","216214","265737","157944","623","77152","339813","418383","607383","39795","532940","944171","36945","426293","306909","276881","272251","157839"
"20233","11","서울시","CS300015","가방","47009624584","1727343","29940242874","17069381710","5840917791","6606724923","5518779845","6077346814","5896473501","9243801404","7825580306","44496635","1406275405","11330204352","15242098072","16620613889","2365936231","15421055340","30097057346","324352015","10077385711","10764744938","9029259980","7931178549","7391191493","1021548","705795","193560","209919","204992","210147","202930","386908","318887","2232","69679","366362","528867","654830","105373","561886","1155938","25513","477115","416952","323383","268542","206326"
"20233","11","서울시","CS300014","신발","153737412449","1758526","100609026377","53128386072","17598675905","18430554183","22173860397","20401411422","22004524470","29574622485","23553763587","293595866","9065476745","49923305194","50011735442","41937927553","2505371649","75003328063","72675155897","775811306","17329610594","31060295088","32272615367","38397902761","27842200601","1084017","674509","211263","207008","211876","223979","229891","381292","293217","2567","94653","456217","608567","559851","36671","782551","933901","14697","254117","338444","356242","331052","421902"
"20233","11","서울시","CS300011","일반의류","1463514750520","23074456","901730511394","561784239126","162740601743","170789998759","193614400319","185439905961","189145604612","320307378351","241476860775","3428056854","40637255411","370835484772","534963838333","481964048546","31686066604","529992183390","891755795315","8590146962","168304344490","285860601290","306062409537","341832426867","311095940316","14614501","8459955","2782534","2745880","3016826","2958369","3110892","4785182","3674773","153109","1189130","5810639","7550726","7696676","674176","8007297","14942075","220961","3648904","4653046","4799362","5018067","4609028"
"20233","11","서울시","CS300010","반찬가게","824263041460","30461519","699218623615","125044417845","136680691553","145575045050","139399748700","145843954427","131719183885","92885659496","32158758349","136988753503","192833563804","188685826564","177888904087","89994828463","37871165039","342339183263","345460965413","748686530","31495210687","98819037515","140876786770","177441764087","238418663106","24966129","5495390","5162517","4872171","5123664","5055600","4752177","3514552","1980838","1433251","6467138","9760059","6492740","5453970","854361","14104564","14190124","165801","3996956","6448537","5876174","5955108","5852123"
"20233","11","서울시","CS300009","청과상","1090869953235","34730541","798935269073","291934684162","166425004289","150310644869","169081888253","168066457289","145051274373","193410827243","98523856919","26175804634","265433258296","308076008086","301231488441","172645257466","17308136312","455011606852","547271003219","235478586","20678738244","80172341057","150082560417","253497485757","497616005993","24038163","10692378","4889352","4556115","4803657","5160549","4628490","6697195","3995183","232908","6215605","9778991","10547223","7496768","459046","14681507","19286338","21510","913087","2803868","5162366","8389372","16677651"
"20233","11","서울시","CS300008","수산물판매","1180696526753","18938304","734427690609","446268836144","118890581134","129926717992","135377856790","165743800445","184488734248","287008697946","159260138198","31998504844","202206033391","283065048718","288611278796","345243838793","29571822211","589031277639","437801304298","390973438","57320250698","166394609466","192927372085","221045265003","388754111280","11513482","7424822","1975084","2007408","2231924","2610103","2688963","4692498","2732324","289429","3008528","4748004","5331334","5206716","354293","9244118","8635627","9640","916527","2487196","2991232","3945620","7529526"
"20233","11","서울시","CS300007","육류판매","845121058739","16438298","647356236734","197764822005","117187784548","119945401403","152252581647","126494625244","131475843892","129493172850","68271649155","9436831915","182988049451","207493795588","239279851988","193867370207","12055159590","365212824208","430671752263","202151326","19085116370","82510744273","135415942898","197531327502","361139793334","11806054","4632244","2222056","2179280","2490258","2561978","2352482","2800401","1831843","97810","2465994","3774422","4568502","5265035","266535","6862847","9288782","14347","579204","1767147","2806435","4447191","6537384"
"20233","11","서울시","CS300006","미곡판매","119190137616","2633158","97767740582","21422397034","22130494519","21222582803","21933544795","15813239757","16667878708","17333303883","4089093151","9167967205","38473118938","29919639929","28849116457","12224543313","555751774","42935738508","63336778106","16101994","1149308275","9223504244","11788276349","23608283280","60487042467","2078236","554922","470498","405381","421404","408689","372264","413433","141489","92788","689704","711057","692274","420311","27024","1110167","1401041","1040","53389","188349","307947","575045","1385434"
"20233","11","서울시","CS300004","핸드폰","96093869465","2318187","75251043124","20842826341","17389462964","15541552264","13170215566","15525733459","13624078871","13815719893","7027106448","1583701242","6834456556","23287308882","36646459463","22557221483","5184721839","49786492564","33118072906","514901057","8590171260","15605604745","21456578510","21051910723","15685399181","1888684","429503","398616","357554","381350","364008","387156","295046","134457","32011","432274","646362","527126","584103","96311","1068187","1135419","31684","474780","571896","390311","392509","342420"
"20233","11","서울시","CS300003","컴퓨터및주변장치판매","727786504444","7770380","656193743068","71592761376","125171948017","138246431777","135782380683","128895307888","128097674703","54980324373","16612437003","476127315","118532262993","216374536898","257480422910","123117748530","11805405798","268751626691","112568023501","1662739425","40782707183","64297671732","94372320381","121221908886","58982302570","5401595","2368785","1143324","984693","1032150","1009760","1231668","1309644","1059141","73821","1126266","2371043","2395257","1507899","296094","3407385","3649991","206009","2036108","1962053","1462010","868338","522849"
"20233","11","서울시","CS300002","편의점","1185170593485","175232958","862144303295","323026290190","171898385856","167900463861","173461628523","171279142483","177604682572","178380396557","144645893633","112765407799","189207947994","174691242399","175803575233","327108679993","205593740067","699638856898","458643539699","17815509375","264756732187","324273814624","250963064319","200813972876","99659303163","129411825","45821133","26241355","25360353","25977951","25727462","26104704","25234967","20586166","15425159","34253881","28013069","25936490","43978971","27625388","106079673","67086780","4160067","43400636","48384359","35010062","28223620","13987714"
"20233","11","서울시","CS300001","슈퍼마켓","1182040235487","110561304","854657712542","327382522945","173519039011","161725385247","174720038659","171368688790","173324560835","184116742073","143265780872","39108216507","172055438900","215675062560","245947287861","379057915037","130196314622","598007685277","531277976302","6663803862","109494608498","199350136435","242493860069","284398619231","286884686061","80293159","30268145","16305080","15561053","16072127","16157671","16197228","16737053","13531092","4393447","17923909","18784370","20011381","35212028","14236169","61330114","47670891","1809392","16965054","24076389","22646895","23494031","20009222"
"20233","11","서울시","CS200037","노래방","112596049123","4491196","72780867971","39815181152","11492695204","14637357330","14643224207","15154710079","16852881151","23813286605","16001894547","43220590799","1440955640","1137848963","3498297181","18531478475","44766878065","82582849958","21445173324","1564053657","14999179445","18871537221","22361913089","29801331941","16429647827","2832036","1659160","515738","524599","556941","557428","677330","964338","694822","780402","41106","205949","498120","1400067","1565552","2627690","1812734","341552","2008926","1024069","434933","444780","186175"
"20233","11","서울시","CS200036","고시원","355907086","802","286776270","69130816","56045138","52635843","105579214","25848676","46667399","8270068","60860748","0","11521739","136508913","112970365","50175756","44730313","95762361","236515705","0","182668922","58477964","5088174","68043006","18000000","699","103","103","189","195","88","124","24","79","0","29","264","349","110","50","315","460","0","372","274","26","80","23"
"20233","11","서울시","CS200034","여관","58308695225","1296207","36660935833","21647759392","7451359646","7508325660","7066618994","7018366584","7616264949","11835254155","9812505237","15214146889","4325191022","4385311924","7202599296","15724372809","11457073285","38069028201","13089547917","749976303","11729986231","13016636201","10801860150","9899484492","4960632736","819632","476575","159562","164059","165087","167000","163924","252045","224530","275551","68406","132285","192302","357631","270032","909239","332482","23386","408687","322918","193131","190559","102985"
"20233","11","서울시","CS200033","부동산중개업","8264026634","541302","6441049111","1822977523","1583269409","923750268","1579372033","1072353978","1282303423","1137571620","685405903","228050877","734494917","2443100009","1955469058","2318239619","584672154","3638691903","3528183669","9172329","908711230","2604035690","1794624119","988987904","861344306","416801","124501","88409","76987","97439","81144","72822","77812","46689","13861","61419","142371","151564","140546","31541","297657","156955","550","51377","138771","106078","99843","57999"
"20233","11","서울시","CS200032","가전제품수리","14262109499","204186","11944418539","2317690960","3054516291","2625830056","1996858344","2215890197","2051323651","2073689178","244001782","38616724","2423029372","4914279747","4351055984","2212296372","322831300","5920462054","6286212416","41399834","591482084","1717187340","2127592270","3287882700","4441130234","158381","45805","36630","28341","30705","29610","33095","31400","14405","6813","29061","49587","58816","46550","13359","124360","63857","12165","36996","28737","31684","33866","44773"
"20233","11","서울시","CS200031","세탁소","33252721540","2113135","26429088044","6823633496","6335726842","4785184014","5858661243","4772074317","4677441628","5607885017","1215748479","453355040","5639443462","7408591761","8546698257","9872359952","1332273068","13761545420","14204248212","78702033","3852252107","6743696986","6970120810","6724841086","3596162165","1560277","552858","371200","276207","350854","274340","287676","394303","158555","70053","306273","411362","481497","676801","167149","1038766","1011233","11168","415705","518997","443394","446961","213778"
"20233","11","서울시","CS200030","피부관리실","55915404293","279459","43108126686","12807277607","8806044097","8421790815","9155127940","8121309943","8603853891","9891610699","2915666908","413628034","2753445037","13297337929","15887721716","19416017781","4147253796","13052442827","41276277209","141610044","9683561282","15880625133","11653964676","10051457546","6918141590","209136","70323","39774","39330","43259","41803","44970","51491","18832","3425","14232","68996","79675","97223","15908","70196","203609","1809","73893","88464","46158","37422","26083"
"20233","11","서울시","CS200029","네일숍","19744809800","239602","14943551523","4801258277","2851398046","2936979854","3011962706","3045260020","3097950897","3351638718","1449619559","33674226","292369631","5001213121","5962515315","7536025326","919012181","3339792364","16127416886","85048143","3495970626","5350447006","4927744801","3337385282","2270631430","183067","56535","33926","35681","37098","37138","39224","40622","15913","217","3834","62321","70882","93872","8476","35018","203002","2035","56859","70663","50935","35710","21815"
"20233","11","서울시","CS200028","미용실","283703992121","5978719","177461801153","106242190968","29179843869","31383658545","36948867040","37206190722","42743240977","67011019332","39231171636","326160191","9205511247","73159840767","93749876852","102037502349","5225100715","117464060145","162647285721","2261874142","40900788935","63060547978","67740829838","64460629981","41686950755","3845905","2132814","716502","672190","801131","786624","869458","1303113","829701","4035","311683","1603347","1884342","2116550","58762","3363994","2589039","63599","835841","1263480","1381892","1431101","977140"
"20233","11","서울시","CS200026","자동차미용","13268321971","161869","10196332827","3071989144","2046922175","1887658710","1959924661","2320325977","1981501304","2188978651","883010493","797475","2541228415","3925287170","4270978552","2488238044","41792315","7189368218","2379197498","949018","611890782","2082798274","3133979360","2172496691","1565845677","115828","46041","23613","18060","20606","27788","25761","30665","15376","185","34360","48814","55174","22160","1176","86145","31764","19","6567","28234","33165","31241","18690"
"20233","11","서울시","CS200025","자동차수리","295541595685","1501538","249673020829","45868574856","52919378376","46038409211","52370598352","46507932762","51836702128","42602553858","3266020998","27543971","50092287430","80384109005","102709543762","61565665973","762445544","186577936245","69078873672","26668229","8931085554","42446454131","60680944096","74298416775","69266311834","1250097","251441","280040","228100","257509","233919","250529","237249","14192","147","322432","434252","500435","242033","2239","986569","341811","204","53448","239869","316040","358446","360401"
"20233","11","서울시","CS200024","스포츠클럽","134062496260","711061","117447721853","16614774407","31988323792","22389801801","22857156491","21473939428","18738500341","10724823527","5889950880","1173295785","14367449915","20387415734","25785603027","53363581277","18985150522","61354945776","66774323723","656743367","31398981980","36801938198","21987493157","25434768274","11850152749","535579","175482","130321","108032","105774","98754","92698","96070","79412","39678","94156","105373","129691","240910","101253","398834","301378","13256","216660","191237","107190","117219","54659"
"20233","11","서울시","CS200019","PC방","121732452811","22836973","76753425941","44979026870","14909008163","14697298070","14936443355","15095145055","17115531298","24660488331","20318538539","17490334504","8007637654","15211336165","22287312504","36181501149","22554330835","97582552790","24110206254","9876245416","56506478097","32407658848","11232635527","9486155349","2183585805","14543940","8293033","2810372","2773099","2855262","2865747","3239460","4549845","3743188","3063525","1451676","2782332","4462339","6916497","4160604","18043705","4790430","2660441","10643503","5323448","2085288","1746091","375366"
"20233","11","서울시","CS200017","골프연습장","71439753689","1535653","47216328462","24223425227","10247142050","9678590017","9567563065","8936357991","8786675339","12809613225","11413812002","3145525552","6962206565","10448790604","14479658601","23921666008","12481906359","47593399269","15552603585","32430724","2746565511","11547750357","18902195930","20281853214","9635207097","950892","584761","183980","191972","190896","189703","194341","304787","279974","59366","135926","270925","311936","485842","271658","1142618","283297","1003","56520","251312","418322","481932","216815"
"20233","11","서울시","CS200016","당구장","36646615273","1671226","25537391958","11109223315","5093884772","4852270173","5130856989","5210898514","5249481510","6446783923","4662439392","2602121781","1493633890","3118608065","5606188324","15014456349","8811606864","27408568413","7899537563","398569880","4148061841","5683457919","7294870076","10488486999","7294756597","1093660","577566","207187","209323","215918","217625","243607","334586","242980","113951","15708","99858","270838","703087","467784","1461838","180249","36309","164967","182376","299760","547326","411358"
"20233","11","서울시","CS200008","한의원","238481728023","6748438","189339395063","49142332960","46200500191","37520726912","35855654689","30952975041","38809538230","44834604391","4307728569","15689371","31594000806","87515218998","68585498264","50351680518","419640066","86201728286","149958578872","253654559","13767367674","39011256931","55099633462","60880943749","67147587606","5643162","1105276","1354000","1026745","1145556","936015","1180846","972095","133181","325","1244965","2239201","1833829","1424783","5335","2906538","3820882","12427","346377","822154","1158259","1498330","2889896"
"20233","11","서울시","CS200007","치과의원","650761061371","4424657","562858454177","87902607194","126906901271","117727667456","111721966060","87599701908","118902217482","84263420718","3639186476","35463","88672870473","225720741994","205707435954","129128649435","1531328052","327546854121","319737370611","951619943","45532329676","88973946842","141087975735","173095452439","197643136584","3790596","634061","900773","772341","761144","572605","783733","613654","20407","7","812509","1356449","1470627","782193","2872","2178861","2235384","14188","398783","721283","1051856","1029571","1198569"
"20233","11","서울시","CS200006","일반의원","1757903327632","46702772","1474426017467","283477310165","350153003597","283728701709","271470243481","259035605324","310038463356","271629836730","11847473435","293598305","400872224510","553890306684","513561627278","287536746878","1748823977","662908566463","1090788450594","4419369657","208823306541","381459836338","414282072387","391930945310","352780150857","39944728","6758044","10348249","7249291","7482960","6849942","8014286","6334681","423363","1108","13105417","12750936","14030576","6779967","34768","21024148","25655263","292063","4048696","8806791","11003498","9674414","12853905"
"20233","11","서울시","CS200005","스포츠 강습","125559103025","568842","114852800218","10706302807","28504496019","23038880971","23193524359","19512977353","20602921516","7708697356","2997605451","306305618","10800848323","19552266278","28742439116","54802673062","11354570628","45661043493","75547599279","266532359","14889724218","30452703256","51431612812","17125838812","7042231294","487486","81356","122838","96072","96438","82732","89406","50842","30514","6233","51104","83255","139330","233760","55160","244427","312712","5844","62137","127916","261773","72449","27030"
"20233","11","서울시","CS200003","예술학원","158716550998","685332","132861829066","25854721932","28687565005","27683703304","27286260853","24407255182","24797044722","19316817833","6537904099","493828181","9280339838","27777020193","54558777324","55777289680","10829295782","64509415464","92890248476","481334588","7415843654","23850155536","87236355261","33019040807","5396075054","597883","87449","135505","127459","119375","107407","108137","67292","20157","2346","40050","121240","260756","228006","32933","266461","414164","3341","36998","131408","402504","86221","20161"
"20233","11","서울시","CS200002","외국어학원","86575537619","216198","79600220073","6975317546","19440856958","17161684113","15868063783","12949599207","14180016012","4676904133","2298413413","670390166","18668606000","16273452537","25107918585","21331371134","4523799197","37474322525","48542344835","127817389","2037645779","19986327742","52130226501","8824329436","2910320513","190764","25434","47422","41634","37112","32034","32562","17128","8306","1868","33647","37256","63516","66796","13115","85783","128781","742","10126","35961","133035","27700","6996"
"20233","11","서울시","CS200001","일반교습학원","942377196563","2946959","748431654844","193945541719","164922437730","156174967900","151634176529","131007480144","144692592541","124541457414","69404084305","7342802934","86274481345","138608391177","263907655339","360362330293","85881535475","400736103749","535557422900","1080452608","6439347861","53717537322","594120027592","259731799025","21204250637","2305289","641670","510494","478854","460117","402519","453305","402681","238989","24792","290380","444614","832132","1102962","252079","1208702","1726289","9296","33372","197172","1893077","736770","65280"
"20233","11","서울시","CS100010","커피-음료","754262532596","98887223","558338991313","195923541283","109033170860","109047558397","112754440257","110754388390","116749433409","111348297747","84575243536","4446500992","114401522996","262073847934","181483076431","157298311573","34559272670","297600182407","367410353136","11456407022","165139040775","188470916006","141580419251","105685001858","52678802819","75086430","23800793","15267281","14617404","15171326","14816520","15213899","13466637","10334156","328625","22260860","32296770","22293208","18389247","3318513","42886055","50067914","1860161","24079156","27329726","19193679","14148089","6343173"
"20233","11","서울시","CS100009","호프-간이주점","797926156283","17903758","543948283817","253977872466","92671171872","102558023946","108067752286","110702513644","129948822069","158949425954","95028446512","186111449968","7641926339","34294610106","23594035611","191682985651","354601148608","452935278092","256757102513","7430429609","193826508124","200715618476","132905651122","116287554573","58525111017","12136718","5767040","2178068","2269493","2421527","2411064","2856566","3496768","2270272","3342916","511367","1912865","1108405","4529236","6498969","9866199","6981250","228912","4994939","4644381","2920873","2628390","1429808"
"20233","11","서울시","CS100008","분식전문점","340289461740","31272721","251582867917","88706593823","48406282395","49398093103","51353706439","51234934223","51189851757","52426510796","36280083027","7224706985","30425393049","112376226378","55863620999","107743446908","26656067421","151641056751","154683037694","5782546041","54486559329","70027336129","80193501877","62813554324","33020592412","23494185","7778536","4610269","4603344","4826968","4741902","4711702","4573829","3204707","468214","3392716","9877126","5400180","9966316","2168169","14043173","15843692","719449","5716299","6913245","7501649","5907175","3129095"
"20233","11","서울시","CS100007","치킨전문점","144223959180","4734823","103845918273","40378040907","17830938774","19586487531","20440480002","21397543669","24590468297","24129263561","16248777346","10677119778","540400307","5618219555","8688178533","63002373128","55697667879","80507622347","47025148367","1043189884","19224559957","27001465359","31025973769","31407299183","17829843027","3333880","1400943","558670","636546","657342","686144","795178","807518","593425","254199","32077","291232","369108","2264657","1523550","2671951","1791328","53975","708959","923020","1047866","1078038","651546"
"20233","11","서울시","CS100006","패스트푸드점","176436545407","14539200","121996447788","54440097619","23084223047","23864620185","24271397838","24825415209","25950791509","29621973751","24818123868","4187057932","11953607865","53370234906","30082350105","61843583063","14999711536","82523693431","74038411046","2962378835","36661349401","41550813675","34843108969","27462655893","13081797704","10317569","4221631","2029240","2017305","2063947","2067067","2140010","2318567","1903064","518719","1348117","4093884","2464226","4687778","1426476","7317516","6604459","342580","3677559","3880686","2838602","2157987","1024450"
"20233","11","서울시","CS100005","제과점","270876854595","26289577","193189566344","77687288251","36931496993","36697515589","39992040847","38707133768","40861379147","43826104251","33861184000","363867998","49235107444","68457019266","61180327362","76310652839","15329879686","97965724817","146236835044","1869036549","34627190027","54994161226","61575296670","51578971262","39558076234","19098521","7191056","3775909","3703364","3950410","3790516","3878322","4022293","3168763","31306","5355762","6132545","5604518","7529151","1636295","9834076","15390766","272428","4063761","5825090","5988990","5109481","3965106"
"20233","11","서울시","CS100004","양식음식점","355706125677","8712651","239582296609","116123829068","40289841697","46347414963","48787065750","49511158610","54646815589","68852479415","47271349653","17490181565","2917345740","105664120784","48228556507","126837486247","54568434834","141803236781","144687248270","3125269853","70829847490","89278839725","59197240735","42980857303","21078263007","6093357","2619294","1104791","1184836","1251809","1225248","1326673","1511864","1107430","241352","165093","3410956","1336651","2897102","661497","3529850","4312258","142283","2215177","2354299","1554542","1101513","474144"
"20233","11","서울시","CS100003","일식음식점","297663924024","7466275","225631638423","72032285601","41482857657","43648827764","46567705887","45551137910","48381109205","45934431560","26097854041","9626316056","706382463","92860881309","24530825758","112075890301","57863628137","130935383669","96502311353","2653559093","55033250822","67416784852","45047267038","35869965068","21416172329","5816375","1649900","1133758","1131081","1202505","1151055","1197976","998905","650995","124507","37226","3412523","814747","2477446","599826","3358654","3187917","144534","1838415","1858642","1226827","981358","496753"
"20233","11","서울시","CS100002","중식음식점","290857823163","9169898","209753356585","81104466578","38073933789","40924594241","43349296323","43010326289","44395205943","44831222643","36273243935","5769543669","2502087810","106971130377","34115421031","110787102265","30712538011","138785097334","89176317638","2315854672","37171553882","56209396860","52396492439","47971173342","31896943854","6849799","2320099","1264608","1351938","1434342","1386989","1411922","1262011","1058088","129069","107953","4262762","1300561","2905371","464182","4868663","3279455","157400","1481560","1907959","1849616","1653147","1098432"
"20233","11","서울시","CS100001","한식음식점","3815149710083","103364771","2780609314909","1034540395174","522387915217","541306258294","564385091960","557494543437","595035506001","609940306372","424600088802","129270514170","76509145489","1065007804915","357679063705","1581945522467","604737659337","1889040842887","1165265120713","14896593837","452246715221","698548410803","638919195574","675771495977","573923288070","78840317","24524454","15720145","15516695","16129222","15488774","15985481","14148367","10376087","2708218","3466293","42830993","11769182","33095818","9494267","55479629","36587787","702338","14354707","20492184","18903655","20230548","17383789"
"20232","11","서울시","CS300043","전자상거래업","41333593331","794551","29520601370","11812991961","5062980890","6280211341","5045690726","6670956169","6460762244","7172336448","4640655513","255684085","2494709673","11602997266","13033202813","11393925688","2553073806","18365833397","18033476016","326467833","7609724088","11452911805","8243074467","4270319275","4496811953","530757","263794","90037","87172","96428","115030","142090","160751","103043","5201","21663","196481","262766","269547","38893","345767","417712","12190","216592","201638","167976","108431","56652"
"20232","11","서울시","CS300036","조명용품","419147880167","3753412","386726182404","32421697763","70434530703","69971890339","92787493980","69858988935","83673278447","27599765948","4821931815","278931547","104689063314","116723760547","150652412495","46553011187","250701077","230444664887","100164692917","4135669","8063477970","37833218163","79062184026","126872722658","78773605598","3245049","508363","677333","620738","684075","622011","640892","423764","84599","3109","943694","1112926","1213697","477601","2385","2110209","836773","878","95850","340233","525422","932374","1052229"
"20232","11","서울시","CS300035","인테리어","58141520118","915817","48849864345","9291655773","8802388668","11267581511","9514163444","9270774896","9994955826","8019910292","1271745481","105744097","15952474287","16395051118","16896366730","8712336585","79547301","28400152231","15192399435","122040497","1651242157","4849352601","8370956380","11803156845","16796333334","751916","163901","161816","143632","140771","149986","155711","130507","33394","2180","248581","268947","254660","139938","1511","493046","284199","5388","33681","94374","132984","217963","292903"
"20232","11","서울시","CS300033","철물점","50244979087","1416413","42780031672","7464947415","9562453211","8251638697","9057764442","8770788087","7137387235","6510640864","954306551","55730173","14383515911","13852871586","14823244796","7030890762","98725859","23885078441","14014604434","6846427","1488945053","4497745962","6691061403","10822040030","14392834191","1186124","230289","249583","230329","240211","235268","230733","179184","51105","1652","398887","401074","403580","209199","2021","745355","349142","1004","55988","166109","231339","295716","344294"
"20232","11","서울시","CS300032","가전제품","279032875291","631551","177903510627","101129364664","47935569950","31616078004","28409790230","30852328728","39089743715","53526821129","47602543535","1940737","16282709490","73693533624","108067829332","79689550787","1297311321","144965842781","128458854975","84267126","14543832491","55670666249","70296686191","64135695985","68693549709","402656","228895","94991","75851","74451","76589","80774","117973","110922","295","43178","166936","223855","193203","4084","348443","266295","1595","39062","117525","134065","150363","172137"
"20232","11","서울시","CS300031","가구","171365313385","436166","124546784508","46818528877","21944639402","26864216306","25731455084","20898091625","29108382091","27437348104","19381180773","268853380","14288867176","45873990923","70525411377","40261911649","146278880","68611568179","89485868953","76299","5393566860","29730711164","39389759137","39468629767","44114693904","356778","79388","68640","69633","75174","68225","75106","51865","27523","97","62086","163679","144673","65241","390","174428","198525","6","35946","72923","83110","85716","95259"
"20232","11","서울시","CS300029","애완동물","13216370989","341715","9430229905","3786141084","1778089372","1861391696","2066157070","1750727297","1973864470","2138724039","1647417045","29762092","499242956","3167428109","4603998279","4423851700","492087853","4964008755","7001141209","52023942","1579209700","2342092376","2568975360","2727396426","2695452159","244782","96933","53947","47105","47188","45520","51022","52840","44093","1736","17727","76998","104695","125478","15081","129580","208793","2183","38118","58676","59952","92081","87351"
"20232","11","서울시","CS300028","화초","84480106817","2055117","63057784685","21422322132","14788813737","10804993449","11849384025","11842998083","13771595391","12133451145","9288870987","535669659","14281192477","23446571231","25796269946","19045281992","1375121512","28023079179","35194168897","525676385","7988581487","13511687076","12906637221","14169415106","14115383031","1438060","617057","389617","236036","236948","263322","312137","333889","283168","3227","234428","582479","600656","590822","43505","736366","1085171","32581","327523","449240","354865","343670","313716"
"20232","11","서울시","CS300027","섬유제품","44847401266","496324","35007054342","9840346924","6911960846","5717156889","8157214304","6947949710","7272772593","5204867442","4635479482","163902","3931051214","12197753994","19404979147","9058078486","255374523","14360487418","25013755350","16518281","1149613738","5081510967","7662701352","9678308087","15788142534","386357","109967","74467","67408","73896","81642","88944","67726","42241","6","57260","148992","185312","101950","2804","165383","289519","504","20962","60572","68905","117948","186049"
"20232","11","서울시","CS300026","완구","9911322137","219771","6614173276","3297148861","1486467876","1063168787","1063664178","1027384532","1973487903","1999124367","1298024494","25656173","544671453","2602515336","3423048174","2925034390","390396611","7439311088","2103080383","111094016","1512034048","2189031951","2320839283","1523758662","1885598728","132288","87483","25193","21701","22027","24138","39229","52177","35306","216","11936","47538","75098","76457","8526","136110","80286","6369","57028","46020","41844","29034","36099"
"20232","11","서울시","CS300025","자전거 및 기타운송장비","46714957511","324477","31848087358","14866870153","6645747551","6236801871","5482514159","5855526709","7627497068","9049797422","5817072731","934997","2320890200","12742229514","16541992526","14209737721","899172553","34835034217","9173579098","124848942","2579493214","7797726139","15982784819","10275246348","7248513848","207082","117395","42941","36928","41296","37706","48211","70464","46931","24","23869","84939","115859","98796","990","232413","75533","3825","22021","51254","83458","75352","72024"
"20232","11","서울시","CS300024","운동/경기용품","251511428539","1713146","176664679310","74846749229","33194855683","35952137302","33801230175","36655846476","37060609674","41590385715","33256363514","880333196","20483835359","66734240992","92066314033","66187836221","5158868738","141482447366","80849754529","1120543318","19369569735","41133934331","53261765151","61989839679","45456549695","1068969","644177","207841","205440","196559","211742","247387","352243","291934","17257","133581","450209","578266","484693","49140","1043302","603101","16133","183001","338734","387256","360369","360892"
"20232","11","서울시","CS300022","화장품","337722670435","4516347","283831435966","53891234469","48560774941","60979485701","58963722056","56503126838","58824326430","33618305163","20272929306","2593480334","34887397775","97458577590","106772292861","82817389954","13193531921","115295131217","207740543476","1284496779","36259320613","70463703093","84296817935","77749175438","52988320144","3155124","1361223","614631","600006","604529","627551","708407","790620","570603","42775","236011","1041372","1397641","1562336","236212","1382698","3067254","56810","929978","975455","782933","834113","870791"
"20232","11","서울시","CS300021","문구","314291616482","11186268","286301475084","27990141398","49768269745","55378749502","61847829118","61731393009","57575233710","18599335910","9390805488","15320272","56731972423","96603863647","117417165222","42035885895","1487409023","82801674217","72753365525","1896304659","14022565535","20497219007","41900938204","47919126665","29318885648","9262565","1923703","1829713","1811794","1903335","1880932","1836791","1201579","722124","3240","1377232","3266456","3723847","2687874","127619","4094100","4908919","333574","1570705","1789659","2475290","1689248","1144516"
"20232","11","서울시","CS300020","서적","110176498985","1893199","91603036779","18573462206","19474395264","18959156247","16416743939","20927756576","15824984753","11217490353","7355971853","73801739","12088685539","29506737805","48241992040","18767191799","1498090063","39744433546","51032017810","1429903519","5882112305","13279185586","30268075951","29297102122","10620071874","1343058","550141","267804","273956","264215","275252","261831","260598","289543","276","192080","478077","642116","531808","48842","774345","1045321","76340","204342","292267","624135","438905","183682"
"20232","11","서울시","CS300019","의료기기","257059852108","646949","245067498049","11992354059","37723827791","51748856551","56511060230","43810263193","55273490284","8132037646","3860316413","336408","41965503251","83031662486","107908413884","23559875975","594060104","187496270662","58484570846","461805","2252210961","21365826948","67317133072","72708499876","82336463218","561304","85645","106125","109679","116632","112963","115905","64516","21129","84","118364","237688","234740","55696","377","364846","265709","15","17268","55302","113046","141994","302907"
"20232","11","서울시","CS300018","의약품","1718675255920","85485974","1541357787683","177317468237","300370081534","339921659206","310768336792","283620291853","306677418298","150842328750","26475139487","413571354","401183537220","508007871979","529131107312","271343184765","8595983290","860155558282","772224568587","2972786567","88536889591","243212693364","329751767584","387990113318","579915874468","72936336","12549638","17057974","14012230","13765549","13779110","14321473","10299330","2250308","34928","18103631","22988310","24167311","19404847","786947","39558774","45777504","465444","8623422","16535658","18733665","17776372","23201684"
"20232","11","서울시","CS300017","시계및귀금속","278586728293","757884","217546219324","61040508969","40286813558","40036321061","45704515570","41298041183","50220527952","38745678763","22294830206","594399003","13885297267","92599693048","108547951159","60823683225","2135704591","132128659452","130777259901","431288677","19253548961","51494920103","63659838331","57123934513","70942016822","586411","171473","111236","106855","118144","114652","135524","104689","66784","549","38680","229336","293159","188024","8136","306225","402384","5352","99178","166989","144641","146712","145676"
"20232","11","서울시","CS300016","안경","140335410813","1507446","98569941496","41765469317","21852027312","18949490528","19015903735","18265010568","20487509353","25486664200","16278805117","715664","7036374481","35315848927","44142510831","51635341003","2204619907","64564627806","74355691767","1071456723","21701194511","26522841420","32027984991","33906966512","23689727542","1095351","412095","227547","210166","215125","210920","231593","247523","164572","261","72859","339486","438655","616746","39439","550431","951348","35499","419148","316799","277387","276806","176143"
"20232","11","서울시","CS300015","가방","49397749250","1682698","30492493241","18905256009","5840097108","5738863497","5617295629","5746400089","7549836918","10315524130","8589731879","7259150","1631117421","10841855748","17231026540","17241093415","2445396976","15644108588","32535347884","324897197","10231412129","11304629195","9345844146","8022765782","8950010723","999460","683238","196714","188596","177925","205437","230788","373780","309458","1031","65116","354270","526567","621949","113765","546500","1129497","20720","468918","414766","305420","230655","235525"
"20232","11","서울시","CS300014","신발","126261398015","1522005","89302285645","36959112370","16437997099","19127324713","17660215893","16681786115","19394961825","21028326924","15930785446","932072588","9876266688","39327697415","42426295202","31600600668","2098465454","54878562225","65919446238","610350404","14450976678","21369249237","18880182672","32024257262","33462992211","1030073","491932","205678","195479","197053","198082","233781","273742","218190","2396","92725","414441","530910","442851","38682","593751","880913","13015","209837","246079","211722","307922","486080"
"20232","11","서울시","CS300011","일반의류","1704294741986","24026201","1082606106191","621688635795","206858074263","205002006914","210461059201","210497213311","249787752502","339759785871","281928849924","3574401989","46737267855","439378947441","629243127378","552575697474","32785299849","611795170431","1046800330456","8376700464","180247140523","319260124312","345605905244","400271255835","404832074640","15432113","8594088","2923547","2915110","3030097","3025491","3537868","4588192","4005896","161553","800115","6236799","8428885","7825487","573362","8231080","15664495","192829","3366014","4579057","4870390","5347148","5540117"
"20232","11","서울시","CS300010","반찬가게","816140658315","29197622","689310521884","126830136431","127992417727","139916022785","133440924228","135976044386","151985112758","95140817442","31689318989","144143793173","189452239780","188873044943","173733285095","91033139796","28905155528","345953629874","336173388784","896343803","28761009894","109412903121","147500740787","171803550981","223752470071","24104482","5093140","4635610","4786146","4866808","4915985","4899933","3204152","1888988","1419540","5955863","9227283","6433928","5360266","800742","13414168","13608339","189071","3868722","6249676","5522505","5686906","5505614"
"20232","11","서울시","CS300009","청과상","885274932233","32746740","673228776398","212046155835","133311837395","136760788826","125101308629","136603548770","141451292778","136161800020","75884355815","26588841366","206342049620","253161781980","248148220051","137509594520","13524444696","361516511134","472173214253","208966180","21310547782","62040704806","128533617907","198471357569","423125173328","23361753","9384987","4713669","4533156","4371037","4643779","5100112","5712665","3672322","194096","5159249","9167190","10435107","7319391","471707","13419711","18694420","23313","910118","2697779","4938837","7785045","15759402"
"20232","11","서울시","CS300008","수산물판매","1200822523980","18818147","686055577367","514766946613","116071262712","128963946194","118339560160","133668678530","189012129771","312941771025","201825175588","27985057078","174401759183","264911426576","295732229733","405578382412","32213668998","618958776461","443192347806","246673336","62451539118","190297125212","214042877419","232917674214","362195234969","10995488","7822659","2032249","1980254","1949025","2144892","2889068","4691634","3131025","281597","2528703","4494693","5294082","5817362","401710","9359468","8378570","6363","947093","2727850","3186896","4088572","6781290"
"20232","11","서울시","CS300007","육류판매","697932842297","16123033","518938764686","178994077611","91806201066","100283463049","95930586450","99261033496","131657480625","115978546367","63015531244","9122672723","135818118760","167538777632","193863002984","178895130518","12695139680","294542496425","370353180026","247480028","17399850585","73805427984","114967493327","169088097138","289402040087","11449822","4673211","2213339","2125755","2142294","2278969","2689465","2761208","1912003","95269","2018430","3469102","4606478","5641441","292313","6818272","9021569","14950","595736","1860321","2841577","4317988","6209526"
"20232","11","서울시","CS300006","미곡판매","114649079451","2603698","98058514858","16590564593","20671359423","19901426184","17850550062","17933279956","21701899233","13292809911","3297754682","10055097260","36828946895","25661103629","29481434817","11969778059","652718791","43468670505","59693856462","17351551","1384015350","6302767505","11306865880","22982314121","61169212567","2086871","516827","461030","399074","405589","400600","420578","386346","130481","91119","601858","692531","744242","439076","34872","1098042","1386630","975","55108","187335","316512","577251","1347506"
"20232","11","서울시","CS300004","핸드폰","86826547562","2561008","67526947383","19299600179","15288108713","12837016506","15924548306","12312149571","11165124287","14272820034","5026780145","1728155565","6062811258","21709387883","28614478306","22492510578","6219203972","47992358156","29591518914","961273976","7903290194","14529609600","22537257180","19146099903","12506346216","2115626","445382","407907","414512","450437","405610","437160","292639","152743","38654","409319","745304","644906","602352","120473","1257192","1189505","38245","507968","614858","438979","513191","333448"
"20232","11","서울시","CS300003","컴퓨터및주변장치판매","678548738924","8412411","607803220446","70745518478","117647970233","111625130468","138946457508","107786269905","131797392332","51926973691","18818544787","789802969","80549779183","237458995620","266412327251","91958052527","1379781374","244031374297","131957706187","1443475209","32072061068","71351789417","105690597645","97763080250","67668076894","5877240","2535171","1149393","1112735","1058819","1189876","1366417","1350268","1184903","110389","1248877","2514420","2549487","1632656","356582","3572000","4139283","237147","2421441","1970469","1539755","959275","583186"
"20232","11","서울시","CS300002","편의점","1174209102832","174770904","862837797799","311371305033","166739740312","168159654545","171974576373","173662760027","182301066542","164597664740","146773640293","108710488122","182266164649","173542196822","177507504915","323989664046","208193084278","692006031146","457061636945","18702610324","266634720920","326813215212","246727597028","195157704143","95031820459","130818819","43952085","25263765","25787340","26343030","26459248","26965436","23157577","20794508","14843627","33372759","27977704","26702947","43949193","27924674","105414816","67335528","4419541","44097292","48738266","34601807","27511478","13381937"
"20232","11","서울시","CS300001","슈퍼마켓","1145387155397","109760193","831973589086","313413566311","167135355652","162250063676","162654533225","163387661474","176545975059","169075945740","144337620571","36824382865","160018644542","203315379578","242183303099","373081710740","129963734573","580014607132","514193833182","6982486497","107032727359","197708475736","234976249670","274291083425","273217522173","80649849","29110344","15983000","15938464","15985491","16029880","16713014","15343234","13767110","4174705","17162154","18645103","20363343","35066941","14347947","60676963","47504541","2037412","16895058","24149433","22578636","23122562","19398329"
"20232","11","서울시","CS200037","노래방","113180145575","4453028","74476551406","38703594169","11377716362","14721605965","14954113963","15367591850","18055523266","22291587589","16412006580","42844072364","1465164683","1067866620","3290456984","18664203810","45848381114","82731600003","21728247532","1431093955","14930682679","18905028729","21644984970","30306778903","17240061196","2862601","1590427","518221","521819","532698","560753","729110","890908","699519","770625","36681","208486","474304","1380666","1582266","2607532","1792829","322239","2022155","1017132","413721","430446","194614"
"20232","11","서울시","CS200036","고시원","442520385","1206","362192781","80327604","81465604","117264311","29145519","60092042","74225305","19626808","60700796","0","7363636","89188514","171130779","96829254","78008202","142487985","300032400","0","207367444","60390125","24941743","110113238","39707835","848","358","302","197","64","133","152","187","171","0","16","158","421","204","407","445","761","0","425","277","53","184","267"
"20232","11","서울시","CS200034","여관","60657765449","1297614","39258607270","21399158179","8164119769","7464526500","7343628797","7770498614","8515833590","11234966110","10164192069","15619034622","4237343757","4150846404","7455940684","16459805038","12734794944","38663933105","13282973101","736436780","11428051192","13311712700","11185882082","10080219598","5201531176","831733","465881","162600","162318","162660","166498","177657","241248","224633","281807","67715","121824","186748","356425","283095","906151","326269","21796","390390","325346","195048","192233","107567"
"20232","11","서울시","CS200033","부동산중개업","7451549542","391298","5880774877","1570774665","806444865","1324382419","1162578263","934347439","1653021891","1046818979","523955686","160086594","1689260160","1426157331","2089944691","1577084542","509016224","3940854408","2575184392","447731","816813350","1952219983","1108540639","1909322083","728695013","311469","79829","53742","64768","69642","57212","66105","49173","30656","7931","54047","102560","113976","91351","21433","217770","106474","73","40515","110563","69893","64054","39146"
"20232","11","서울시","CS200032","가전제품수리","13035242536","187580","10792726683","2242515853","2150433876","2045507813","2689069073","1802545874","2105170047","1993486830","249029023","48093563","1880974277","5012378113","3797723950","2153520070","142552563","6394921134","4536332057","42714211","605053843","1745990133","2610886345","2711888184","3216450347","146498","41082","29498","28911","28958","28457","30674","27282","13800","9904","23860","43751","56373","38090","15602","117483","55279","12823","33317","27324","31382","30504","37521"
"20232","11","서울시","CS200031","세탁소","50784636187","2591753","40273711821","10510924366","8783183526","7496491607","9439543468","7180749621","7373743599","9172493329","1338431037","416178399","7579679778","11988332263","13382201573","15949845569","1468398605","21447419225","24157255341","80450862","4692179685","10148299015","11225524229","12392396832","7065798886","1968873","622880","451129","349622","450692","344540","372890","468013","154867","58737","358559","527459","641831","847038","158129","1229064","1297435","11691","426864","604193","559395","598402","325941"
"20232","11","서울시","CS200030","피부관리실","55136867602","269251","43082839125","12054028477","8211906640","8030788955","8465826139","8432706934","9941610457","9427706740","2626321737","377352894","2636934889","13103678643","15308396502","19914644171","3795860503","11963329607","41316429784","99782896","9599341832","16435966526","10686897867","9715789259","6741981023","205007","64244","38568","37750","38783","41918","47988","47453","16791","3314","14051","67605","74049","95400","14832","65912","197582","1842","67861","85461","45319","37856","25170"
"20232","11","서울시","CS200029","네일숍","20186850473","241772","15451614595","4735235878","2784787416","2868534961","2963916856","3264893231","3569482131","3446240561","1288995317","23250081","277277076","5074712467","5951456948","8038568275","821585626","3231765792","16581761632","76128625","3101723614","5753036494","4991750682","3572536682","2317961454","189779","51993","34331","34899","37674","39669","43206","37573","14420","173","4295","60526","71161","96879","8738","36161","203841","1619","53768","73661","50120","37897","22947"
"20232","11","서울시","CS200028","미용실","283083153662","6092555","180606027149","102477126513","29243168418","31120029461","36451387598","36840369867","46951071805","63723355966","38753770547","306650995","9073460584","71990794610","93619572482","102618716469","5473958522","116889836439","162519511685","2046319482","40668384198","64216174913","66395781956","64370209195","41712855111","3997504","2095051","733275","687923","783317","809328","983661","1251145","843906","3373","296829","1597118","1910597","2219702","64936","3403641","2662783","63116","849377","1302810","1389380","1466309","995457"
"20232","11","서울시","CS200026","자동차미용","12956824560","189654","10408729492","2548095068","2282059949","1651424214","2356678006","1720804392","2397762931","1744358490","803736578","2147814","2432460767","3804276685","4208000075","2410285230","99653989","6593134821","2442668526","1561639","291773368","2136760087","2725406258","2328707751","1551594233","143007","46647","33102","23553","28704","23735","33913","29099","17548","87","40207","56079","63261","28659","1361","98583","37962","36","6803","32086","38912","33308","25415"
"20232","11","서울시","CS200025","자동차수리","275896914289","1443301","236482847138","39414067151","47950932745","44787336701","47311592242","47006204483","49426780967","37262158795","2151908356","53171554","44535318995","76154121779","96109511244","58329539030","715251687","175745744126","60629731114","43690931","7754893626","38831769028","57701644562","66553127529","65503378883","1220419","222882","270100","225501","237137","232766","254915","207871","15011","244","297793","417554","484287","241431","1992","941927","317621","251","48113","218266","301784","338187","353065"
"20232","11","서울시","CS200024","스포츠클럽","134999605263","695540","119710981915","15288623348","27660413191","24722969280","24167063814","22090634563","21069901067","9485307341","5803316007","1167130794","13336921694","22290167302","25113236420","54964452732","18127696321","62312576317","66229663622","588208377","30867380360","40164846906","21920287265","23009836236","11993783281","522736","172804","118519","106931","100894","97411","98981","92461","80343","35391","88919","110038","128548","232488","100156","388271","295074","11285","196507","195315","108871","113489","57910"
"20232","11","서울시","CS200019","PC방","110992409556","21157542","70687344133","40305065423","13816051625","13253642280","13073257114","13677769543","16866623571","20780824840","19524240583","15883493331","6446496305","13342355372","19680669735","33830843645","21808551168","89576946250","21335254034","8016565639","52476245167","30814635318","9287745145","8252021322","2064987692","13604939","7552603","2664714","2553383","2503053","2624714","3259075","3881866","3670737","2880237","1144503","2470703","3994376","6574822","4092901","16868700","4282860","2150994","10167657","5261039","1696180","1518169","357527"
"20232","11","서울시","CS200017","골프연습장","75126385842","1616747","51131581044","23994804798","11514260795","10196993749","9869809028","9452913773","10097603699","12059896994","11934907804","3027057862","7426538703","11591883017","14483489062","25385197331","13212219867","50142739028","16963999593","21587360","2649451396","12692282360","20162863608","21170710450","10409972139","1026133","590614","215921","199066","198976","195851","216319","294967","295647","60400","150765","281381","327298","504826","292077","1204049","302619","907","56504","274970","445878","503904","224505"
"20232","11","서울시","CS200016","당구장","37334630718","1650627","26290241649","11044389069","5037316824","5251440278","5010656098","5656609201","5334219248","6100237311","4944151758","2410202461","1750273745","3143842842","5937294148","15375194101","8717823421","27321537108","8591181136","337269801","4449435035","6351197069","7359431458","10449845328","6965271815","1093378","557249","206829","208725","209352","217576","250896","305154","252095","108545","17531","96047","264140","688982","475382","1429133","189260","32991","171269","179662","300337","534341","399801"
"20232","11","서울시","CS200008","한의원","247153452423","6838872","200919233403","46234219020","48156244402","39142014464","38013743566","34772838505","40834392466","42106106142","4128112878","19975859","31789729330","86850989230","72487744100","55427322831","577691073","90403596839","154696017175","197962161","15277053309","37484312325","55969293139","61068738340","75101357614","5821057","1017815","1338782","1069450","1154145","1028317","1230363","887463","130352","491","1163843","2231012","1940785","1495567","7174","2967363","3853498","9726","329206","838429","1185554","1513229","2944544"
"20232","11","서울시","CS200007","치과의원","653089266102","4430557","575839040073","77250226029","121166365603","122549666351","115388159949","97687896499","119046951671","73942270957","3307955072","141851","88377659814","219522310047","211386184436","132614316335","1188653619","330354308478","319465448910","674768621","43945693226","87994098086","135024219348","170076594217","212104383565","3856152","574405","855027","802549","771731","642160","784685","553160","21245","28","793782","1312626","1507410","813769","2942","2187440","2235172","11443","390519","704459","1015250","1011698","1289246"
"20232","11","서울시","CS200006","일반의원","1775974224344","49783197","1514633253681","261340970663","338586375745","290842423506","267645301590","285809427197","331749725643","250454652529","10886318134","290982660","394063675612","551451461267","524285777703","304009028819","1873298283","671360418002","1100624500248","4384298665","207512113760","389275993425","419628412347","388135829721","363050453995","43160809","6622388","10338922","8187418","7855319","8069752","8709398","6188545","433843","1174","13231396","13311441","15392294","7806815","40077","22397843","27357203","347830","4196628","9459979","12005812","10258162","13486637"
"20232","11","서울시","CS200005","스포츠 강습","128066012021","569289","117574405799","10491606222","27089082122","23261758526","23530451403","22651250292","21041863456","7587046673","2904559549","389646699","10911901416","20055050090","28477815509","57089404437","11142193870","46925005309","77259132927","207095107","14328750342","32568109639","52562229755","17666263902","6854902824","487241","82048","111589","93601","98089","91887","92075","48599","33449","7519","45704","80517","146340","237086","52123","248060","309447","4669","56881","134181","262124","71369","28320"
"20232","11","서울시","CS200003","예술학원","144133335074","671388","121898440316","22234894758","24659358666","25220661329","24551488464","25457152387","22009779470","16737710655","5497184103","382987141","8500868936","20369706960","52501686148","53508862682","8869223207","58176817873","84732031883","392269871","7401732295","23693218673","79739355026","26687653849","4994620027","592201","79187","124503","122643","117450","124858","102747","60522","18665","1865","38288","97409","266772","235881","31173","262371","404933","3090","37799","131483","394604","81068","19260"
"20232","11","서울시","CS200002","외국어학원","87885009150","219036","81335948589","6549060561","16390213164","16692469391","16229869379","14926934275","17096462380","4278199031","2270861530","588899617","18463948402","16283297234","25204044641","22572037366","4772781890","38367581661","48594588844","86640545","1984150269","19675203171","52278737682","9866803266","3069073350","196108","22928","41245","41889","37023","37753","38198","15668","7260","1916","34996","36650","63110","69114","13250","88347","128858","724","9731","36269","135502","27669","7300"
"20232","11","서울시","CS200001","일반교습학원","887880356282","2769310","709692741453","178187614829","153223476516","141970742515","137943052662","141297124331","135258345429","111588569216","66599045613","6124655840","72677267661","119830924111","246574618911","361145997945","81526891814","381040902079","502371602157","908230093","6137081252","51341825710","561312930253","242926135404","20783497476","2187209","582101","486482","424245","420339","446101","410042","358789","223312","21145","234077","398931","789941","1085928","239288","1156940","1603584","8000","28112","189502","1780825","692509","61535"
"20232","11","서울시","CS100010","커피-음료","763682071752","99279214","568421360925","195260710827","104608945745","110445538509","115826513533","115233902309","122306460829","105788841970","89471868857","4022945400","109401592069","266780921636","189114471715","160116381337","34245759595","300607687339","374793085879","11408782883","168936014466","194249583884","142354586425","105316946625","53135039863","76221780","23057434","14593172","14970390","15543147","15315128","15799943","12408837","10648597","299494","21168807","32919238","23154559","18466886","3270230","42612993","50838983","1912297","24949778","27701153","18868954","13928206","6091594"
"20232","11","서울시","CS100009","호프-간이주점","824377869747","18124934","565161572239","259216297508","91267140413","103193285209","111168104124","118849439925","140683602568","156497494332","102718803176","193861979513","6656561381","32544376912","23916025500","194778109685","372620816756","470823344193","262502867976","8714420148","198701018954","212865011685","136530780226","117410161719","59104580836","12352386","5772548","2125194","2263236","2394286","2509870","3059800","3347131","2425417","3450002","467984","1812013","1105522","4489287","6800126","10026622","7027907","245673","5045704","4814843","2916201","2605277","1426856"
"20232","11","서울시","CS100008","분식전문점","349550006949","32046395","260758685091","88791321858","48320924965","50613198591","52923749960","53302109783","55598701792","50879370434","37911951424","7437376457","31817694472","115110554934","57856702859","110552417172","26775261055","155785618329","158082196773","5632617562","56386221106","73915774260","79927108985","64493727766","33511931678","24387965","7658430","4595811","4823757","4956897","4974967","5036533","4373283","3285147","482495","3483180","10138075","5620213","10213488","2108944","14403718","16190235","679873","5842705","7304692","7507089","6077474","3182099"
"20232","11","서울시","CS100007","치킨전문점","151283121053","5131269","108736012181","42547108872","17747211296","20190730999","21528201798","22584494849","26685373239","23905150955","18641957917","11089193267","621892548","5637411022","8890006494","65454174550","59590443172","84497011419","50061227116","1267039711","21143002535","29773496305","32340073281","32475234485","17559468750","3610563","1520706","601303","666825","704734","733298","904403","836522","684184","271703","36921","315211","406916","2432968","1667550","2880041","1973011","64785","817375","1050574","1116479","1147230","656675"
"20232","11","서울시","CS100006","패스트푸드점","179729883114","14871044","125840046661","53889836453","23358612862","24037979560","24703190216","25718367877","28021896146","27946004964","25943831489","3858575618","11988844659","52825712668","31798150144","63466244874","15792355151","83947401505","75932416600","3049784643","38340041433","42898952732","35044397378","27678631998","12868009834","10690567","4180477","2053125","2080874","2128452","2149496","2278620","2194955","1985522","471941","1357378","4169883","2600503","4823210","1448129","7418586","6856413","357206","3893666","4017042","2832735","2175579","998788"
"20232","11","서울시","CS100005","제과점","279543865469","27337291","201937286525","77606578944","38277864014","38272250652","40639917258","40029575497","44717679104","42294854752","35311724192","276059338","48144063547","69374536921","64100606872","80665399237","16983199554","100325854773","152127517660","2009396375","36128792206","56630110762","63015653652","53817893971","40851525457","20095287","7242004","3900689","3920583","4088808","3998414","4186793","3916711","3325293","25436","5199521","6263111","6023780","8015939","1809504","10125331","16123876","292618","4298258","6063527","6194619","5326626","4073533"
"20232","11","서울시","CS100004","양식음식점","370329960363","9154344","251240977580","119088982783","40797567571","46940539006","50131630878","52408830868","60962409257","67767320681","51321662102","16849919893","2935380399","110013858688","50964387987","132249659072","57316754324","147795547240","150888756006","2949947795","72342499073","95374350518","61768949223","43716935137","22531621572","6469582","2684762","1138968","1239269","1307208","1317268","1466869","1475431","1209331","211628","171983","3595301","1447755","3039614","688063","3687454","4575237","140796","2344185","2532949","1608131","1140411","496066"
"20232","11","서울시","CS100003","일식음식점","316078872177","7822589","241759680145","74319192032","41530178297","45817337009","48947987834","50500750108","54963426897","45448833100","28870358932","9393581358","664388501","97900052068","26170164507","120571107038","61379578705","137642279628","102863253352","2596852653","56775427776","71995324796","47367950486","37591473733","24178503497","6145288","1677301","1112058","1199114","1256427","1262502","1315187","976674","700627","118678","35294","3541391","867509","2634263","625454","3481914","3386496","151341","1944458","1964436","1253197","1021174","533860"
"20232","11","서울시","CS100002","중식음식점","295720891397","9381582","213902858090","81818033307","36874827846","40628406770","43397447524","45068410727","47933765223","43597301436","38220731871","5622185472","2363688222","107276604904","34394890391","113754951574","32308570834","141303723566","90780438475","2284973807","38835831662","58260854878","52858713964","47549824763","32293943958","7054004","2327578","1239179","1364795","1455489","1472071","1522470","1231282","1096296","127177","106104","4322889","1324421","3009192","491799","4982991","3369912","160156","1579919","1984678","1860192","1660223","1107727"
"20232","11","서울시","CS100001","한식음식점","3889044286141","105806269","2849964606933","1039079679208","513112148354","540799379968","568443104121","590653609345","636956365145","587731231826","451348447382","125198201886","73708146902","1072521428591","368376229120","1611547067328","637693212314","1932425823772","1183703576806","15250024077","454037186754","725147655181","652430883289","685438787108","583824927061","81399922","24406347","15441327","15914070","16449708","16561106","17033711","13539540","10866807","2609248","3530837","43652596","12221811","33793305","9998472","56685099","37574553","745227","14803744","21332963","19279623","20450732","17647305"
"20231","11","서울시","CS300043","전자상거래업","40956862527","756689","31959593240","8997269287","5530525457","4428872799","8996656274","5915586274","7087952436","5057143712","3940125575","170419012","1853927733","8017439262","19494095748","10115373521","1305607251","18074525462","17883031327","309941652","7038249258","11245903023","8861913533","4355786523","4145762793","519692","236997","91779","98388","106040","101050","122435","144190","92807","5790","16087","187389","269212","247029","31182","318981","401007","19218","203051","196966","167298","84485","48954"
"20231","11","서울시","CS300036","조명용품","407886172799","3855788","376210421156","31675751643","81031552473","87332596698","66008612458","77156579474","64681080053","27212083061","4463668582","322211929","97611641138","127844056349","143252928788","38825129757","30204838","218867753696","89291065909","9845750","8199728325","29663121971","79948219617","108752846316","81584014240","3341792","513996","714178","649024","659685","658913","659992","430677","83319","3443","908605","1157679","1288066","496990","1005","2179506","856241","1616","106244","363379","547036","922642","1094811"
"20231","11","서울시","CS300035","인테리어","45221242788","786429","38438415477","6782827311","8737324231","6119334519","8603108155","6930493903","8048154669","5709007816","1073819495","10682606","11589767169","12209086106","14111189660","7173250629","127266618","23313556610","12160282979","37383073","1117525053","3762440316","8560159979","11655977771","10340499458","645902","140527","124178","130732","130166","132577","128249","108914","31613","307","198518","225914","246745","113802","1143","410136","250191","1804","32388","84525","112764","185739","243134"
"20231","11","서울시","CS300033","철물점","61454780628","1336928","53571570423","7883210205","11555520575","10535954073","9697060824","10580515844","11202519107","6704401807","1178808398","216072658","14633231610","18715814759","19119404716","8615958941","154297944","30111417317","18865626359","38591729","1296106788","5743010911","8835911988","14780355385","18283228486","1135783","201145","233465","212899","227693","227355","234371","157786","43359","1458","350596","398202","395308","189642","1722","703759","319014","1061","55632","176309","202647","274850","312269"
"20231","11","서울시","CS300032","가전제품","255489539977","701845","158870706410","96618833567","39023939025","29692167499","23789344636","26736441839","39628813411","49680491485","46938342082","0","13839160445","72849034482","96386932354","71499436972","914975724","138133181796","109273067507","105115879","11645655543","51882133732","62100130153","62267981730","59405232277","457417","244428","103467","97958","84254","79326","92412","125057","119371","0","41353","192649","252951","210659","4233","398348","285593","1190","44763","138840","149236","167085","182829"
"20231","11","서울시","CS300031","가구","138384837595","435620","97140409105","41244428490","22144502540","17311508876","21680384054","18904579709","17099433926","23605170866","17639257624","94039064","11458816732","37131541712","58121871869","27705390726","3873177492","58271126956","67918647855","3346244","3346326228","22248607258","27856250345","36420287040","36316409221","349434","86186","70375","67183","66915","66580","78381","52525","33661","956","55332","151283","164240","63007","802","180613","197710","424","37052","84746","83480","89642","82993"
"20231","11","서울시","CS300029","애완동물","13432909302","366481","9452543906","3980365396","1896255714","1899598741","1780050997","1750852102","2125786352","2164652077","1815713319","36247232","548196418","3133623849","4886777469","4305971573","522092761","5473111853","7727017839","30870026","1721119086","2344949920","3165262600","3171625595","2766302469","260085","106396","53270","50550","51751","50496","54018","61569","44827","1652","16407","84749","121629","128169","13875","138449","225600","1754","41356","62948","69119","101646","87209"
"20231","11","서울시","CS300028","화초","74059259801","1615271","60636142535","13423117266","10285178605","12929242430","12283189415","11960222320","13178309765","8579408966","4843708300","373060811","12392383317","20913963430","23446533384","15504920535","1428398324","24521114613","29450765657","229799793","6939527034","10772249455","11773392349","12365413510","11891308262","1259442","355829","205518","258992","251146","262755","281031","227643","128186","2453","192363","486693","473001","433630","27131","592358","822975","13666","244673","354920","293972","274493","233590"
"20231","11","서울시","CS300027","섬유제품","35516491427","372303","28423572429","7092918998","5640078528","6901068500","4334673962","5171056249","6376695190","4399627225","2693291773","0","2917311243","10779466421","12894821685","8728472905","196419173","10987248308","19214734765","10661389","1181985635","3272359583","5271245882","8640878403","11824780423","297892","74411","59662","57069","58225","58969","63967","49122","25289","0","40535","111769","138213","79624","2162","125686","219439","514","15633","38087","58117","97402","135385"
"20231","11","서울시","CS300026","완구","27398753244","604247","15287080598","12111672646","2841591510","2848969933","3388928754","3005702902","3201887499","6755760817","5355911829","1649566","878368242","6411425424","10606163431","8388631315","1112515266","15497692836","10762390284","260918065","2922204811","8355469471","9634558498","2371343978","2715588299","320235","284012","61481","61551","66236","58591","72376","153697","130315","35","16027","132359","219448","215821","20557","307314","294014","11863","82049","211688","212917","38503","44310"
"20231","11","서울시","CS300025","자전거 및 기타운송장비","32054502590","210593","22725814422","9328688168","5508623027","3389298269","4220930810","4730841026","4876121290","6113870906","3214817262","3067440","1241282410","9630481929","12853718394","8194966203","130986214","22317677733","7688890641","105878207","783022077","5023411221","10766356522","7295845238","6032055103","131980","78613","22603","23246","29394","27152","29585","48342","30271","35","20180","60987","83340","45606","445","144044","51713","3359","13780","33282","51753","45265","48318"
"20231","11","서울시","CS300024","운동/경기용품","224310910295","1602052","159288134947","65022775348","30250212876","34026556754","33501378958","30186960891","31323025468","36312240327","28710535021","836766354","12619416599","59115685971","83671154343","64382032668","3685854360","128462996893","72184711336","1327543280","17432985802","39983603013","52639881995","48337176149","40926038111","1019999","582053","197779","188435","206275","205283","222227","311125","270928","16337","120634","423852","569583","432900","38746","937419","611852","21859","205056","317240","403339","308250","293494"
"20231","11","서울시","CS300022","화장품","352383890379","4110623","296897763597","55486126782","54976966761","64952238508","57826100784","56584716831","62557740713","35242533392","20243593390","2111025359","29922109922","101906848474","118114354544","86897692971","13431859109","123803519571","218489360906","1384674161","38995350994","73828048806","96248141177","75817262941","56018846822","3014213","1096410","547314","604116","601509","591333","669941","647813","448597","29301","182999","963791","1335371","1391443","207718","1164716","2891101","59795","869140","868315","674877","756172","827523"
"20231","11","서울시","CS300021","문구","323095409596","11325508","295553021627","27542387969","59773201609","62854739323","50175216552","61057144012","61692720131","18006669063","9535718906","7970964","52123516528","100197144867","126412247215","43019326306","1335203716","81434182180","74063319615","1803234509","13360435236","21091649481","47408788667","41033353183","30800062245","9469471","1856037","1873982","1882153","1889948","1986619","1836769","1177880","678157","1455","1291197","3441962","3938930","2553041","98923","4210940","4840801","265022","1406214","1817871","2735732","1637674","1189221"
"20231","11","서울시","CS300020","서적","128491541815","2277252","111079551477","17411990338","25822773775","20329137443","24152266202","18752778896","22022595161","10042735731","7369254607","1845843","13179160768","35622498452","54320747087","23450272832","1917016833","51265374654","61300834382","2490463899","7669794555","15220253632","36534531372","38356271357","12294894213","1700049","577203","373101","346277","335555","321775","323341","282539","294664","110","199275","591715","788861","641409","55882","962679","1247860","115021","256614","307558","738169","570372","222808"
"20231","11","서울시","CS300019","의료기기","245981157106","660876","236720724882","9260432224","41201206154","58112249022","39041869300","46016565743","52348834663","8602891235","657540989","285714","42352510363","94099308100","92268591208","16411843580","848618141","178151742228","59746979061","3329124","2352653724","16702934883","58178468698","72287650702","88373684151","580994","79882","115693","110847","111304","113494","129656","66272","13610","2","122095","242572","237839","57616","752","372244","275314","199","15212","45967","118554","139880","327748"
"20231","11","서울시","CS300018","의약품","1610368825694","76701919","1449973392930","160395432764","324387149119","279964166452","286091713791","257503546501","302026817067","137552517562","22842915202","330603027","336432729029","489779690993","516350269952","260271068969","7204463724","810201153435","730531359417","2150618191","79597932695","222566009324","301516790728","377597278444","557303881896","65992068","10709851","14939628","12556157","11840880","12743337","13912066","8822750","1887101","27788","14923060","21170903","22824640","17116165","639363","35948132","40601514","319779","7693415","14548633","15725550","16497974","21764281"
"20231","11","서울시","CS300017","시계및귀금속","301611215274","698739","239355484015","62255731259","48604391751","50591234840","46763382310","43867321378","49529153736","34621839180","27633892079","0","15568166786","92640036144","124682523058","67622169023","1098320263","141427552507","136275831975","535485345","18929456410","52762060439","62204691508","67594609858","75677099800","548002","150737","110560","112663","110022","102780","111977","93827","56910","0","33111","201056","283077","174790","6705","292579","356138","5629","82932","168149","128716","136176","127105"
"20231","11","서울시","CS300016","안경","131248823085","1421743","93257347899","37991475186","18389818406","18388359141","18790191429","18727081385","18961897538","23566984717","14424490469","628031","6288010294","32804606231","43380647071","46958016486","1816914972","59957464399","69818293866","920177568","20427057616","24949439011","30913325903","32271758618","20295232049","1055584","366159","207967","206403","211038","207029","223147","224992","141167","146","65760","324586","426400","570307","34544","516732","898952","30989","396559","303334","261463","266144","157216"
"20231","11","서울시","CS300015","가방","48947304238","1670145","31718726759","17228577479","6081006118","5784016123","7115386253","5860580557","6877737708","9089842824","8138734655","8096253","1295460083","10427734347","18153812301","16555285783","2506915471","16819908322","30900767797","462165957","9876775915","12118255994","9760571247","8878462256","6624444749","1030103","640042","202023","193567","206584","191861","236068","330356","309686","1090","56638","336683","526688","634821","114225","549557","1111878","27612","458307","441304","309210","236373","188629"
"20231","11","서울시","CS300014","신발","123011739011","1334579","79748951443","43262787568","14418132019","14455391867","17043917873","14483222086","19348287598","23033651694","20229135874","240336438","8034213778","29027304913","44872131682","37869757578","2967994622","55314141270","63083092009","822869183","20244123177","28114765597","20675146819","24324956191","24215372309","886040","448539","165187","170956","181455","169994","198448","250320","198219","1777","82200","311255","481512","413553","44282","560810","723412","14384","242732","280379","203277","240092","303364"
"20231","11","서울시","CS300011","일반의류","1768858105993","26121311","1108452587767","660405518226","201870180812","219109483236","227338886985","217787522386","242346514348","353197302642","307208215584","3284973930","41705827824","425244351992","685868031735","570717141247","42037779265","655690406673","1074454534336","8399694753","212349447280","370687897671","378633274609","390098276364","369977291286","16536770","9584541","3004690","3168019","3458204","3232345","3673512","5046589","4537952","148453","663240","6207850","9304594","8904182","892992","8818105","17161773","267568","4668267","5843322","5364583","5205221","4631147"
"20231","11","서울시","CS300010","반찬가게","854644221942","28062718","735654510334","118989711608","141821525882","153915575944","128782682851","144153952541","166980773116","88699309412","30290402196","141218554705","181412655328","194696470053","210019895849","97163431794","30133214213","359151378382","348510158199","626699759","30450105058","108662832216","147103449014","181778942269","239039508253","22890990","5171728","4407023","4502688","4434537","4653405","4893337","3279352","1892376","1365997","5093057","9017437","6545575","5259909","780743","12840609","13230941","109118","3475567","6134055","5283903","5531378","5537586"
"20231","11","서울시","CS300009","청과상","872912901135","29780425","657382718981","215530182154","122124504479","128631252499","116954889692","137293465490","152378606821","141859565461","73670616693","15615597164","175545302696","265869138667","272153553644","129519550069","14209758895","364879605565","429426741139","148243954","20565086034","57616534781","116628751654","192773246543","406574471399","21225283","8555142","3856729","4111481","4141149","4375554","4740370","5287109","3268033","146140","3698002","8614356","10560994","6347497","413436","12428238","16675701","19067","874231","2560437","4465514","6962380","14222342"
"20231","11","서울시","CS300008","수산물판매","1351695984394","21314512","755389025729","596306958665","138033739383","133807901935","137628870395","142908804163","203009709853","358699624058","237607334607","27878497254","177155010007","300394499701","365039707867","448595616274","32632653291","723968009182","491291237689","307547015","76074271642","219648599159","232960620992","275786019347","410482188717","12419313","8895199","2156846","2251360","2376268","2385467","3249372","5398151","3497048","276855","2535586","5153432","6645693","6300893","402053","10764742","9481899","6698","1109656","3046980","3535067","4686353","7861880"
"20231","11","서울시","CS300007","육류판매","837525039975","16800861","638268340895","199256699080","103652072831","113009974769","123209746589","134827691836","163568854870","135069046143","64187652937","10893034003","140221219479","223564843796","261631515125","188683539442","12530888130","347066752127","431498689489","194255795","15522209984","82698100155","129074893062","200161745929","350913726234","12049453","4751408","2106486","2157222","2293632","2476671","3015442","2977715","1773693","92900","1913561","3912797","5263877","5358631","259095","7056075","9426077","11736","547153","1828616","2855262","4558826","6680496"
"20231","11","서울시","CS300006","미곡판매","119127060940","2484360","102051727145","17075333795","19923994032","22638992424","19917212373","20425534311","19145994005","14233067713","2842266082","8342303333","46789529633","25041685278","28961800393","9528084231","463658072","38604635243","58624302134","24202968","1340807075","6916586341","11582558433","23141285807","54223496746","1991641","492719","410853","371346","382266","395447","431729","370202","122517","78520","546893","672441","800305","361317","24884","981772","1354807","2287","47416","162446","284409","527887","1312135"
"20231","11","서울시","CS300004","핸드폰","101918584250","2330336","77532719866","24385864384","12942622190","14007849304","21015562173","13647687338","15918998861","16534326882","7851537502","1595520621","8643213191","31786725221","25826078193","27732048791","6334998233","53274795133","38559201054","573063720","10368862245","17946619703","24602739495","26115216351","12228002471","1869901","460435","354697","370122","383973","368045","393064","300438","159997","32113","339033","629861","580822","620004","128503","1097369","1145016","36150","516303","567058","401371","427552","294072"
"20231","11","서울시","CS300003","컴퓨터및주변장치판매","718598851244","6883059","635864483738","82734367506","126804346452","146797906954","115678627183","137258701122","109324902027","53978268682","28756098824","397969113","71364437755","241249506578","293395073246","110094502431","2097362121","298370279231","126550500996","1777454081","36096182798","67783661023","126205573341","132565724291","60492184690","5103294","1779765","947393","965710","980305","1023487","1186399","953693","826072","67455","934034","2074595","2160637","1332525","313813","3139763","3018457","121739","1858512","1636442","1192398","816613","532521"
"20231","11","서울시","CS300002","편의점","1066671125763","152773156","796013398688","270657727075","153088670097","157444906895","156216091855","158835756786","170427973055","140392347543","130265379532","96891741552","161706443240","157293950277","160118479325","303784666964","186875844405","637011439031","406920102434","13567365535","235702581695","308672772017","226707951112","174999163038","84281708086","116222236","36550920","22344889","22987384","22969457","23533986","24386520","18949645","17601275","12660577","29126541","24740332","22816191","39351238","24078277","93907188","57113234","3121540","37687301","44849853","30438495","23611579","11311620"
"20231","11","서울시","CS300001","슈퍼마켓","1184571102327","103458891","871110368906","313460733421","169606597316","169263369159","168365458400","172719735278","191155208753","171041959766","142418773655","34206795153","148733420183","215693333385","272507298007","387911578676","125518676923","591884651260","529643924117","4886682200","103762718649","204528854249","245607934319","282747791767","279994594195","76873121","26585770","15138212","15107471","15101828","15308123","16217487","14027945","12557825","3676197","15094030","17601013","19965432","33988645","13133574","57217180","44725302","1224862","15314982","23385864","21450803","21884586","18681298"
"20231","11","서울시","CS200037","노래방","128594319198","4170472","85887555737","42706763461","12661818625","16832225618","17278326575","17715239791","21399945128","25009172128","17697591333","49822706854","1759669049","927444554","3200070767","20863709896","52020718078","94726133874","22650751222","1393897246","14980669553","21947937995","26017679290","34367622701","18669283901","2711791","1458681","475182","503118","524549","522340","686602","811948","646733","747855","35820","167912","429060","1290790","1499035","2507584","1598432","270939","1794560","980294","417331","440669","202247"
"20231","11","서울시","CS200036","고시원","373501220","973","263879188","109622032","109269676","28874058","31555439","49442815","44737200","20682926","88939106","0","14707931","49939144","116842859","192011286","0","149340181","224161039","5518868","203590761","122330879","0","7974626","34086086","750","223","373","92","81","112","92","52","171","0","34","209","316","414","0","408","565","8","468","297","0","138","62"
"20231","11","서울시","CS200034","여관","73552742378","1371453","46919157062","26633585316","9882970055","9494979549","8794496218","8299391461","10447319779","11991244437","14642340879","21703240451","4634462561","5091757527","9850421306","18579105858","13693754675","43464185895","15994501835","771729585","12337478369","15795625651","14736250909","10756230924","5061372307","886807","484646","167971","174970","178956","174751","190159","241618","243028","298764","71736","141174","203188","374685","281906","957534","339871","20627","402804","352394","218996","193193","109383"
"20231","11","서울시","CS200033","부동산중개업","8211105412","358723","6512758796","1698346616","1318710371","1216536191","1027426316","1324683636","1625402282","990301481","708045135","238805940","1225909741","1999217124","2485658902","1913020965","348492740","4060077109","2943850203","11060936","856065820","2112197473","1205625611","1280465905","1538511575","279396","79327","54054","52427","50576","61422","60917","43771","35556","5516","45591","104389","105160","77770","20297","191400","95364","2158","37990","93150","69370","45226","38875"
"20231","11","서울시","CS200032","가전제품수리","10904484867","202223","9609169786","1295315081","1803767458","1582830170","2178297191","1717272398","2327002569","923763189","371551892","40961660","2047951879","3693576229","3697065889","1305188371","119740839","5522741497","3676313530","36651811","486875502","1224250795","1684066830","2638596251","3128613818","156044","46179","32179","27376","31895","29511","35083","29436","16743","7638","24582","48753","60308","41995","18947","135533","57061","10459","40938","38071","26424","37150","39559"
"20231","11","서울시","CS200031","세탁소","42620775260","2315872","33377518761","9243256499","7222761214","5575371928","7299802164","6373843185","6905740270","8055793043","1187463456","341067852","6102916159","10237156643","12376114584","12499209176","1064310846","18116600445","20346648523","67716954","4270522595","9298645284","9647672362","9905561381","5273019995","1737157","578715","372038","306533","393400","313889","351297","439334","139381","45962","303015","497115","618268","729483","122029","1107806","1147979","7553","386793","562289","508015","525715","265399"
"20231","11","서울시","CS200030","피부관리실","53933726378","252406","42820943554","11112782824","7527665013","8034832497","8408371878","8742641423","10107432743","8397859196","2714923628","398848530","2575427680","11686741555","16159315888","18984246587","4129146138","12936448416","39616042092","69339763","8353739375","17264626119","11003635738","9537798321","6323351197","196941","55465","34818","36063","37953","40577","47530","40741","14724","3109","13015","61370","74465","88140","12307","65142","182291","1169","59848","82800","42224","37355","24050"
"20231","11","서울시","CS200029","네일숍","17517557577","219638","13458035890","4059521687","2276200044","2579070056","2661067301","2813501759","3128196730","2703894762","1355626925","21007768","211595371","4222513429","5392308979","6857806090","812325940","2843961422","14410991439","68130523","3071817544","4935387392","4117341933","3062438148","1999825399","172007","47631","29788","32649","33353","36411","39806","33313","14318","180","3199","54705","65943","87849","7762","32433","185278","1468","53276","67100","41390","34839","19641"
"20231","11","서울시","CS200028","미용실","273617845322","5838227","179410197301","94207648021","26985144222","30842076538","38030943752","37368854672","46183178117","59339442303","34868205718","295881777","7360082061","67549323099","93296109993","100021248547","5095199845","114116742253","156256243460","1860897311","37626654659","62339556581","65458430410","62775372213","40312189594","3928470","1909757","653338","681136","817753","812208","964035","1155629","754128","3178","246736","1525467","1895021","2109077","58748","3270211","2542219","57727","803158","1268754","1333187","1397512","952101"
"20231","11","서울시","CS200026","자동차미용","14355747891","232000","11404737040","2951010851","2781006843","2100105316","2036996074","1961108274","2525520533","2042014586","908996265","205786","2305831490","4476850501","5078286700","2463658044","30915370","7117759108","3296626602","1508194","348149133","2270114140","3129925996","2522861943","2141826293","172813","59187","41608","34125","30579","29187","37314","38654","20533","41","41098","72179","89503","28123","1056","123669","49857","86","7822","39074","48372","45695","32505"
"20231","11","서울시","CS200025","자동차수리","259767184182","1454440","222350861302","37416322880","40761730003","42218917634","44621473453","45087801277","49660938935","35553956952","1862365928","33321383","39855846958","73141929412","92286852628","53889449293","559784508","167425767600","55612859843","6300191","7564934153","38699462041","54837331012","61371880579","60559546902","1225164","229276","249940","226788","245208","237776","265452","213326","15950","204","276598","431428","515097","229001","2112","942874","321998","43","47532","235133","302369","338596","341184"
"20231","11","서울시","CS200024","스포츠클럽","144378357506","711469","128498923214","15879434292","30670617863","28960804617","23376433674","23469968221","22021098839","9994499833","5884934459","848226786","13509959600","23267092548","28041743700","59133840264","19577494608","64738918965","72448537156","531312374","33702211763","41810007784","22889014736","24908003290","13346855200","540756","170713","128915","117135","101349","96439","96918","90774","79939","28868","84969","111119","138392","251533","96588","390024","308056","10636","198147","195352","108001","120673","65285"
"20231","11","서울시","CS200019","PC방","115275253599","22073796","74883995586","40391258013","14918049349","14213736644","14560889404","14370804488","16820515701","20037822908","20353435105","17249431343","6755378695","12957320055","20486782369","35016601505","22809739632","93432935837","21758656989","7487714179","56804274930","31253120512","9125292247","8433834036","2087356921","14443530","7630266","2868565","2751870","2830754","2777203","3215138","3771582","3858684","3091072","1289555","2405622","4181457","6817815","4288275","17695393","4373354","2071992","11084301","5333789","1654050","1576608","348005"
"20231","11","서울시","CS200017","골프연습장","73657530830","1501323","49911996709","23745534121","10544408909","10439369791","9727223837","9365780400","9835213772","12164769181","11580764940","3043388869","5947605020","11222852810","16546481152","23995066566","12902136413","49197761984","15423085939","11308524","2237575918","11959517294","18587405667","20671805881","11153234649","949934","551389","182345","185218","191178","184787","206406","276034","275355","56764","108365","266351","320389","471053","278401","1124731","266444","695","48494","247570","411890","462152","220368"
"20231","11","서울시","CS200016","당구장","37183791896","1677507","26296005222","10887786674","5286068072","5137758833","5027839698","5382270767","5462067852","6022571668","4865215006","2364162154","1533664499","3353066878","5703079528","15496590750","8733228087","27663810222","8211226949","296767101","4180291472","6497234633","7038159498","10374147722","7488436741","1125164","552343","206472","214789","214331","225746","263826","304709","247634","110032","17749","94168","273421","709575","472562","1463542","182751","30399","169808","180935","308333","544762","412082"
"20231","11","서울시","CS200008","한의원","236281788342","6345171","192499358222","43782430120","43584729115","38918547115","35095053302","33338545123","41562483567","39881817243","3900612877","28523844","27097524043","83955032188","73811417511","50998407677","390883079","87717978993","145919728418","159671198","12815416457","37100046311","52879944484","59153752791","71532003343","5439268","905903","1195961","1022349","1012377","987320","1221261","791702","114201","400","957564","2098079","1890881","1392071","6176","2782611","3543518","8004","293295","794735","1075908","1415524","2738689"
"20231","11","서울시","CS200007","치과의원","654011974907","4426637","577306844793","76705130114","124293036250","125634777840","106375138671","97365274687","123638617345","73336927656","3368202458","300056","84351274650","222604586233","213665681515","132142495621","1247636832","331994739324","318898338073","562578219","42388438085","88216958903","139049043905","174531165866","206145160874","3879265","547372","849906","825820","710516","654789","838234","528652","18720","22","751381","1346669","1528252","797073","3240","2186193","2232257","10372","384650","709725","1005821","1038585","1269331"
"20231","11","서울시","CS200006","일반의원","1764738783166","43795989","1514015487528","250723295638","324701848430","296798816051","245975661260","287324394236","359214767551","241551341091","9171954547","268602539","374066042204","552825236510","540645453247","294930238761","2003209905","664607941268","1096582894342","2808327109","199255159466","378163608785","402732061778","415246930480","362984705094","38259714","5536275","8881298","7192346","6489942","7252818","8443310","5208014","328261","1022","10855289","12157096","14226584","6527930","28068","19914226","23857646","197613","3754228","8206188","9741597","9359835","12512378"
"20231","11","서울시","CS200005","스포츠 강습","126892501381","512766","116732825779","10159675602","27522806543","22084620924","21406422368","23258559171","22460416773","7426726478","2732949124","266924152","9790420072","21197607756","29365122685","54460952984","11811473732","46368739929","76360302664","134743617","14790308678","30574785482","51343731880","18540897500","7350561517","448701","64065","105604","85552","84525","87148","85872","39119","24946","3827","36252","76108","134442","215636","46501","215787","286164","3495","54737","113074","237970","69135","23578"
"20231","11","서울시","CS200003","예술학원","135436171833","623035","117070697121","18365474712","23124272651","24292264506","23816981071","24072220641","21764958252","13925280176","4440194536","259896055","6444752093","22471215194","49340815873","48912422893","8007069725","55060053747","78962949556","350471799","7413579507","20429425358","74383731936","25957029237","5488765479","556765","66270","117976","113573","110630","113771","100815","51321","14949","1344","28885","108382","250595","208914","24915","245061","373630","2617","36424","115267","364250","79120","21028"
"20231","11","서울시","CS200002","외국어학원","82959013740","214171","77455137358","5503876382","16737717115","15312043766","14829697860","14779599120","15796079497","3579692994","1924183388","575784158","16231179154","15631431780","25232123070","21126766368","4161729210","36015351332","46301327591","39172880","2010982570","17509171268","49947947169","9916627372","2892493619","193564","20607","42988","39463","36617","37214","37282","13904","6703","1580","30233","36985","66280","66506","12587","85786","126830","508","9953","33898","133120","28012","7126"
"20231","11","서울시","CS200001","일반교습학원","870374689204","2689860","717552921687","152821767517","151379622552","145811865930","143104878797","139170019844","138086534564","93454127958","59367639559","5067703010","65572691199","131044590838","254737684218","337370354175","76581665764","375786905255","490818359024","924404129","3814278184","44249129170","546856349520","250620977041","20140126231","2190480","499380","447112","429979","471846","418553","422990","305746","193634","17240","231542","414576","794329","1017424","214749","1123318","1559593","8619","22411","169097","1726009","696546","60220"
"20231","11","서울시","CS100010","커피-음료","707566707098","87128495","533871270782","173695436316","96885247506","105379010880","106432257695","109688393893","115486360808","94464667153","79230769163","4689945521","95761855063","247112046484","177899415191","148393030456","33710414383","279588554204","343659097428","8877510138","155463031414","183703559252","129862400819","97073867613","48266855189","68015500","19112995","12632607","13440455","13633746","13968124","14340568","10349158","8763837","223402","18030837","29610861","20632707","15834210","2796478","37566699","44023372","1367873","21192304","25070315","16573753","12018966","5366905"
"20231","11","서울시","CS100009","호프-간이주점","861192518965","17287421","597938158183","263254360782","94084943960","112565085294","116913686419","122058718066","152315724444","158486281299","104768079483","223240392692","8058116988","29039496696","21530783648","182454534068","396869194873","506980065539","258135821571","10926329468","201719812483","217452562515","141746583378","126916152222","66356776237","11932954","5354467","2009034","2236251","2319184","2379952","2988533","3091962","2262505","3487874","407668","1625079","999047","4089395","6678358","9758780","6521209","274166","4842340","4668884","2724841","2437690","1332075"
"20231","11","서울시","CS100008","분식전문점","323956999228","29021070","248823145812","75133853416","44466870908","49168668255","49169602563","51433883806","54584120280","43315604723","31818248693","6921878737","26812917720","109626839241","54906236497","101110230785","24578896248","146147497008","143198803212","4539464261","50684736542","70004999621","74334621199","59495349556","30287129114","22722452","6298618","4158450","4470995","4553810","4722007","4817190","3625865","2672753","445685","3009791","9575810","5162971","9045183","1781630","13336775","14270402","500332","5062696","6885556","6807849","5504046","2846780"
"20231","11","서울시","CS100007","치킨전문점","135871083355","4773019","100229365258","35641718097","15960925445","18761842302","19320878646","20874898165","25310820700","20151058592","15490659505","10299940280","462569548","4978147827","7778071835","57964341835","54388012030","76923574716","43968932947","1187264628","19754763472","27209300148","29053009439","28626560951","15061387390","3457374","1315645","555759","649607","670986","698527","882495","715427","600218","249278","30559","287880","385463","2288714","1531125","2710217","1798723","57785","756173","989922","1047811","1058359","598807"
"20231","11","서울시","CS100006","패스트푸드점","183153303027","15400924","130637060316","52516242711","23637879742","25297337478","25938842895","26758976995","29004023206","26945102510","25571140201","3600301480","10972479438","54102319501","33261177608","65204614347","16012410653","87406061077","76920799922","2750098972","37923289801","44885551454","36820162909","28650043997","13297713883","11278632","4122292","2104610","2204728","2247274","2309501","2412519","2133286","1989006","440538","1278518","4366853","2818291","5043685","1453039","7805708","7009048","328076","3827397","4257481","3032380","2291582","1077788"
"20231","11","서울시","CS100005","제과점","267558692259","25169823","197365968440","70192723819","35243119941","39706198410","39304442564","39192542242","43919665283","37933106286","32259617533","240391368","40986987488","66631351202","65381911987","78507382362","15810667852","97496525345","142321288861","1617952474","34373321524","55458473795","60210424254","50843050227","37314591930","18858163","6311660","3507353","3705093","3801728","3800855","4043134","3388628","2923032","19854","4406518","5821531","5835227","7463561","1623132","9474554","14655259","228870","3916216","5755643","5737314","4864742","3626973"
"20231","11","서울시","CS100004","양식음식점","370793060206","8730315","259480453139","111312607067","40548525926","50584117435","52176129208","54089965343","62081715227","63863342565","47449264502","16623077205","2749796235","107787584060","53843924340","129855723494","59932954872","146494526218","151067067529","2561881467","72342208817","96653435418","61372200467","44035119265","20594635636","6370919","2359396","1085736","1253375","1280031","1310302","1441475","1305742","1053654","163987","143335","3507684","1438715","2840045","636549","3511743","4352714","114969","2195510","2464437","1533024","1093749","462799"
"20231","11","서울시","CS100003","일식음식점","317456907863","7486228","247348911704","70107996159","40933803001","48331109919","48503828122","52460036027","57120134635","43700001463","26407994696","9036481022","647844008","94969325057","27370693607","119632573138","65799991031","138993026406","102235365405","2182024798","57113341243","74215953521","47282107489","37539717587","22895247200","5992212","1494016","1057483","1184369","1193314","1245793","1311253","875644","618372","110893","33812","3375944","851511","2480902","633166","3353739","3198286","117925","1849952","1944229","1194022","965551","480324"
"20231","11","서울시","CS100002","중식음식점","300067663228","9243608","224362986507","75704676721","38112936522","43208266066","44250143427","47601938122","51189702370","40237173280","35467503441","5420868678","2088452781","108826497183","36519685239","113506657844","33705501503","143498508320","89161462045","1990757564","37532357568","59065423666","53667125557","48155192802","32249113248","7129247","2114361","1233578","1382910","1438296","1510048","1564415","1112258","1002103","116673","90242","4327821","1358057","2884105","466710","4944981","3228256","136646","1474131","1974958","1841281","1652425","1093832"
"20231","11","서울시","CS100001","한식음식점","3762911405853","100687842","2833988393499","928923012354","496041677842","545529257337","556485967334","587805389263","648126101723","531352848476","397570163878","115808794798","67126851271","1023559735893","360806361575","1559181542195","636428120121","1881884099690","1107685603037","13442751811","436842795506","710537710829","625132384569","656381825198","547233769459","79245102","21442740","14794818","15482505","15726170","16230223","17011386","11965141","9477599","2367059","3200123","42175963","11895079","31647996","9401622","54379351","34708631","608365","13693688","20604979","18284918","19418241","16477679"
"20224","11","서울시","CS300043","전자상거래업","43293800370","780839","33123185416","10170614954","5087056493","6406429525","6633938721","7354133593","7641627084","6309621965","3860992989","320793357","2974606543","14085443726","13052704954","11291782797","1568468993","16384812259","20934503375","351149569","7214913964","12618008010","7472301367","6357756844","3305311093","513636","267203","77055","95597","100258","106977","133749","169960","97243","3907","20030","241968","245198","240282","29454","312457","417482","22267","243414","195514","126945","87450","54358"
"20224","11","서울시","CS300036","조명용품","447289985905","4247132","412544426054","34745559851","92460670604","86152545755","81804865973","78588230013","73538113709","28901509113","5844050738","208617818","102193780971","146040040520","152512220285","45993743512","341582799","244192047534","95517466646","20998896","12097303799","33286960490","95140736322","119334252358","79828662034","3629008","618124","734634","733969","728159","717739","714507","516521","101603","4865","984561","1336221","1426890","492159","2436","2377357","963183","1069","149316","406150","642547","1037998","1103439"
"20224","11","서울시","CS300035","인테리어","60749987227","877315","49043568126","11706419101","9516468048","10239654793","8464824646","10210238822","10612381817","9964087797","1742331304","67527954","16907958946","17243448929","21050393879","4533471340","947186179","28313083266","16239323871","68613628","2606734652","4412966578","8947123284","11610099603","16906774047","707317","169998","134324","144208","137337","149444","142004","137648","32350","1484","232317","257182","274870","109676","1786","452001","279706","2358","37154","84474","141533","198638","267549"
"20224","11","서울시","CS300033","철물점","72103554129","1583909","61359137245","10744416884","12501377226","12963080124","12214209003","11137885119","12542585773","9113106004","1631310880","41143727","17148309502","22603809621","22423202285","9654906107","232182887","34550796281","21921622865","23113377","2398133361","7117414821","11106121052","15265290897","20562345614","1317705","266204","261506","267316","272755","253306","262822","215008","51196","475","437298","468614","478650","195307","3565","834751","384583","2324","88232","192777","240689","335368","359956"
"20224","11","서울시","CS300032","가전제품","276993982668","738078","170896225660","106097757008","44121667468","32564258109","27857544292","27224746735","39128009056","54626978577","51470778431","0","13994811142","78235909470","104690301853","79414596884","658363319","143636809363","120212105257","121887663","12801534876","47955668038","60789480508","71174299144","71035611527","471013","267065","110157","89093","87066","89012","95685","140008","127057","0","49053","205429","268530","212477","2589","409630","303135","1028","47459","129691","144802","182627","207244"
"20224","11","서울시","CS300031","가구","169068879562","492735","118398156213","50670723349","18091884204","28372323266","24361976776","23802170494","23769801473","28031725916","22638997433","77239745","10524630586","49014140226","73387495287","35459127516","606246202","66798786629","87900270532","10369533","6310833402","21568940484","37338990136","52214331757","37255855585","386999","105736","69742","77111","83054","77198","79894","70889","34847","743","82782","172534","172635","63193","848","228162","204692","947","49986","102017","94828","98885","86190"
"20224","11","서울시","CS300029","애완동물","13878413092","390381","9306972119","4571440973","1868467996","1955330820","1916002691","1809244389","1757926223","2632980686","1938460287","48449813","794588288","2993873120","4715095817","4767417237","558988817","5782023773","7596787457","58379077","1962889626","2651328762","3180615060","3321609836","2203988865","273919","116462","55880","56457","53287","52406","55889","68780","47682","2124","22656","89172","125996","135883","14550","150613","235980","3181","50224","66539","76459","107400","82782"
"20224","11","서울시","CS300028","화초","70712673515","1504971","54765728123","15946945392","9415473749","10185759451","11761662090","10229469906","13173362927","10900616711","5046328681","354586961","10357065250","20219363458","23800560500","14728691262","1252406084","23505457021","27682293898","273587096","7460081869","11052877689","11021382769","11632380355","9747441144","1111923","393048","183916","202425","213764","225642","286176","266448","126600","1806","148750","448920","456645","422826","26024","570468","733385","16678","302191","350742","247140","211478","175638"
"20224","11","서울시","CS300027","섬유제품","54612432370","476744","44253054715","10359377655","8784730562","7585801437","9632465005","10924073327","7325984384","6711448654","3647929001","0","4862671287","18785582676","19186825836","11609862396","167490175","16174771536","29758479729","10810266","1311061374","4823738776","7764202596","16047198134","15976755503","379035","97709","68419","71878","79831","91021","67886","65594","32115","0","58250","140295","179896","96223","2080","155850","280546","446","19908","54789","73098","121920","166265"
"20224","11","서울시","CS300026","완구","10956463843","186499","7059482435","3896981408","1462641022","1098857228","1335279766","1405405897","1757298522","2663157994","1233823414","6586818","525043834","2956070470","4352501496","2849884999","266376226","7658875711","2184841221","92657129","1392307240","2425685153","2667450591","1515110905","1750505912","109301","77198","20232","18242","19600","21986","29241","47538","29660","195","9458","44405","65731","62476","4234","124273","58130","4890","37876","42544","42771","25659","28673"
"20224","11","서울시","CS300025","자전거 및 기타운송장비","31488250972","235272","20761199951","10727051021","2597647811","4498317529","4046510967","4602766401","5015957243","7584957495","3142093526","128951","2703932702","8492123978","11851592427","8259228895","181244019","23270755908","5371844120","172118857","1118464926","7637704048","8553208314","6000974805","5166046010","146494","88778","23899","25135","28867","30990","37603","55100","33678","32","23142","68733","86556","56100","709","167934","53078","3849","11775","38654","67501","53082","46160"
"20224","11","서울시","CS300024","운동/경기용품","248497570081","1593107","160043044322","88454525759","30304954036","31989474698","32057603862","30948447071","34742564655","49724857702","38729668057","685827557","14804969186","65197337807","94638536772","68261813362","4909085397","147958223449","77528399111","1212073029","23948239037","46042249370","65271803441","49738892245","39274081311","974636","618471","183642","178660","192257","196742","223335","349120","269351","12889","114351","429302","586723","414083","35759","949070","582387","25949","204428","310314","350590","317636","322535"
"20224","11","서울시","CS300022","화장품","342993549600","4700663","284174641455","58818908145","51340565014","60995724171","60590555921","52820336197","58427460152","38387712169","20431195976","2130956947","29416827900","96768429237","120076930021","82363491245","12236914250","112116612618","218930924376","1679247469","40830730110","65354524082","90029389398","79465172742","53686539335","3218950","1481713","600123","614117","630471","628603","745636","889502","592211","32640","199586","1129204","1543247","1576712","219274","1434919","3195519","84062","1078222","986194","818705","850309","812903"
"20224","11","서울시","CS300021","문구","441309545532","11817270","410416228509","30893317023","66691140394","93618779917","86635082171","85825438299","77645787728","22120929704","8772387319","6415748","70625773693","136388141037","176240867860","54258279855","3790067339","95974874549","79398366408","2032231977","17649877079","23441108805","47236257881","50949506034","34063989682","9805729","2011541","1770791","2020602","2040001","2017328","1957007","1356317","655224","1421","1453663","3661083","4107628","2498662","94813","4278102","4878964","335678","1650183","1917744","2467873","1674227","1111106"
"20224","11","서울시","CS300020","서적","96807147179","1856957","81076652872","15730494307","14743495957","19184037327","14914077240","15827293452","16407748896","9678898208","6051596099","5094248","8074759202","29338980409","40562365249","17526692693","1299255378","38044950551","45783020442","1074934504","6500547655","16816031041","29273525926","19406059387","10754755028","1306579","550378","235544","268138","261643","269848","271406","293353","257025","100","151677","479842","665328","518208","41802","764864","1026334","69454","219418","327088","615162","368460","191461"
"20224","11","서울시","CS300019","의료기기","266852554052","661584","255905401964","10947152088","39472441081","51862506443","53638707640","57914252213","53017494587","9221208898","1725943190","0","40395023195","107404046515","99588554612","19449757175","15172555","192731324808","66081509855","401293551","2678956831","21823132719","72695889149","82147881297","79321200725","573452","88132","107327","117230","117619","114931","116345","65815","22317","0","107844","260137","239023","54385","195","361923","281704","1069","19610","51586","121862","149747","300035"
"20224","11","서울시","CS300018","의약품","1664485052843","81923034","1471331237095","193153815748","288636732600","316549739353","287670558385","278210799032","300263407725","167886393262","25267422486","463027888","364442378210","508987808102","517592173765","265467872466","7531792412","823014721193","764638101541","3312961938","95775293687","227422988374","331921862566","388796747548","540422877290","68736157","13186877","14604692","14197281","12840035","12868807","14225342","11085881","2100996","32535","16465322","23098639","24017807","17620322","688409","38219887","43493630","484634","9363775","15763389","17471428","17188209","21442018"
"20224","11","서울시","CS300017","시계및귀금속","314171945349","771655","242773107681","71398837668","43138873215","43892291381","53444565025","53821811470","48475566590","45089113589","26309724079","0","22279179884","102727580065","117779460830","68865761268","2519963302","140911948972","133443602418","1034175803","24539786317","56209884336","67028979860","62947598584","62595014627","580826","190829","104130","112262","117738","117574","129122","119485","71344","0","37799","216637","313917","194311","8991","320120","391693","10885","115634","174113","140105","147077","123987"
"20224","11","서울시","CS300016","안경","125221008709","1446539","86596851499","38624157210","17564623245","16616710290","16703479650","16744400700","18967637614","24678129209","13946028001","18743609","5973735405","31635069452","41353327900","44331508664","1908623679","57337480043","66072517120","1297807785","22681116243","24134133992","29590233555","28024092436","17682953653","1037178","409361","200040","204116","204480","200791","227751","260290","149071","244","65895","333434","433434","576807","36725","516982","923337","44337","445743","294464","269072","244429","142309"
"20224","11","서울시","CS300015","가방","49221394259","1386362","31284809389","17936584870","5955241308","6253179262","6189473237","5708412643","7178502939","10162479190","7774105680","23681171","942081165","11069174795","18247729608","17021299874","1917427646","15269668254","32244284017","607018521","9896114846","11357682198","8041717426","9500440292","8110978981","845751","540611","148892","163571","172088","169639","191561","291510","249101","1743","45118","305645","430284","526376","77196","447123","931624","33825","359810","311642","249285","230428","193752"
"20224","11","서울시","CS300014","신발","123807804925","1404958","86152762991","37655041934","15241096818","17066339275","19135076488","16874021388","17836229022","22085754410","15569287524","647569631","8717858242","34832473279","45067441189","32387433275","2155029309","56148361426","60313759036","848125920","16796574841","26746890039","17883757519","25984311004","28202298382","966174","438784","181381","187672","188429","193531","215161","263838","174946","3691","90801","383398","510255","379110","37703","584355","770657","16465","218628","246458","204403","272936","396107"
"20224","11","서울시","CS300011","일반의류","1779724615540","21255277","1102476367341","677248248199","203291849595","212802116920","219960088342","220358110530","246064201954","376847350079","300400898120","5222324274","45043015830","441936770058","685987559852","561710491969","39824453557","667982820504","1064449785119","10098909052","225939399907","350922425831","375052925351","400543355304","369880299952","13349541","7905736","2438996","2487906","2717790","2702466","3002383","4400237","3505499","152720","635354","5500235","7606294","6845149","515525","7449728","13644088","232141","3396908","4171433","4475089","4556098","4262173"
"20224","11","서울시","CS300010","반찬가게","893281920772","28594487","749065457502","144216463270","141494822851","145402276039","143869638233","149931639625","168367080754","110412821029","33803642241","165028884935","199736882070","205327314930","202422265946","89335022509","31431550382","377979836075","347845527179","1138377857","40842204352","111748270828","174232236106","172733309638","225110848776","23046929","5547558","4343433","4680866","4635223","4601382","4786025","3610708","1936850","1562819","5278099","9325679","6561622","5089398","776870","12935199","13537489","185416","4218281","6001349","5413057","5532349","5121699"
"20224","11","서울시","CS300009","청과상","786276128762","27315999","581620354913","204655773849","99816078734","119438977357","113965589022","114043398502","134356311298","140849354570","63806419279","12865574004","170863211113","234471990523","251623326970","103001339512","13450686640","323399936381","404396727188","203612998","20278940653","52925496092","100555136032","181969555769","371863922026","19135712","8180287","3501624","3966527","3714741","3786369","4166451","5294664","2885623","132997","3887111","8033532","9627430","5290469","344460","11134413","15491715","26983","805138","2337853","4031357","6519470","12905362"
"20224","11","서울시","CS300008","수산물판매","1527645240602","23738927","831098677365","696546563237","144371998188","138276605327","150439129742","169260890307","228750053801","434875334553","261671228684","30207055879","186179255045","327401578447","397609477735","543964534841","42283338655","792570854846","532093962113","448406292","123104588476","264751264197","259941039235","294191099140","382228419613","13088353","10650574","2307867","2256865","2388191","2560898","3574532","6607109","4043465","301875","2819221","5609723","7052462","7431136","524510","11820084","10466914","10437","1866057","3822415","3993649","5093638","7500800"
"20224","11","서울시","CS300007","육류판매","790353645142","16813549","585766759739","204586885403","93773581011","114491334990","120537699405","118480088263","138484056070","141083403344","63503482059","10670694399","134345219129","213808165590","245327104685","174863810718","11338650621","334284710567","413753155874","291317724","22364335818","83272703299","126883495812","201085850589","314140455117","11677295","5136254","2184884","2209784","2207900","2280246","2794481","3259900","1876354","101352","1955807","3933622","5310217","5258235","254316","7036902","9463242","17981","697821","1954019","3033486","4714411","6082418"
"20224","11","서울시","CS300006","미곡판매","136854738269","2500605","114837386751","22017351518","21496012417","24146848807","23348061961","22653360853","23193102713","19025824910","2991526608","11635405626","46788822130","35775943779","30734296961","11328699136","591570637","48986300766","63770904300","21923828","3058480172","8128901472","17469403496","24224098373","59841392989","1970861","529744","405480","404505","377098","385973","397805","415520","114224","93626","572928","710407","760530","336361","26753","973968","1348191","2154","57683","177066","303404","524148","1257107"
"20224","11","서울시","CS300004","핸드폰","103957973201","2501288","83020977415","20936995786","18100495240","17871479821","14158834428","17961782502","14928385424","14617758455","6319237331","2104232947","9204004341","24656113930","32656709868","29153239163","6183672952","52632177875","34943815714","651944540","12117788810","16030426123","25234925211","22144432284","11397816603","1941606","559682","352792","406032","397089","381734","403959","374431","185251","42192","350588","649494","617176","700201","141637","1161196","1251474","48106","615581","587384","419552","441006","301086"
"20224","11","서울시","CS300003","컴퓨터및주변장치판매","880334361171","7696876","794353789886","85980571285","134124236089","159274432658","159566544164","183174686095","158213890880","62966076449","23014494836","503096514","102132536094","290886572086","364109620758","120774720270","1927815449","266099062488","132428533152","2035869609","38940655786","63279364639","135214433383","95142520303","63914751916","5695409","2001467","1096285","1095934","1066274","1090153","1346763","1126553","874914","157711","1129735","2156404","2363331","1442026","447669","3156311","3681393","273678","2508136","1449073","1148239","1027295","431292"
"20224","11","서울시","CS300002","편의점","1136288274730","165376308","823519851923","312768422807","155905662508","161084902134","162711402796","165519597668","178298286817","173372371275","139396051532","108981493222","174637668684","165061989116","167389151452","318527496279","201690475977","679055236674","432738915704","18312467126","288538915432","312141950026","238047569159","174460190595","80293060006","122143014","43233294","23016951","24355582","24421945","24729939","25618597","23939591","19293703","14490591","31999585","26349129","24401725","41828799","26306479","101260959","62272006","4206328","46544807","45278214","32501900","24100447","10901230"
"20224","11","서울시","CS300001","슈퍼마켓","1118199139780","104487997","805422849099","312776290681","157659484799","160143150509","156735165344","157595739132","173289309315","177303572245","135472718436","37713858548","149292308959","198806081536","249327143401","356278373445","126781373891","566791284413","483540615628","6926307715","124925737006","197782736318","230008153322","256241009670","234449031527","75789867","28698130","14714074","15120952","14970638","15135106","15849097","15925012","12773118","4115672","16057415","17667238","19583945","33345683","13718044","58491232","44423671","1784187","18793253","23112737","21600477","21144554","16479907"
"20224","11","서울시","CS200037","노래방","123942530528","4208501","78931051609","45011478919","11364479240","15241658903","16109302732","16480326366","19735284368","27135661750","17875817169","45687890737","1550139258","1030965664","3286006248","21770732329","50616796292","90270399652","22827716840","1632580644","16904889948","20016381956","24674197057","32925575531","16942776849","2639240","1569261","449821","477265","512009","522065","678080","910037","659224","762161","37017","181817","440546","1299983","1486977","2517701","1626549","348064","1916169","830912","424471","434204","190326"
"20224","11","서울시","CS200036","고시원","376524081","979","257568022","118956059","64130551","30136666","33282209","51408627","78609969","77398482","41557577","0","44733781","40263424","177884824","84842052","28800000","53234091","323289990","20518502","121203611","137609068","0","59102080","38090820","693","286","138","99","57","158","241","179","107","0","128","87","425","294","45","146","833","81","298","413","0","102","85"
"20224","11","서울시","CS200034","여관","64293166707","1401706","39790867280","24502299427","7880915528","7692399161","7606206483","7784224964","8827121144","13404511457","11097787970","16614067301","4133919122","4619709924","7719170859","17238992151","13967307350","43447117986","14552545984","875638340","14075960995","14926024318","12690059288","10362803156","5069455220","888716","512990","172586","169279","174556","178696","193599","272144","240846","297820","71393","143234","202204","388252","298803","991597","348825","26840","448135","337493","223429","199678","104811"
"20224","11","서울시","CS200033","부동산중개업","7927425333","358959","6014011069","1913414264","997417585","955787949","1145751109","1366887518","1548166908","1177537213","735877051","154200928","1224691486","2158292781","2362141999","1727301670","300796469","4006767821","2774108627","6268120","929664346","1670898920","1707197794","1806150784","660696487","276871","82088","49186","54722","50116","62679","60168","52396","29692","11676","56722","93422","113437","67987","15715","185565","98202","602","43587","76563","78822","57157","27037"
"20224","11","서울시","CS200032","가전제품수리","9471255792","190135","8361163481","1110092311","1710518658","1771781266","1684327584","1935744040","1258791933","1017776084","92316227","28132869","1644296765","3284447800","3497075256","907412900","109890202","4892551406","3507673535","34570812","547864859","1076956555","1779047228","2054594811","2907190670","146317","43818","30755","28558","29600","29707","27697","29241","14577","6039","25770","50112","60026","36338","11850","120511","60545","6429","41712","25183","30510","34695","42517"
"20224","11","서울시","CS200031","세탁소","42398728281","2420687","33918234610","8480493671","7124684296","6639033081","7801271760","5992267207","6360978266","7396601185","1083892486","362237109","5948080436","9864704040","12209674424","12836280899","1177751373","17466686596","19982640802","95024710","5293315287","9066753125","9131087849","9100072785","4763448269","1829425","591262","372357","356243","424396","326750","349679","461500","129762","50341","325993","530790","636206","755430","121927","1170421","1180467","11089","454546","579055","534022","515492","256684"
"20224","11","서울시","CS200030","피부관리실","51362734541","252992","40386064569","10976669972","6813992881","7390867043","8399024380","8376935277","9405244988","8481973437","2494696535","512480716","2003531208","12671920255","14984596135","17605835488","3584370739","12152837354","37262235903","117415458","9120659315","15200822293","10043608236","9359702652","5572865296","190127","62865","32349","36187","36662","40991","43938","46893","15972","4275","12351","64030","72639","88199","11498","66170","181335","1885","67122","78795","42092","35521","22097"
"20224","11","서울시","CS200029","네일숍","18317883504","234014","13684791378","4633092126","2411825026","2736314107","2711950207","2588729800","3235972238","3162377544","1470714582","32933682","184394277","4293684924","5461000484","7519515675","826354462","2748415880","15248699636","123679323","3961361206","4926393747","4131371811","3164597094","1689860707","178050","55964","30390","33822","34692","36738","42408","40144","15820","222","3722","56403","69879","95245","8543","35496","196081","3168","63378","68983","44822","33967","17277"
"20224","11","서울시","CS200028","미용실","274176763282","5974284","171498108817","102678654465","26697817453","28500817783","35435352539","35870157024","44993964018","66638048972","36040605493","262768208","8176506469","69605340577","93049798075","98087109497","4995240456","114058943579","155789800539","2625512619","44115111453","62121353388","64718796103","59428110430","36838438266","3817649","2156635","672438","653303","751170","783626","957112","1355021","801614","4037","263819","1581232","1967634","2100709","56853","3352122","2596186","79402","967543","1288697","1376330","1364024","872204"
"20224","11","서울시","CS200026","자동차미용","14535378235","216972","11005977149","3529401086","1653488609","2324172280","1972363227","2219896626","2836056407","2459222653","1070178433","45679919","2295208232","4509094758","5398098043","2065885186","221412097","7722555564","2745533516","3449918","469691838","2403282424","3283319867","2662133659","1646192850","155162","61810","27756","29874","30308","29829","37395","42924","18886","160","38939","71644","81778","23407","1044","117378","44803","80","10248","39285","47145","40657","24784"
"20224","11","서울시","CS200025","자동차수리","291341131791","1665890","242997845624","48343286167","45694592411","47277570518","48575116008","48905755210","52544811477","45993096731","2350189436","64603075","47030929697","82229290931","105447564384","55922559250","646184454","183770822625","63710277322","34507916","11047648021","45074092976","61352628262","70342575168","59624346501","1366308","299582","272893","265174","268754","263123","296364","281750","17832","464","329626","501399","586527","245454","2420","1074815","377596","293","77892","282627","353340","385211","353007"
"20224","11","서울시","CS200024","스포츠클럽","124827823684","620128","109453427868","15374395816","23220041501","24469496830","22321938813","19713143551","19728807173","10625416258","4748979558","813983654","12824465030","21190170175","25694291165","48612013887","15692899773","58284329171","60204249755","551173729","30784697796","31047327733","21703121295","23174121204","11227432822","467209","152919","102180","98192","91578","86687","88572","87440","65479","32221","77912","101147","120657","207525","80666","337677","270506","13628","178312","151139","100683","111244","53130"
"20224","11","서울시","CS200019","PC방","113092943936","22565251","71146522681","41946421255","13999705375","12987857802","13710763171","13820180810","16628015523","22497881067","19448540188","16193377940","6605600168","13640607624","20810078618","34476420800","21366858786","91677233684","21364529775","11540965812","56497953016","25888240282","9675634767","7874295152","1564674431","14283190","8282061","2802552","2603397","2749391","2762428","3365422","4419820","3862241","3006917","1222401","2708136","4463988","7006761","4157048","18112900","4450589","3216914","11127593","4558046","1859212","1517141","284579"
"20224","11","서울시","CS200017","골프연습장","71304276138","1558825","48250536028","23053740110","10818915687","9689002507","9471534177","8845551931","9425531726","12219219303","10834520807","2919521869","5649918202","10804557255","15477994016","23993544918","12458739878","47220834831","15239258702","33715859","3011675639","12300179481","19442412397","18898634413","8773475775","979492","579333","200311","186795","193583","187969","210834","302116","277217","59002","114512","280149","329729","501900","273533","1157335","289348","1346","65933","282110","446757","465117","185389"
"20224","11","서울시","CS200016","당구장","33269797660","1538454","22920949886","10348847774","4280252151","4445622058","4764119585","4308533448","5122422644","5721052305","4627795469","2284320634","1356060880","2810182625","5598728145","13470411234","7750094142","24886394396","7349686550","425317502","4408070339","5632344360","6514287192","9319832601","5938521025","1001122","537332","178627","187230","197834","200436","236995","308499","228833","101772","15447","91745","261715","645739","422036","1330668","178176","41182","178963","162681","302091","490836","333179"
"20224","11","서울시","CS200008","한의원","225910329579","6513990","177804392507","48105937072","37092197969","38356717996","32501131348","30427860859","39426484335","44692004293","3413932779","13393294","28194452725","83663363826","67764269658","45909116116","365733960","85265764743","138638843613","309803450","14175206971","35669367601","52783624385","55914722829","65051883150","5430441","1083549","1119028","1093499","1057391","953097","1207426","964861","118688","652","1057581","2199401","1889508","1360536","6312","2858293","3636560","13285","368545","839746","1189171","1487343","2596751"
"20224","11","서울시","CS200007","치과의원","622445116951","4407632","537144461398","85300655553","102892004981","122681130440","108441516523","88586463409","114543346045","81878705259","3421950294","69119889","82587458667","219264147395","197133199146","122384861139","1006330715","314297469075","304425339946","850927875","48220363099","89501475140","131852682621","157936977902","190360382382","3772799","634833","748240","854501","732118","616759","821181","617171","17662","15","771462","1351662","1503799","777917","2777","2183538","2213891","14097","454837","755487","1007178","993149","1172697"
"20224","11","서울시","CS200006","일반의원","1720138125745","47848434","1433551485534","286586640211","288489580406","301257583141","250849508739","263482008891","329472804357","277493382740","9093257471","151986933","377786566444","557410987483","515942155810","267643052006","1203377069","659829048244","1053713418180","5972241730","213524968627","359438210744","410583291404","388740738403","335282841184","40670837","7177597","8733719","8416539","7260280","7513679","8746620","6786754","390843","974","12298251","13661187","15149508","6711202","27312","21632438","26169193","393297","4645864","9203452","11264239","9963499","12331242"
"20224","11","서울시","CS200005","스포츠 강습","115098102544","475807","106185896993","8912205551","21916101637","24804667145","21904240551","19616513511","17944374149","6958499493","1953706058","309560345","9396780544","18330491809","25695600617","51492883558","9872785671","41900947805","69283130083","305089391","15211194408","29592009082","44283103981","15442232119","6357790203","417825","57982","84876","94586","86325","75807","76231","36993","20989","5075","34837","66847","122501","205953","40594","201742","264330","4066","55366","112263","213916","59149","21325"
"20224","11","서울시","CS200003","예술학원","142644188200","614394","119551291170","23092897030","22393458668","27056350977","25509640099","22305765573","22286075853","17913759805","5179137225","258704877","6886421647","21891832348","52204166174","51731015983","9672047171","58205463447","82756603020","572737941","8096794005","22825137210","76364815707","28269797239","4832784365","539720","74674","99987","123709","112929","103777","99318","59430","15244","1319","27717","92247","252256","214769","26086","243549","365181","3854","40084","131359","346842","68141","18442"
"20224","11","서울시","CS200002","외국어학원","76953898600","193961","71611157258","5342741342","13878767951","16550694377","13290798071","13847703588","14043193271","3670697234","1672044108","519203711","16455010019","14170270393","23428092601","18822838538","3558483338","33770452375","42222223266","120667146","2063498122","20481503608","43875060169","6652933826","2799012767","173647","20314","33949","40685","35117","33226","30670","14577","5737","1515","27102","32933","60662","61012","10737","79461","112936","628","9453","39043","117004","19934","6325"
"20224","11","서울시","CS200001","일반교습학원","790698741590","2567842","628666650905","162032090685","121395561512","141826589954","124419931187","119934598202","121089970050","108552593762","53479496923","4086672043","54473531313","101677802183","229309380460","330513119090","70638236501","334059407823","453223880565","1313036574","4426818866","57342823419","522991857076","183168200013","18039681187","2023604","544238","394108","450410","397841","396524","384721","355111","189127","15680","195261","361541","767545","1022549","205266","1064587","1496596","8351","22216","210151","1708907","556627","54926"
"20224","11","서울시","CS100010","커피-음료","732120495583","92749022","537403103484","194717392099","93909757950","105568200364","109633500178","111355374225","116936270767","111292778450","83424613649","4288568685","103530436268","250863273335","181856594648","154866991821","36714630826","285474969950","357849229531","13465665849","182593390892","178177831452","130818815235","94625065831","43643333289","70604486","22144536","12756583","14203712","14454908","14438529","14750754","12636848","9507688","271523","19899515","30941139","21587348","16869346","3180151","39691692","47427491","2088004","26067519","24791673","17142597","12106232","4923309"
"20224","11","서울시","CS100009","호프-간이주점","838676362916","17672234","560436279843","278240083073","85456923642","103598479423","110418816605","116957727945","144004332228","174593757142","103646325931","204733109994","6648149895","28720297227","22489174846","190277945169","385807685785","478187598409","265513243840","8588736378","234581415646","207864608804","130720579847","110863782477","51082507240","11752035","5920199","1951375","2177138","2287632","2390833","2945057","3587160","2333039","3492898","426213","1644573","1007151","4312584","6788815","9856478","6800445","245955","5681948","4461517","2709654","2366215","1191709"
"20224","11","서울시","CS100008","분식전문점","341698974416","31085329","253189984092","88508990324","45284130701","50159664451","51710070195","51843292291","54192826454","53336520682","35172469642","7605955113","30158191565","112480004975","58960974104","105951184090","26542664569","152971490223","150969547194","6381444725","61369795670","71456061882","77038389546","58933869268","28761312864","23556029","7529300","4240789","4738158","4821900","4825679","4929503","4521740","3007560","508807","3369818","10111120","5557574","9615804","1922206","14218807","15359763","697921","6268799","7070078","7219222","5577383","2745004"
"20224","11","서울시","CS100007","치킨전문점","150745633439","5453307","107215887893","43529745546","17730282916","19450334012","20312658393","23049932335","26672680237","26070664530","17459081016","12677504496","605811009","5471724653","9378684370","64030312765","58581596146","84161266166","50058371052","1673486004","24920243262","29023501169","32946871075","30548738608","15106797056","3835194","1618113","668935","678933","707994","819617","959715","935858","682255","312003","34016","309763","450707","2600318","1746500","3072341","2094347","85943","990501","1092941","1225422","1159539","612307"
"20224","11","서울시","CS100006","패스트푸드점","179229174045","15014803","124495387566","54733786479","22390148496","23828030662","24476584471","25654253063","28146370874","29969616278","24764170201","3622257245","11518814237","52259244478","32506964840","63118439557","16203453688","84063341158","73793583183","3620985638","41583563936","40791739928","34231076370","26104362348","11525254979","10708254","4306549","1984860","2106074","2141946","2185841","2289533","2380872","1925677","451366","1374268","4252126","2687302","4814119","1435622","7583937","6811547","421597","4279935","3846722","2849915","2097680","899669"
"20224","11","서울시","CS100005","제과점","296303778328","27309828","209317496159","86986282169","37485747540","39699851235","43084541106","41394909823","47652446455","51013548089","35972734080","308407316","48068403793","74100897950","71471370565","84706690480","17648008224","107415866788","155143862638","2577343314","43647647616","60860183782","64929384801","53543935698","37001234256","19760194","7549634","3643913","3938516","4052675","3915090","4210000","4332596","3217038","26495","4959028","6379647","6273580","7891584","1779494","10322636","15838015","358087","4936776","6146568","6131039","5056194","3532026"
"20224","11","서울시","CS100004","양식음식점","398977702502","9214612","263055577961","135922124541","40496572529","49442779180","52856522483","55247917574","65011786195","80326067726","55596056815","16303083405","2825596460","109638252591","57048948597","143903275066","69258546383","156596058904","160473615656","4030985568","88168086630","97817129525","62000091252","43367780715","21685600872","6409430","2805182","1080083","1241612","1303189","1317867","1466679","1613771","1191411","190831","149857","3600801","1520220","3033293","719610","3702981","4607967","180663","2611415","2425583","1569817","1077607","445715"
"20224","11","서울시","CS100003","일식음식점","334344749523","7819090","253284956616","81059792907","40304865802","49391189718","51465070738","53534219902","58589610456","52050702207","29009090700","10163455965","670870891","95880729558","29223805508","127995750194","70410137407","144486840829","105308405259","3253336439","65714291065","71713302021","47641406214","38016812171","23456098261","6088588","1730502","1032170","1221926","1249722","1264872","1319898","1054613","675889","125210","33175","3496938","912764","2591076","659927","3484974","3341799","177626","2147256","1867644","1209544","959427","465251"
"20224","11","서울시","CS100002","중식음식점","320139798931","9886275","230814828856","89324970075","38691643572","44197213055","47188343640","48400143443","52337485146","49867450891","39457519184","6062310398","2469277675","112603902372","39605844256","122029027293","37369436937","151585790546","95086212967","3029355264","46010339915","60703588273","56124325613","49022874180","31782118351","7373675","2512600","1275832","1454801","1520285","1534450","1588307","1385919","1126681","130582","102933","4567266","1494507","3084991","505996","5277202","3492860","200925","1834127","2026255","1979587","1685541","1043647"
"20224","11","서울시","CS100001","한식음식점","3996228223637","106952003","2914915494875","1081312728762","495655797449","564646592320","588959769506","606923601517","658729734083","641619999689","439692729073","127653060489","74835673052","1057016166265","394305305676","1666415349525","676002668630","1971362571306","1181403276665","18757760499","537983049793","719677943813","659812049967","675639155596","540895966459","81916123","25035880","14949142","16427858","16605431","16668138","17265554","14543602","10492278","2578893","3524525","44307190","12966645","33678068","9896682","57370988","37595920","886423","17181911","21039715","19571309","20118331","16169255"
"20223","11","서울시","CS300043","전자상거래업","39509323515","805339","27698007819","11811315696","5422200897","4912718532","5046471843","5841111438","6475505109","8243988996","3567326700","216749305","3050405307","8730821094","13607928930","12361831217","1541587662","16030038096","19689373360","281112341","6873814522","10801511562","8047678958","6355642414","3359223467","551114","254225","88054","98778","106084","115809","142389","162099","92126","4159","18745","214319","268471","267989","31656","348308","425369","14964","243206","214635","126229","104670","69970"
"20223","11","서울시","CS300036","조명용품","429490977678","3930754","397110126925","32380850753","70716523854","76119872003","92629914912","77692199283","79951616873","27249302552","5131548201","466122761","102904365444","137840152751","147096162783","41138914364","45259575","226718900101","86996237578","24995186","10070427492","34400778417","89267017601","106854461077","73097431653","3389612","541142","631581","703445","699003","690135","665448","446487","94655","5724","953625","1186671","1267123","516450","1161","2167463","882498","1415","136636","363033","610688","947518","990705"
"20223","11","서울시","CS300035","인테리어","59457581563","949533","50222814110","9234767453","8379104313","8499285256","12422467058","11561563954","9360393529","7603185198","1631582255","26814551","19864302530","15251395946","17306493979","6574607695","433966862","30413538135","17322890370","23096953","1967699135","5842286689","9369819362","15348391961","15185134390","785217","164316","140564","149997","152158","174878","167620","129440","34876","776","284464","262476","261423","138730","1664","499598","292920","2044","41401","103073","134901","231989","279098"
"20223","11","서울시","CS300033","철물점","55347638719","1582512","47403013918","7944624801","9259636999","9785576179","10189156524","8876510002","9292134214","6777688582","1166936219","77824049","16575394068","15445098505","16217621366","6799594076","232106655","25287153336","15618890950","15808596","2321275135","4923585272","8964181474","11757738811","12923009108","1329963","252549","248519","259951","278418","263059","280016","203171","49378","1099","464425","461241","429591","223523","2633","843612","364751","2122","96899","194628","257112","314093","343463"
"20223","11","서울시","CS300032","가전제품","268474794184","702227","174394774607","94080019577","42047718614","31443342894","32407348287","30546059900","37950304912","47021030615","47058988962","0","14236340060","78950903917","94756067989","79955367594","576114624","136220906661","120848439143","108463919","13146427765","48996780100","61400003069","67340372705","66080148067","465474","236753","103293","88661","89601","86012","97907","116333","120420","0","47498","188471","248538","215028","2690","389826","293944","832","46369","125954","144796","172261","193580"
"20223","11","서울시","CS300031","가구","149168549169","486689","105838125178","43330423991","18858018953","22446261937","17491378795","24065845813","22976619680","22003292737","21327131254","45190093","13490880443","41723964197","59397920929","34026831577","483761930","56036294354","74570982541","2895303","5705542466","18788543121","26371871978","39144914747","40597392517","401806","84883","70925","79237","71660","95475","84509","52960","31923","406","96534","161765","161212","65310","1462","230765","198576","366","48397","96344","94217","99022","91017"
"20223","11","서울시","CS300029","애완동물","14854850984","411759","9704943419","5149907565","1936405290","1810703137","1773823493","2083885774","2100125725","2814426714","2335480851","50343965","668006672","3362172404","4940397262","5252765659","581165022","5932082548","8647205805","58518116","2252325977","2894696655","3441595788","3504662997","2427409921","295018","116741","55594","55269","56433","62111","65611","64277","52464","2501","23340","90027","120103","156319","19469","161497","246948","5878","54925","74814","78265","111641","82903"
"20223","11","서울시","CS300028","화초","59437791891","1362286","46872436050","12565355841","8317478803","8742220419","9630286797","9009439252","11173010779","8166360208","4398995633","496508787","9094060457","17105365523","18841066837","12892025622","1008764665","19343412771","23258013769","186143695","6896578880","9219119465","8014687153","9830384076","8454546777","1041471","320815","173650","188076","202697","213246","263802","210354","110461","1430","153157","411884","388744","385864","21207","502053","681180","11923","266314","327165","208555","201335","167910"
"20223","11","서울시","CS300027","섬유제품","41531791459","478220","32364771750","9167019709","5669092689","6130369623","6949505732","6699101727","6916701979","5456458143","3710561566","39947579","5695933586","10453842881","14732324281","10366908484","242834648","11558804324","22370146247","9845299","1357194468","4077764008","5088263266","8978089996","14417793523","379264","98956","66481","73350","79102","77918","82413","64546","34410","137","73662","127357","167141","106471","3452","154099","291379","359","21567","56635","66032","120046","180833"
"20223","11","서울시","CS300026","완구","13296344835","224056","9321390419","3974954416","2071745672","1639031797","1786215911","1739841645","2084555394","2357127954","1617826462","7052176","1119565325","3446620583","4378983635","3986099307","358023809","10183478232","2137214943","104761545","1227313095","2547138474","3749591751","2282708046","2409180268","146868","77188","25995","26654","25423","30442","38354","45294","31894","221","13886","53501","76951","73928","5569","162405","58142","4800","38071","43146","51380","37347","45809"
"20223","11","서울시","CS300025","자전거 및 기타운송장비","43739726147","337825","29450473752","14289252395","4460930893","5666240796","6164721187","6186023755","6972557121","9407427838","4881824557","1816565","1758446112","10874495872","17111631519","13771781517","221554562","31287995882","9763441391","160899596","2156444252","8405594708","12036702969","10072412172","8219068386","225252","112573","39266","39945","45800","44268","55973","65694","46879","24","28493","96105","114537","97282","1384","238931","80856","4828","24843","50715","88885","79903","70588"
"20223","11","서울시","CS300024","운동/경기용품","216816402721","1587649","152601730481","64214672240","26904557453","30918233056","28857125637","31285122871","34636691464","37322048861","26892623379","886769734","13626225906","57612531126","80028259754","60369216349","4293399852","125823034141","69150413976","1448599810","19810798000","41480353140","49883637861","45061567504","37289471420","1034266","553383","186491","193305","197161","210560","246749","299886","253497","15920","139445","417877","542354","436197","35856","945226","577313","20079","202779","322164","336432","326605","314503"
"20223","11","서울시","CS300022","화장품","351214013473","4979960","299347314126","51866699347","54518621524","57484818561","61371402941","59589713070","66382758030","32430995442","19435703905","1592662890","30229813117","95510656389","119028483753","90739707389","14112689935","119940099535","217829902898","1805041461","41606512209","73080112912","98740770054","74805056261","47714757439","3492066","1487894","624023","648612","684620","713976","820835","840419","647475","28992","224804","1143836","1536613","1810510","235205","1466857","3452428","83480","1200355","1084478","887279","889916","773723"
"20223","11","서울시","CS300021","문구","355680904267","11398861","330110504046","25570400221","59851103643","63939050588","68526129146","69151669316","68642551353","17373197260","8197202961","15324312","58435648545","114818957385","134125900454","47165470528","1119603043","84784161073","67744169281","2062059193","16136624289","25384732741","39626353801","41435518244","27883044004","9671438","1727423","1730402","1921555","2005326","2018129","1996026","1119160","608263","2280","1471883","3449047","3725988","2640166","109497","4204753","4790150","333235","1644580","1901368","2467327","1607034","1041368"
"20223","11","서울시","CS300020","서적","114318465491","2167913","99136663684","15181801807","22251210914","19706518131","19271759312","21216732583","16690442744","8390099579","6791702228","4141919","13808224448","33813903989","41837867534","23116289977","1738037624","46062716513","53530458117","2075324700","7407914836","15063033590","34353476483","28811652915","11884650995","1595467","572446","323335","313396","317718","329626","311392","265328","307118","140","199382","559080","698134","652090","59087","889101","1214785","109113","272160","325300","720717","480324","196297"
"20223","11","서울시","CS300019","의료기기","251329893242","676123","238276240878","13053652364","35348071200","54084893710","47530228516","46986969385","54326078067","9750130576","3303521788","0","34460669882","87899510057","107548956070","21389009118","31748115","176365814949","63500088816","7982948","4632988052","14555534010","77246911830","73811632126","69610854802","567385","108738","103421","114274","116848","111317","121525","77632","31106","0","122288","255241","237269","60907","418","386196","271316","445","20079","47812","128553","157288","303333"
"20223","11","서울시","CS300018","의약품","1669093422822","79418796","1498364491718","170728931104","302905245811","316969151408","290789456245","280658390610","307042247644","145553688890","25175242214","409677408","387414508682","489899132050","510571852217","271721319728","9076932737","812603260553","782709040243","3052158102","98703018086","226478550193","334554483341","406695258523","525828832550","67844737","11574059","13943946","13791689","12793471","13177544","14138087","9472167","2101892","32992","16830468","21717169","22099298","17986907","751962","36610721","42560297","437781","9518669","15138609","16310886","16908513","20856571"
"20223","11","서울시","CS300017","시계및귀금속","282995150253","795760","209588774182","73406376071","37055686837","37514486440","38416231651","49112153268","47490215986","42478066737","30928309334","0","14271197028","88853858038","113326762537","65342068068","1201264582","128787575728","135565679455","1162093469","26346591878","48741799710","63481013933","59618136488","64999960959","596646","199114","109582","110768","112761","125191","138344","119760","79354","0","39202","227953","312764","207367","8474","317040","428035","12381","128235","169306","136964","153700","144433"
"20223","11","서울시","CS300016","안경","132189864216","1496281","95373468516","36816395700","18606703262","18554489166","18663109116","19152518958","20396648014","22512913292","14303482408","295808","6818571761","32438045396","41270867278","49273064458","2389019515","61060296487","69780603143","1202758194","24297815420","24565003716","31089310751","30546803417","19139046507","1108554","387727","207234","214078","217956","224660","244626","232669","155058","6","73162","338568","424042","618389","42114","539318","952364","40518","470307","300180","275149","259120","146400"
"20223","11","서울시","CS300015","가방","42986079184","1142894","29136516448","13849562736","5381501876","4697192146","6891891678","5594221945","6571708803","7174040454","6675522282","19774766","1262259245","10547645388","15730521857","14180699352","1245178576","13878023114","27773260156","381304496","7765367458","9474570053","8876906157","7613785111","7539350002","740921","401973","140627","124690","145881","148238","181485","207118","194855","1442","37775","253480","372360","425301","52536","350516","782808","26796","296870","250870","214458","177124","167207"
"20223","11","서울시","CS300014","신발","103921931989","1276430","72274296033","31647635956","12907660351","13326409762","15424707568","13488664920","17126853432","17646464081","14001171875","326134775","7916900508","28384400167","34950253618","30226179202","2118063719","47552510363","50522661603","820352837","16537025242","24295725771","15299000310","19103713726","22017301415","888083","388347","166302","160474","175949","175092","210266","215865","172482","2164","93614","341495","425612","384638","28907","542452","686541","11721","212048","235201","183909","235693","350335"
"20223","11","서울시","CS300011","일반의류","1555443912325","22885780","989479671636","565964240689","170284378924","178038921403","199914716835","197999064596","243242589878","309797976287","256166264402","3907223462","36281288521","383412868621","569465260766","525492606427","36884664528","563489737452","953753403833","10258546946","217510915074","332867602971","328122891381","337316462272","291166184753","14608866","8276914","2619156","2606963","2918998","2928026","3535723","4442177","3834737","164117","687089","5761978","7775597","7866694","630305","7921646","14832600","257204","3974671","4723218","4811467","4803330","4184356"
"20223","11","서울시","CS300010","반찬가게","855484731780","28929674","733666792449","121817939331","128888750045","138728557050","156011670268","141259332431","168778482655","89519051874","32298887457","141687702433","190287752118","206720122318","180463021579","102413174076","33912959256","361515715000","340310774262","894692175","38596599505","102555791219","163371642242","175975800054","220424829916","23793914","5135760","4291224","4642072","4757479","4867189","5235950","3186703","1949057","1436336","5866167","9241684","6297599","5353211","734677","13196248","13766952","145156","4381285","6120432","5394865","5716054","5205043"
"20223","11","서울시","CS300009","청과상","986591125681","29993001","747723878763","238867246918","130325445056","134382539169","149588902051","162626059183","170800933304","153791241372","85076005546","12833238894","234417868015","283860720536","277042528226","166465549329","11971220681","421150037463","475075084001","208334090","26461622654","65598653480","129874906350","231202957875","442912580406","21518998","8474003","3636282","3878556","4278496","4570494","5155170","5153449","3320554","156957","5158040","8194516","9154503","6810750","518235","12433332","16660301","19199","933532","2584328","4496655","7309918","13752087"
"20223","11","서울시","CS300008","수산물판매","1081420957233","17598437","647993449082","433427508151","104293881626","99461686901","119628794475","124829291274","199779794806","266487387745","166940120406","27028710657","172141589248","240174900913","269925119507","343546530286","28604106622","562401411819","403686140924","588605773","65458832819","177270740099","182303331872","223212591809","317253450392","10852654","6745783","1754467","1701272","1938863","2186721","3271331","4048082","2697701","241830","2689895","4198821","4824157","5269776","373958","8725861","7948754","11969","1068503","2577938","2877647","3934045","6204471"
"20223","11","서울시","CS300007","육류판매","824845883881","15987753","642456236654","182389647227","94382974129","115352139371","124369074054","144340211123","164011837977","117522741962","64866905265","9680835249","157167163097","217696524257","235346450054","192714962494","12239948730","333990328091","428104462532","281682522","21599128559","78900712680","127742097967","210252215402","323321142024","11717376","4270377","1961221","2072821","2172168","2508759","3002407","2592095","1678282","94125","2296539","3612915","4412982","5290590","280602","6656139","8995427","16285","642456","1835481","2840786","4445122","5871499"
"20223","11","서울시","CS300006","미곡판매","130422286929","2471457","114007903367","16414383562","19257231262","24628752731","22726784983","25271113017","22124021374","13352520145","3061863417","7915244427","46704338636","27899256763","33099473326","14024060183","779913594","42165091308","61407146532","15573931","2055692551","6807695378","13710113807","24842123836","56143482849","1997268","474189","360838","371262","400051","422926","442191","358960","115229","90040","626227","611615","709891","408695","24989","954926","1322938","2214","51129","168519","295308","539224","1221498"
"20223","11","서울시","CS300004","핸드폰","105907809145","2695965","86805773447","19102035698","15410646433","17749277393","17386052919","17043762189","19216034513","12732877212","6369158486","1366705131","8151723333","24273984722","32513947736","33545747148","6055701075","53995237045","37907071873","493229932","13657789404","13443656059","25256272281","26118819297","12932541938","2150388","545577","394313","402216","422483","446043","485333","348039","197538","34553","357121","687224","685339","772940","158788","1293153","1333906","38707","605166","634507","468684","557755","322236"
"20223","11","서울시","CS300003","컴퓨터및주변장치판매","762950931155","6044194","693590897148","69360034007","122662805642","123453382370","148649161656","159382529816","139443017664","47250716657","22109317350","176797913","96174926322","235676142717","307202160451","122993459561","727444191","270674311981","114160105429","1089497191","34960036774","64428417764","120675875497","105660612964","58019977229","4874051","1170143","845551","934631","978616","951411","1163842","667056","503087","102111","968901","1706736","1883955","1084863","297628","2738769","2487715","171196","1780986","1068149","914104","872066","419983"
"20223","11","서울시","CS300002","편의점","1191472495304","177700252","876433757005","315038738299","162772758225","167935890309","172302339512","174904089836","198518679123","167699278212","147339460087","117825886266","186730329742","170517309613","172395758659","326938882329","217064328695","715691839214","452646845810","18031280968","298568911464","328234986768","250926523221","186077109433","86499873237","132877183","44823069","24700317","25741472","26294269","26738029","29403096","23796823","21026246","16055421","34559091","27865662","25996601","44094312","29129165","109519296","66328153","4342867","48878400","49056638","35151782","26221615","12196155"
"20223","11","서울시","CS300001","슈퍼마켓","1156167302320","109689530","848599147308","307568155012","158427081487","161992622209","165284708715","168078076821","194816658076","167714521387","139853633625","39927401855","161866369536","204161400160","238501229415","375317190663","136393710691","595864757887","505323947357","6587700634","123974825092","204357347487","242237360185","273565687664","250465784239","81202183","28487347","15263153","15720850","15925097","16237750","18055333","15200571","13286776","4507498","17091005","18308484","19686086","35046729","15049728","62148439","45979161","1768870","19010228","24333632","22885323","22477927","17651579"
"20223","11","서울시","CS200037","노래방","115653297676","4193364","76468009568","39185288108","11522041694","13884805271","15040628580","16262396188","19758137835","22757139505","16428148603","44269679733","1550957601","975692767","3028274099","18607835448","47220858028","85095836485","22255340757","1590549035","17393234920","19988994597","24468365523","29652501305","14258170214","2717650","1475714","471985","481024","504631","544070","715940","815119","660595","802858","36766","167566","415384","1242318","1528472","2536678","1603936","335461","1951208","864859","419686","404344","165076"
"20223","11","서울시","CS200036","고시원","393072116","1653","343943250","49128866","111707616","41256048","31662317","94250331","65066938","34133356","14995510","0","54076034","74945305","85155341","125960599","52934837","136780776","256291340","0","143825235","15333333","34934837","198978711","0","1143","510","557","70","178","210","128","75","435","0","64","717","336","420","116","561","1092","0","1204","33","88","328","0"
"20223","11","서울시","CS200034","여관","65781678930","1478687","41990509829","23791169101","8315527336","7898990833","8007092049","8122535960","9646363651","12536204321","11254964780","17718407206","4384067223","5163603721","7879259651","16838816153","13797524976","43754439467","14897177898","971847271","15445906350","15312417295","11989513671","10072238687","4859694085","953956","524731","186445","177326","183769","190742","215674","267249","257482","329669","78784","153657","214461","393335","308781","1035780","373874","29480","495327","361940","229817","194450","98629"
"20223","11","서울시","CS200033","부동산중개업","7312465602","370587","5841573098","1470892504","902410874","1079266498","1049718642","1321109480","1489067604","1065850338","405042166","171387115","1110101520","1609724588","1902174090","2006016060","513062229","4077907978","2383498032","8929093","735828134","2285451011","1171857567","1462737795","796602415","294499","76088","51948","60916","59139","55301","67195","45850","30238","13075","52034","100769","105818","78480","20411","210671","99631","544","44500","103511","70494","60246","31012"
"20223","11","서울시","CS200032","가전제품수리","13475777422","245693","11476314830","1999462592","2163132956","2183128782","2353728576","2165973261","2610351255","1710637683","288824909","82303831","2546351066","4285523720","3995881889","2447323744","118393172","6030488713","5262265584","40431222","838747841","1343569083","2557717226","2836424696","3675864236","192891","52802","39493","40038","37787","37319","38254","33974","18828","14582","31745","57611","65883","55509","20363","157111","75030","7051","65970","31311","39314","41795","46694"
"20223","11","서울시","CS200031","세탁소","33447054871","2162447","27151413241","6295641630","4989856387","5407717759","6167567842","4840208685","5746062568","5316628674","979012956","373970320","5393562422","7025592224","9098934067","10364477497","1190518341","13545987267","15420464539","72520503","4250921938","7061958659","7353881927","6930895329","3295138135","1666952","495495","322902","324516","378358","311665","329511","369472","126023","57269","304265","429912","515786","718717","136498","1060945","1037131","10131","433899","532960","479900","434363","206735"
"20223","11","서울시","CS200030","피부관리실","51887308748","265437","41001455210","10885853538","6860949045","8561712276","7540755941","8659079490","9378958458","8527984450","2357869088","440970921","2347110138","11662943555","13862002739","19325936365","4248345030","11887564309","38599630108","138195367","9317855383","16837533356","9745733183","8764342182","5684624059","204523","60914","33810","40209","38634","42631","49239","45403","15511","3962","12619","63686","74231","95728","15211","72213","188905","1908","72586","84474","42203","37918","22052"
"20223","11","서울시","CS200029","네일숍","21863204033","271023","16889538155","4973665878","2680917965","3174744845","3838450775","3446034426","3749390144","3453701856","1519964022","53630401","252442443","5339220073","6195563670","9132800920","889546526","3297453298","18273556012","129188967","4209833619","6056822801","5202084850","3828657974","2144841908","212274","58749","34310","40079","42981","45052","49852","41774","16975","388","4382","67604","76151","112648","9850","40978","228317","2671","69305","83071","54380","38446","21434"
"20223","11","서울시","CS200028","미용실","283040571020","6252955","185046328698","97994242322","28331536269","30901988357","37456988247","39287641413","49068174412","60585882430","37408359892","325496377","7982964004","70766605005","94278062243","103940347888","5747095503","114867629925","164225748881","2441118527","47691017227","66275802186","66823726102","59922281734","35939605873","4186888","2066067","714673","710940","825385","875157","1060733","1226759","839308","4952","286872","1629626","1970015","2291050","70440","3512928","2712485","79109","1046400","1378772","1444801","1401086","875261"
"20223","11","서울시","CS200026","자동차미용","13636213152","189586","10950274156","2685938996","1952600267","1802070949","2503524226","2060441502","2631637212","1955696724","730242272","4772258","2536062721","3617667951","4640132177","2520865733","316712312","7005740317","2817159642","707344","427558485","2520706524","3004101534","2278028313","1591797753","141979","47607","24742","24917","29953","29349","33018","30809","16798","293","39618","56913","63660","27001","2101","100490","40631","39","8257","34049","43384","33718","21684"
"20223","11","서울시","CS200025","자동차수리","286564078563","1587733","243887225005","42676853558","41480912011","48730806940","49201005782","50341306653","54133193619","40634487926","2042365632","218702895","45574317809","77429276949","99388865064","63104904436","848011410","183237599309","63947115841","24428483","9817318713","45273469699","60673516346","69082828900","62308063885","1331039","256694","245060","263615","264537","269020","288807","241433","15261","402","320340","454780","532750","276814","2647","1044851","355184","364","66307","266536","340894","372087","353757"
"20223","11","서울시","CS200024","스포츠클럽","136754296373","656812","121945577128","14808719245","27421265289","26370504793","23416433449","21789779951","22947593646","9123465622","5685253623","876444272","14024559562","22833248643","25148627931","55796484376","18074931589","62310191054","68542083327","618178188","37884216064","35461079454","22726137073","23446151146","10716055945","515391","141421","116123","110891","98249","90717","99411","75567","65854","25343","78750","108995","128870","231353","83501","363224","284386","12159","220075","166324","99268","103782","46002"
"20223","11","서울시","CS200019","PC방","119372896087","24220832","76940762764","42432133323","15270004749","14117402323","14146794309","14666574453","18739986930","21780232746","20651900577","17756486940","7297514469","13804512673","21882725552","35873978317","22757678136","97307841479","21964124483","10810811378","62800545293","27818612433","8818371924","7139994597","1883630335","15734230","8486602","3097802","2888315","2904972","3013315","3829826","4346175","4140427","3341278","1456613","2748444","4729081","7463375","4482041","19492286","4722528","3095568","12679577","4949031","1721504","1425831","343306"
"20223","11","서울시","CS200017","골프연습장","82727743958","1779408","56911691610","25816052348","12031279999","11421272614","10678010222","11159208337","11621920438","13221187395","12594864953","3230025764","8001712809","12654885415","15920530481","28739844190","14180745299","54925956175","18606157173","25283695","3344361522","15258478023","22064102574","22564872182","10275173616","1145916","633492","226259","209339","222748","228526","259044","313062","320430","67922","150180","307883","362456","569867","321100","1325803","331360","840","72562","333442","499297","535493","215530"
"20223","11","서울시","CS200016","당구장","32920117706","1567911","23089228407","9830889299","4459457649","4349863008","4546763652","4670409953","5062734145","5302205746","4528683553","2248399105","1178852798","2420986857","5636414682","13358096776","8077367488","24738844452","7304672707","395430504","4671757523","5424201979","6614216574","9198281102","5740145649","1039715","528196","190559","190376","197378","209662","251740","287449","240747","105400","14749","88402","257856","662374","439130","1354620","187118","39838","198168","177940","306275","496056","323498"
"20223","11","서울시","CS200008","한의원","238375093267","6559666","193286213457","45088879810","40120537917","40927471097","35956379125","33639571000","42642254318","41201134441","3887745369","39758835","31770706534","83779594330","72399932735","49832683139","552417694","89751186299","146509589394","231208385","15886849559","37830907760","57603498238","59359053365","65348695070","5564811","994855","1116128","1109363","1086573","1015544","1237203","871462","123393","741","1150749","2165463","1840435","1396187","6091","2881940","3658755","12021","392196","845339","1192905","1507672","2590539"
"20223","11","서울시","CS200007","치과의원","625779758740","4417596","550939991123","74839767617","103425425368","124306739992","109323460618","92299700009","121584665136","71815115687","3024651930","0","83748228311","210052278031","202208043819","128533749733","1237458846","312458525861","310509002890","955898304","49356085366","88884995977","133678166676","166424284186","183667361595","3844200","573396","745576","862572","747048","646554","842450","556710","16686","0","779153","1335622","1502220","797245","3356","2168573","2241351","15649","452245","735889","1046869","1015527","1143664"
"20223","11","서울시","CS200006","일반의원","1603247870829","44547105","1373982161279","229265709550","267845631068","282772357418","241908814151","263849634572","317605724070","221375073480","7890636070","148016987","354427022919","505023629586","478885446136","263354473367","1409281834","601437652142","997406806197","4652279215","219165678341","350473022886","364046004889","354938013958","305569776481","38646863","5900242","8056921","7934588","7064246","7379959","8211149","5524218","376024","960","12165699","12336171","13531201","6485726","27348","20102189","24410638","317734","4638078","8471281","9882058","9473077","11730608"
"20223","11","서울시","CS200005","스포츠 강습","117742527034","494327","108993190457","8749336577","23709726818","22607359720","21762229800","20168119625","20745754494","6699609272","2049727305","285901402","9530391991","18079540486","26080672173","53380401235","10385619747","41766398075","72160198705","245900902","16021206924","29858386385","44998890720","16723339293","6079067515","438130","56197","93665","90264","86322","80795","87084","35180","21017","3897","36946","66249","124069","220371","42795","206150","278350","3397","56724","116323","220794","65014","22272"
"20223","11","서울시","CS200003","예술학원","143151342279","630414","121995789813","21155552466","22493595293","25409960565","24098228819","25385094996","24608910140","15873228132","5282324334","222029557","6675474913","23553434549","51083038575","51834285595","9783079090","58266330250","83296580783","804721735","8354121300","23218259600","77386693859","27134451604","4665476676","557826","72588","111536","117768","107586","113751","107185","56598","15990","1136","27573","107647","257409","211207","25442","249971","375844","4144","40465","133762","352946","75593","18914"
"20223","11","서울시","CS200002","외국어학원","78355941864","195634","73517301424","4838640440","15724985768","14760691399","14254743708","14194214412","14582666137","3166035211","1672605229","508299688","17093082836","14821362506","23949426221","18626800441","3356970172","34069506094","43394217100","85234644","2101227528","19867270353","45015831009","7824825578","2569331074","178467","17167","38792","36865","33013","34726","35071","11934","5233","1624","29297","33945","59997","59802","10969","79303","114396","749","10973","36811","115569","23294","6297"
"20223","11","서울시","CS200001","일반교습학원","838638747832","2653216","677580094947","161058652885","136277028054","135113560712","128850739362","133989764111","143349002708","101470721909","59587930976","4328668975","68516268921","118654851006","233875708252","341989022498","71274228180","359321084108","475431071945","1743768066","6097314811","51674176321","534155894787","221563764698","19517237371","2114725","538491","418727","412597","400712","427456","455233","333786","204705","13927","243212","382892","758473","1050465","204247","1110107","1535929","11610","31077","192774","1704053","648149","58362"
"20223","11","서울시","CS100010","커피-음료","754154945814","98507733","563528623931","190626321883","98364376315","108190962950","113278344570","114979471361","128715468735","103886310075","86740011808","4107127148","110147815252","253771792991","184300944669","164157480782","37669784972","301505157567","370042499092","12814229973","186744282289","190360191861","140062214617","97489587725","44077198763","76255776","22251957","13570754","14882484","15364494","15627429","16810615","12137355","10114602","267578","21644177","31692771","22542258","18841480","3519469","42838370","50071058","2021587","27017135","27193188","18696167","12799269","5182031"
"20223","11","서울시","CS100009","호프-간이주점","845182269304","18864833","584715450308","260466818996","90949559469","104512037143","112542843835","121707591640","155003418221","154973107497","105493711499","203839344330","6546033543","28646374097","20739743487","193213003145","392197770702","491495283241","269200658783","8264200493","239773032912","215075196700","133811188576","112696476560","51075846808","12972255","5892578","2148057","2316533","2486833","2631870","3388962","3391022","2501556","3712876","457868","1714183","998068","4613651","7368187","10642673","7222192","239154","6100013","4860486","2889664","2522245","1253338"
"20223","11","서울시","CS100008","분식전문점","325641586146","30400127","247301138222","78340447924","43213008159","47687515468","50083390593","50341772624","55975451378","44480752361","33859695563","7296471602","28357054489","109231711515","53222635166","102100893029","25432820345","146953718206","144994554564","5774649803","58297710603","69151892189","74513271232","56755796166","27454917532","23504059","6896068","4161275","4590968","4763440","4844803","5143573","3923312","2972756","498225","3304644","9973840","5200686","9485945","1936787","13974716","14989896","645484","6074436","7021697","7072789","5477003","2673142"
"20223","11","서울시","CS100007","치킨전문점","151084642461","5342291","109491551420","41593091041","17486493859","20404684808","21220673664","22226094850","28153604239","23390733163","18202357878","11534675817","583654924","5788785620","8652202833","65189865245","59335458022","85506382785","50254071694","1403355399","23914553048","29699606150","33744777817","31222288298","15775786085","3820752","1521539","616595","715361","738224","762348","988224","837601","683938","290377","39598","325723","407861","2545354","1733378","3031708","2033659","71141","933183","1090036","1204217","1144689","622183"
"20223","11","서울시","CS100006","패스트푸드점","181443450668","15952425","128663905549","52779545119","22824525419","24158188201","25277099270","26044076228","30360016431","27395165256","25384379863","4220094055","12173161963","53792845831","31256029484","64046779926","15954539409","85900483353","76364037137","3235038067","43019180947","42733524946","34931558821","26467961638","11877256032","11601732","4350693","2118729","2228933","2306854","2339827","2607389","2279396","2071297","508877","1493790","4536331","2750922","5132309","1530196","8063833","7255701","389397","4467570","4190015","3055849","2218990","997752"
"20223","11","서울시","CS100005","제과점","288835096151","28299141","211655565763","77179530388","37342752352","39685631136","43654797438","41934810424","49037574413","41986660607","35192869781","279156227","51016353573","72131958311","64907393841","83255973696","17244260503","102660201327","156952503978","2282062490","44214688065","61635544694","64005228641","51542941078","35932240385","21128208","7170933","3829402","4106980","4332789","4211205","4647832","3879141","3291792","26948","5567384","6519445","6031815","8278595","1874954","10434443","16734530","317985","5153181","6573966","6316129","5163298","3644479"
"20223","11","서울시","CS100004","양식음식점","370445681013","8943801","252931804803","117513876210","38135006293","45619519763","49825860482","54162216181","65189202084","66777366763","50736509447","17676878824","1888111740","101307275755","51639046855","134918856785","63015511054","148798621953","152848772543","3506870215","86253478169","94526193874","57882748916","40406841962","19069979484","6355655","2588146","1048251","1178197","1272196","1318752","1538259","1415963","1172183","228295","117299","3404294","1392467","3040894","760552","3672607","4433869","156675","2601503","2402964","1494397","1025656","425240"
"20223","11","서울시","CS100003","일식음식점","309205992598","7803833","239754173422","69451819176","38551020471","44815730840","49103982638","50160716712","57122722761","42189700848","27262118328","8823535617","588615281","94086774636","26228520401","116836191573","62642355090","136959785378","99309117867","2660213768","61623864407","68230166469","46222150888","36205479854","21327027877","6210855","1592978","1047105","1204411","1270603","1288856","1399880","918914","674064","107896","33263","3570268","891130","2573469","627807","3528619","3308340","150633","2093162","1891136","1236716","976428","488860"
"20223","11","서울시","CS100002","중식음식점","293301012210","9501485","216536242344","76764769866","36640922969","41131531757","43630130386","45260535556","49873121676","40492333174","36272436692","5473642588","2398107572","104888636216","35528072338","111424141164","33588412332","141216022420","88111148160","2516026571","42569798518","57901966293","52050263770","46049220251","28239944196","7253536","2247949","1242256","1404932","1477808","1510946","1617594","1180985","1066964","122598","106525","4394418","1385778","2993407","498759","5111411","3322672","176081","1707194","1994415","1897130","1645471","1013764"
"20223","11","서울시","CS100001","한식음식점","3636484687596","102808164","2705428230329","931056457267","463659985002","511186893640","539165222197","558383098741","633033030749","523579926023","407476531244","112396588033","71964961855","994564157392","354590570320","1497391416587","605576993409","1828402162505","1092986594555","15046318900","481154582857","670723377191","619497721897","632307123929","502645261661","80028925","22779239","14405511","15685375","16090794","16298843","17548402","12608275","10170964","2398175","3433861","42561007","12106902","32673431","9634788","55678632","35946909","730840","15915937","20500569","18978948","19648966","15849485"
"20222","11","서울시","CS300043","전자상거래업","40108621487","772043","26231531573","13877089914","4041941850","6330495867","4242060547","5109127088","6507906221","7143621544","6733468370","325927662","1582650114","10017065095","12703842154","14264739684","1214396778","19384738260","17098743609","226459965","7793706923","12272860589","7433980215","4940926262","3815547909","493910","278133","86080","86490","97092","108374","115874","169246","108887","12986","18926","180220","269646","255376","34888","379793","369321","12986","227738","214514","140256","89263","64353"
"20222","11","서울시","CS300036","조명용품","436542634745","3855928","399409073358","37133561387","74643649636","90482705088","84741228506","77101774870","72439715258","32125448190","5008113197","345165364","114422765311","128582663859","147440633870","41788975363","3962430978","218310253516","111963223093","53482973","11026499842","34375890439","84532261493","118406328414","81879013447","3303253","552675","701952","700786","622765","624096","653654","464762","87913","2135","935693","1163407","1232964","518957","2772","2139811","876116","2298","130733","398439","614470","895600","974401"
"20222","11","서울시","CS300035","인테리어","59830063774","942319","49432783333","10397280441","8013553293","10268108166","8497891027","10538248315","12114982532","9033292389","1363988052","338814343","17714127543","16918322458","16762651965","8007869806","88277659","27510070039","16949473160","45379311","1601881998","4002206534","7849415664","13555907933","17404751747","761675","180644","149994","158785","149665","151129","152102","142758","37886","1525","264930","266634","261923","145253","2054","495358","293336","1959","46827","97334","134042","227524","281029"
"20222","11","서울시","CS300033","철물점","52329806700","1565192","44979843866","7349962834","10201401722","9285130216","8150527466","8116493122","9226291340","6245791537","1104171297","64467656","16248937043","14503717411","14581127645","6849480606","82076339","25239342379","13523343662","14530938","1710233996","5061190287","8126846687","11361525183","12488438635","1300345","264847","269571","267704","248805","246992","267273","215820","49027","1030","455416","434832","435157","235914","2843","842958","360865","1763","89097","199166","248857","328777","336170"
"20222","11","서울시","CS300032","가전제품","275863558249","657401","171605650675","104257907574","45664205643","29245451970","29676451233","32241399058","34778142771","51098692312","53159215262","0","13849412987","72330808364","103578016513","84757050351","1348270034","144014265631","121252941746","241189703","12526559071","53629273171","66874410014","67291931518","64703843901","423434","233967","97875","82362","81420","80278","81499","116662","117305","0","44427","173985","229866","205746","3377","361620","275376","1139","42565","121029","143589","158261","170422"
"20222","11","서울시","CS300031","가구","186403086908","546855","131265249703","55137837205","24818558001","30315387568","22944974010","27402882868","25783447256","31259253239","23878583966","59300514","11064736259","51191203653","79169272092","44396563441","522010949","87198405130","82612935218","25959066","6332711721","26636185396","33783367423","44741112586","58286681331","443826","103029","85750","97790","82299","87422","90565","67193","35836","1112","97988","191374","176539","79614","228","272607","213861","1198","53449","97105","102007","128232","104474"
"20222","11","서울시","CS300029","애완동물","16343710173","453174","10883579797","5460130376","2308089983","2001599779","2258665269","1975051459","2340173307","3149690293","2310440083","51479682","737250335","3896700390","5188616533","5827816153","641847080","6903843147","9225179218","102141779","2419921476","3651886758","3425364862","3746135218","2783535737","311627","141547","65283","61915","59540","57379","67510","81048","60499","1612","23798","101238","139456","169444","17626","169518","280439","2684","63658","87331","87852","119619","88804"
"20222","11","서울시","CS300028","화초","97146689957","2550950","68682304515","28464385442","12832425749","11914829923","13206518477","13429241039","17299289327","17976763028","10487622414","398862253","14740735361","26917260693","30450507642","22554111113","2085212895","32713288041","40843487905","642645017","10822312170","17450600192","14961220608","14799324628","14880640403","1663758","887192","294698","296759","309989","325797","436515","537559","349633","3229","271511","721261","760842","735033","59074","937936","1354835","38209","455753","585007","448925","409638","355274"
"20222","11","서울시","CS300027","섬유제품","47283396124","480195","36898791093","10384605031","6264285373","6867281035","7773988588","8591357617","7401878480","6943096137","3441508894","36770303","5483962378","11624536816","19781918241","10131669425","224538961","14066519890","26285255470","8238266","1520172704","4783733838","6539800043","12370683351","15129147150","370337","109858","68589","82963","75112","71531","72142","71827","38031","68","58776","137286","173326","107237","3502","153337","296518","288","20543","51115","73206","136340","168361"
"20222","11","서울시","CS300026","완구","11929344287","212960","8360761221","3568583066","1181591318","1766629151","1650273868","2086944345","1675322539","2308341949","1260241117","40652494","835809043","3297936281","3608068820","3816376666","330500983","8830807351","2409944029","66124977","1444516494","2285221958","2532217210","2277473922","2635196821","132918","80042","21564","21767","27053","29128","33406","50840","29202","1790","14423","50019","70588","70434","5706","151476","58189","3242","40588","44009","45726","33860","42248"
"20222","11","서울시","CS300025","자전거 및 기타운송장비","56500179437","377469","36067440396","20432739041","6162361500","7112016972","8333461163","7097638849","7361961912","11972319799","8460419242","3306013","3739287534","14966176008","20737491384","16580330839","473587659","39850818550","12111708196","195793964","2778629855","10121815344","16899097254","12955374397","9011256693","246626","130843","49060","46007","45626","45623","60310","77159","53684","16","30298","101067","131860","112510","1718","269860","87536","4733","26416","64926","103367","84931","73017"
"20222","11","서울시","CS300024","운동/경기용품","241584837291","1699748","169059175766","72525661525","32889291599","33725015113","33381463407","31904683436","37158722211","40212855470","32312806055","767128246","14045025489","63754974464","87596812414","71919306426","3501590252","136805450697","79401662522","1075629581","17303532040","40876029212","55937781972","54134937593","46878032289","1065874","633874","195819","201093","219685","215125","234152","349417","284457","13926","144011","460642","586358","464030","30781","1000763","622315","16106","185974","319821","348556","377979","374539"
"20222","11","서울시","CS300022","화장품","360654387198","5268870","298913990013","61740397185","59749312070","59597387069","57752379666","62587190531","59227720677","40913962951","20826434234","2771494219","27385316353","102990865685","120440149478","92119535560","14947025903","119554947305","228421145200","1599632781","42300412180","73826857654","95635822398","81954396824","52655768023","3659449","1609421","682769","709364","712368","723566","831382","950045","659376","29668","244039","1244916","1662144","1857503","230600","1520785","3677516","80078","1244069","1152496","921622","943680","856277"
"20222","11","서울시","CS300021","문구","367034351569","12424885","336746150729","30288200840","69845535729","75372811518","64779926407","60484042493","66263834582","20905951719","9382249121","445598844","55223861771","105680925396","150533704439","53874888378","1275372741","94663817626","82144393558","2238883901","17760310996","24686366351","43012713564","51888636337","37221300034","10261211","2163674","2028512","2125756","2023533","2016230","2067180","1401658","762016","2703","1547472","3675656","4158226","2919635","121193","4641916","5301147","396345","1833150","2046716","2750706","1767239","1148871"
"20222","11","서울시","CS300020","서적","105826171156","1968941","90059396262","15766774894","21547475752","18393714009","19801095011","16059668008","14257443482","9600450130","6166324764","7680541","13336766586","32602084612","39148201616","19341953231","1389484570","41988229564","49040217345","1818344603","6502107207","13356815553","30295878449","26064139543","12991161565","1405540","563401","302299","272017","290879","259337","281008","279906","283495","199","178442","510281","655043","571520","53456","810395","1091867","93462","240680","290983","632323","444062","200751"
"20222","11","서울시","CS300019","의료기기","255492721646","646649","239998194323","15494527323","38096237769","58880702944","50637292018","49638847429","42745114163","12380620619","3113906704","127160","42551176271","92467573125","106390721975","14002199532","80923583","177647139018","64805710959","18347166","3987001103","16254878010","68049150858","76464341169","77679131672","563114","83535","117045","117188","107398","108626","112857","63280","20255","6","113432","239340","233796","59964","111","352321","272936","234","16706","44249","113924","148145","301992"
"20222","11","서울시","CS300018","의약품","1598302284182","74042690","1421038143247","177264140935","313656461849","291126840086","275967605958","248311259438","291975975916","152878052097","24386088838","479033546","378640754288","478053744713","479091571905","253588746602","8448433128","789659166126","742037572799","2577323837","87327769387","212696908566","320675448386","381241749653","527177476404","62427128","11615562","14122120","12798214","11217715","10961952","13327127","9676310","1939252","30766","15058705","20140072","20988169","17096661","728317","34363903","39463553","388474","8349938","13888569","15077916","15827465","20295098"
"20222","11","서울시","CS300017","시계및귀금속","278274685328","815677","212533499652","65741185676","42836749119","43824876811","40717121898","40511261487","44643490337","40383844749","25357340927","0","19164305858","86431796407","100356636912","70287398133","2034548018","125388154396","132004711659","780131747","26634205120","50387461087","65130198113","59529168730","54931701253","603469","212208","114181","121157","119998","115644","132489","133558","78650","0","44040","230277","309418","223071","8871","328743","435032","9297","137465","178690","152575","152164","133581"
"20222","11","서울시","CS300016","안경","136213745671","1510769","93962240369","42251505302","18936852714","19010864510","18729149081","17293685791","19991688273","26489677178","15761828124","0","7064126406","33820855319","42673152823","50196261391","2459349732","62579535130","71939339012","1073510561","23156915160","25692527579","31400360437","31601688504","21593848212","1076385","434384","215393","215404","213145","200721","231722","266385","167999","0","73141","340845","432221","621251","43311","553482","951624","38984","448862","308101","282857","266710","159615"
"20222","11","서울시","CS300015","가방","47832296344","1167811","31369739150","16462557194","5617512907","5711262060","6338570475","5851905804","7850487904","9182719665","7279837529","104147216","1511346528","11047791965","17711583391","16104661318","1352765926","15027279731","31128902520","315878728","8156308397","10290289572","9013776920","9636309381","8743619249","744775","423036","141290","139673","156365","149021","158426","225942","197094","1575","51649","239113","393417","431193","50864","355741","802294","19618","264149","237898","204971","226235","205164"
"20222","11","서울시","CS300014","신발","124298590981","1647317","81739633195","42558957786","15513654555","16261378742","16882889400","15373149197","17708561301","25289542944","17269414842","397247002","7569785153","33051080252","45290101513","35699991565","2290385496","54276565967","64722185885","732213972","18360972439","25814634810","19556075181","25245571583","29289283852","1093877","553440","210934","213289","215321","221972","232361","325629","227811","2110","108784","429461","584247","483490","39225","664516","932460","12794","267036","303313","249191","312425","452227"
"20222","11","서울시","CS300011","일반의류","1749939988158","25176085","1094754204052","655185784106","195126867782","208188969631","230980893318","222829413385","237628059936","358413149911","296772634195","4928161894","41967209617","442947654203","651802429159","569570959087","38723574198","635432946119","1075888560958","8768604689","212547134236","347863777632","369211633829","395908729590","377024238176","15812536","9363549","2831597","2959245","3313615","3224754","3483325","5076976","4286573","159723","763615","6472536","8846123","8303007","631081","8662394","16373720","232908","3940818","4963317","5339507","5426733","5132956"
"20222","11","서울시","CS300010","반찬가게","817282648660","28948171","690623065016","126659583644","135505604079","155613637815","126097131872","128568668647","144838022603","96475962547","30183621097","138490926034","196103037251","184682007132","169068870954","100132689493","28805117796","353876801554","324414103756","926928677","37261367055","100753861453","157511451837","175443256873","206394039438","23555014","5393157","4689796","4894008","4615900","4485616","4869694","3366212","2026945","1498346","5743214","9199414","6352655","5407450","747092","13333028","13760617","180923","4514332","6218421","5379013","5632685","5168250"
"20222","11","서울시","CS300009","청과상","802350927011","29663670","589875384449","212475542562","113814310953","119194155016","119359580513","109334840948","128172497019","142300093966","70175448596","11782592890","175936333274","236619406145","241361767283","126445324906","10205502513","334015156198","427758996861","171404255","24020898466","58999294964","106564375292","194775368729","377242811368","20671435","8992235","4010409","4127902","4044168","4014395","4474561","5581071","3411164","133079","4473240","8370797","9434202","6803493","448859","12104708","16963012","20816","955398","2608351","4609590","7263600","13609988"
"20222","11","서울시","CS300008","수산물판매","1277136703147","19276961","690913106941","586223596206","109039586478","123793357885","136278389734","146148276389","175653496455","353194093799","233029502407","32934314543","191646769302","280694181836","313194391686","426249457069","32417588711","683944676282","450017294472","453162819","74283482080","219845125290","244162939233","259523398788","335693862552","10826517","8450444","1823054","1935715","2128608","2225589","2713551","5094250","3356194","247553","2710962","4534912","5390848","6015258","377428","9839104","8342352","10856","1093467","2958695","3399117","4246520","6472787"
"20222","11","서울시","CS300007","육류판매","726623905023","16551519","538899178275","187724726748","97367113171","101752460971","100788321611","105026800955","133964481567","123143425022","64581301726","7666138936","134170620214","176468414774","210523305139","184512538252","13282887708","301667771347","381873033081","262138182","20209390067","76666705043","128419567247","190438692298","267546735026","11614250","4937269","2196182","2175521","2227648","2264852","2750047","2980068","1957201","94191","1993025","3545250","4706839","5885816","326398","6959799","9255875","15360","707236","1999244","3000527","4607560","5885866"
"20222","11","서울시","CS300006","미곡판매","137225427346","2722289","115618682798","21606744548","22906739800","26373056688","22225672555","21212597794","22900615961","18482792603","3123951945","7014775896","47581268782","29884563344","34955471790","17345799312","443548222","47390908433","67168306001","42338439","1218094254","7315083725","18277196289","27090353394","60616199636","2155965","566324","457661","429797","411755","408570","448182","434841","131483","103298","673706","677469","754343","479737","33736","1086962","1417366","1870","53648","198226","314553","614374","1321664"
"20222","11","서울시","CS300004","핸드폰","101720805094","2729143","81923775962","19797029132","18119791523","16678609421","14474429308","17947798694","14703147016","12074648709","7722380423","1484013953","6757613781","27651421833","29697786583","30052360597","6077608347","50457370931","39056424534","708062695","14617216166","15759502048","24879133058","20603913005","12946726884","2174080","555063","440106","431423","436198","404223","462130","347214","207849","32209","377362","722091","668604","779646","149231","1316099","1326349","51710","619398","657603","477163","517068","319544"
"20222","11","서울시","CS300003","컴퓨터및주변장치판매","681502919526","6944841","604412285791","77090633735","124289377458","118635082604","117161895941","109787248555","134538681233","51571281620","25519352115","166784117","91489320605","211772488288","273212680195","103072645960","1789000361","263808600565","122830465779","1680178039","32320476254","71582580873","133583137935","100951446362","46521246871","5388308","1556533","1039972","1127751","1007171","985920","1227494","889229","667304","153702","1044177","1862640","2158898","1323404","402020","3126290","3034509","255173","2222779","1345755","944875","965553","426658"
"20222","11","서울시","CS300002","편의점","1140527360219","172268586","831212433819","309314926400","160909920234","164679953757","165374935625","163246219129","177001405074","165443815521","143871110879","114307021378","174383880748","161303768812","166511733110","312034971057","211985985114","690602237952","428280520438","17274122837","281526347448","320547867426","240195461758","176977421152","82361537732","127706779","44561807","24884158","25805912","25341325","25169068","26506316","23805429","20756378","15653451","32748775","26832521","25632786","42601296","28799757","106849181","63626013","4403849","47136825","48308063","33988941","25074404","11563097"
"20222","11","서울시","CS300001","슈퍼마켓","1151470610930","110059440","831755306084","319715304846","166329155670","165834115900","161117082269","160537771972","177937180273","173814229187","145901075659","38512318227","152593314114","201187116051","243800044530","377259327906","138118490102","590272664052","503439737630","6699438319","117827275226","203475025148","241370689583","272805409959","251534612331","80456787","29602653","15981651","16275796","15865883","15655455","16678002","15767129","13835524","4368837","16214280","18251158","20345196","35489877","15390092","62341315","46143577","1861470","18471017","24604320","23059658","22504257","17984176"
"20222","11","서울시","CS200037","노래방","120160126135","4250790","79849617703","40310508432","12236885992","15614111290","16488032314","16561322412","18949265695","23785595275","16524913157","40915015279","1288506937","901340927","3117318848","20969094835","52968849309","88058171996","23169606934","1490698363","18124688834","21162652909","24323178578","31021469429","15105889132","2746075","1504715","478652","514897","543042","547103","662381","851329","653386","715556","31322","166895","422442","1286590","1627985","2582144","1610280","315377","1987225","886068","410821","415941","176980"
"20222","11","서울시","CS200036","고시원","478793022","1197","328921188","149871834","71123911","13308717","56090820","55020074","133377666","144939156","4932678","0","77502669","60520380","245827005","39276462","55666506","93692283","385100739","0","65199170","55556216","41857567","316180069","0","747","450","88","143","121","85","310","317","133","0","230","272","552","79","64","421","776","0","145","241","140","671","0"
"20222","11","서울시","CS200034","여관","62826691004","1469838","38866753567","23959937437","7413030251","7321068009","7913431768","7845327153","8373896386","12748597188","11211340249","18594492041","4048868891","4444783015","6966399940","15113028227","13659118890","43450618907","14159685685","898696601","15274219126","15461617256","11663472835","9753164328","4559134444","923326","546512","169507","174626","193312","189394","196487","288183","258329","357472","72097","138485","205734","381822","314228","1043886","367610","27140","495414","369975","223488","197444","98022"
"20222","11","서울시","CS200033","부동산중개업","6875393533","378250","5323893079","1551500454","953194264","1224368548","864372996","1311512001","970445270","1070775419","480725035","170623389","928363988","1438707389","1768175803","2130378239","439144725","3970740014","2176010891","5734356","1053515500","1659335692","1180018745","1540216207","707930413","284382","93868","54647","59530","57277","51119","61809","62195","31673","14794","51705","91659","112373","80747","26972","210372","100612","1001","44243","117155","59125","62201","27265"
"20222","11","서울시","CS200032","가전제품수리","11781030489","231720","10036328336","1744702153","1914030896","2083216886","1965130344","2226152654","1847797556","1590793918","153908235","55141766","1665684201","3478513369","4416806371","2025569927","139314855","5967470354","4042851551","34017526","706919856","1643433848","2003979439","2592239598","3029731642","175329","56391","36242","34698","33001","35482","35906","35622","20769","11826","25685","53672","64679","55676","20182","156651","64681","7197","73819","30505","31761","35660","42376"
"20222","11","서울시","CS200031","세탁소","50294854251","2581620","39146548737","11148305514","8982086556","7174468874","9116776827","6181903648","7691312832","10061167460","1087138054","285085464","7073457185","11184285001","14589306557","15856887509","1305832535","20766268272","24819914633","90189565","4969174854","10396188573","11733247909","12208883284","6188635856","1952396","629224","419766","366449","460844","323184","382153","505790","123434","46990","357813","551297","651731","850860","122929","1234841","1283566","12548","431439","613280","598321","566729","296076"
"20222","11","서울시","CS200030","피부관리실","51594128226","279861","40119943268","11474184958","7306479899","8469201147","7861629994","8092586534","8390045694","8865948123","2608236835","428113842","2410493348","12100335542","14541868228","18681129454","3432187812","12950304831","37466902522","67527490","9072729353","15949825755","10022447603","9847771571","5455869707","212507","67354","37442","43665","40098","43254","48048","49615","17739","3823","15126","69442","80066","97470","13934","75435","199600","1367","72122","90187","45877","40880","24580"
"20222","11","서울시","CS200029","네일숍","21877067735","263104","16476868932","5400198803","2575608499","3279773401","3241597396","3505574404","3874315232","3805695611","1594503192","43977479","229199989","5100894443","6417319858","9054485990","1031189976","3241710569","18265184028","107645426","3800148910","6433964794","5482824298","3751068226","1931251523","202009","61095","33275","39094","40268","42328","47044","43429","17666","283","4785","64783","75395","107968","9890","38764","221989","2087","58935","83258","56409","40697","19368"
"20222","11","서울시","CS200028","미용실","287935591315","6493202","181713609401","106221981914","29124046980","31664164126","37314131815","37040910162","46570356318","66495532559","39726449355","304239630","8236788303","70543597911","96052520371","106510363563","6288081537","115916026856","168812621975","2228363731","48091626436","70148215884","67702690158","59798317289","36758735099","4193597","2299605","756443","732489","849637","837134","1017894","1379200","920405","4588","288055","1662046","2043923","2416136","78454","3616377","2850092","78236","1084420","1466415","1485454","1445722","906198"
"20222","11","서울시","CS200026","자동차미용","14706548028","228111","11338799674","3367748354","2036519950","2172951666","1887095833","2262571073","2979661152","2335106302","1032642052","3174647","2747006881","3850300530","5327756902","2704640778","73668290","8151685358","2846377529","4488838","458069544","2640134049","3723020888","2577657211","1600070142","160501","67610","33058","33110","27600","27994","38739","43525","24085","187","43944","65083","81069","35700","2128","126128","49417","153","10559","44072","53817","41183","25801"
"20222","11","서울시","CS200025","자동차수리","264258434819","1481320","222954527456","41303907363","43133089434","46246684497","44442801304","40838504464","48293447757","39216143333","2087764030","51556562","41808100000","71011680870","92459623908","58098069932","829403547","169968637193","56415895032","36959007","8440613852","39692567519","56872467631","62649480327","58692985990","1217106","264214","254249","249571","232776","219469","261041","245875","18339","314","300121","426890","498101","253563","2331","962348","329288","341","57755","238954","316475","343776","334318"
"20222","11","서울시","CS200024","스포츠클럽","142765287566","641987","127147615547","15617672019","32449221489","29961305745","23109619186","20982962634","20644506493","10046755952","5570916067","678303428","14969554189","23046143699","26754954797","58608325580","18708005873","68246635683","68889033968","784388021","38086397124","39463357202","22698716761","24926105104","11176589096","499677","142310","119985","110434","91791","91130","86337","80150","62160","19403","86353","109913","121316","225055","79947","349169","281814","9098","204769","169962","88117","111002","48027"
"20222","11","서울시","CS200019","PC방","107516446001","22268079","69209142150","38307303851","13289991556","12953779957","13697806227","13840744237","15426820173","19924474326","18382829525","13449155027","6419125307","13223138120","20720864856","34111042326","19593120365","88699320599","18770037676","8456816665","56959948652","26559165843","7398243335","6378194222","1716989556","14417051","7851028","2726745","2694257","2856270","2926030","3213749","4088578","3762450","2646854","1223721","2638530","4536113","7214085","4008776","18157009","4110034","2500545","11819354","4874481","1458974","1291884","321808"
"20222","11","서울시","CS200017","골프연습장","83387573400","1745867","56997232929","26390340471","12856282382","11440686456","11190713365","10828811608","10680739118","13546950977","12843389494","2702797475","8652080257","12627732034","16892093012","28248668720","14264201902","55336681651","19005278004","17775451","3524074083","15469655089","22060680725","22588163886","10681482867","1110382","635485","218807","213186","226525","219113","232751","317481","318004","52956","151803","311867","360836","553515","314890","1294753","325167","576","69096","327422","485089","521395","216306"
"20222","11","서울시","CS200016","당구장","32727429351","1547390","22935093303","9792336048","4185953659","4690786790","4902370437","4420276790","4735705627","5361114689","4431221359","1913858898","1474883475","2596534161","5187627905","13777179527","7777345385","24869395500","6582771043","332042389","4606614299","5202350339","6437235273","9096712508","5777678131","1024663","522727","189216","198853","203963","202738","229893","290857","231870","87020","15915","85141","251740","666049","441525","1347325","175212","32550","199707","180099","302516","483807","323901"
"20222","11","서울시","CS200008","한의원","252333565572","6707799","200018147503","52315418069","44664387317","42293688867","35488242752","32104912095","45466916472","48200179530","4115238539","6012248","32159294602","90639937145","75078089727","54023868787","426363063","93843024436","156393495857","192398096","15300543988","38472639131","60239177069","63363699881","72668049739","5641496","1066303","1239771","1141326","1074524","925280","1260595","942216","124087","500","1144441","2207618","1884453","1464514","6273","2956924","3730727","11774","369604","868769","1220571","1560851","2656042"
"20222","11","서울시","CS200007","치과의원","632652618024","4421320","550417227900","82235390124","113500695515","126874775580","105984537766","84481824259","119575394780","78896749207","3338640917","0","83856531554","221281815944","200492106651","125653171480","1368992395","319077640453","310621781232","680903467","49790292504","88604483844","129681748527","168542236689","192398461577","3800498","620822","826894","865049","701064","575348","832143","602865","17957","0","776897","1333579","1500112","806984","3748","2191867","2220960","11530","452678","729604","1000493","1010677","1207736"
"20222","11","서울시","CS200006","일반의원","1602065282680","42388750","1350049530484","252015752196","289734943378","287747990557","226452277625","231389032053","314725286871","244593087272","7422664924","226574837","351626709322","507793100784","476419358124","264565888784","1433650829","596923446798","1001085801657","4078602131","210453068491","351835628787","356582323429","352427138042","322632405409","36315979","6072771","8399717","7479365","6201388","6183019","8052490","5743823","328948","950","11292885","11616632","13086063","6366903","25317","19167581","23185927","315010","4135991","7960536","9394248","8965420","11582251"
"20222","11","서울시","CS200005","스포츠 강습","121587743320","515083","111508866383","10078876937","25799933114","24342870442","21051827498","19259063475","21055171854","7785025856","2293851081","198272787","10158531932","19848741536","26208689506","54961588015","10211919544","41729913417","75903338450","245814453","16799879320","31001873301","46702150736","16806302147","6074416786","455096","59987","105331","99101","83351","79038","88275","38341","21646","2475","36116","84918","128744","221683","41147","206483","295998","2843","66111","124587","220104","66809","21979"
"20222","11","서울시","CS200003","예술학원","132090570538","616330","111498625670","20591944868","22179253201","23937848028","22202588821","21924088954","21254846666","15999209952","4592734916","96313784","5806063073","20218236172","49403337940","49085475144","7481144425","52530637652","77821164772","503142811","8863920657","23510032321","70517182358","22943986737","4013537560","543315","73015","113625","118997","107524","102262","100907","58074","14941","680","22372","97377","257840","216240","21821","242366","368914","3126","43460","134666","340261","72434","17337"
"20222","11","서울시","CS200002","외국어학원","78873995856","190387","73421859246","5452136610","16838583315","14846340750","13671207457","12950031176","15115696548","3710724674","1741411936","414507130","17262846545","14605758558","24691252332","18368623849","3531007442","34546664828","43704745209","76671966","1907623122","18633257479","45564728435","9015453163","3053675872","172086","18301","39073","36778","32276","29935","34024","12971","5330","1010","25738","32079","61390","60027","10143","77650","110954","598","10064","35729","112584","23774","5851"
"20222","11","서울시","CS200001","일반교습학원","783405278996","2481734","621450670979","161954608017","133288711976","130624879539","121014768713","111639839365","124882471386","103702183154","58252424863","3705407058","60134540285","101638127681","219252551666","328698882795","69975769511","337956241119","442830188367","1375715085","5682167685","48419515759","497148985787","208344293926","19814733295","1946758","534976","415445","400787","385655","342770","402101","338801","196175","14855","188376","348570","721401","1006154","202378","1046669","1429517","8783","27400","180127","1598794","603824","57248"
"20222","11","서울시","CS100010","커피-음료","752260195980","98290345","554933927399","197326268581","102229864135","113232803100","111845309642","109780743183","117845207339","109145952147","88180316434","3444128435","105040999773","257111732222","189611810413","159799365150","37252159987","301991331441","369077358735","11693427220","187018659667","194994797421","137679384599","96753512786","42928773834","75051535","23238810","14416960","15574770","14954069","14591559","15514177","12819072","10419738","224860","20714548","32207901","23294424","18421972","3426640","42803891","49987200","1952928","27350688","27552840","18343895","12600260","4990449"
"20222","11","서울시","CS100009","호프-간이주점","877090965860","19585955","604485104767","272605861093","96483906049","114814326109","121569736051","123208524274","148408612284","166567505216","106038355877","186037601412","6000956939","29242673587","23243427786","204975053872","427591252264","505777393276","278527037169","9537145103","246464634973","224232563217","136957555608","115152140208","51961513224","13359230","6226725","2251722","2542745","2653708","2659391","3251664","3675920","2550805","3350597","431388","1776107","1076019","4901734","8050110","10992876","7543938","261181","6326435","5156939","2968576","2560783","1262956"
"20222","11","서울시","CS100008","분식전문점","328825875880","31373896","243626657445","85199218435","44365480983","49198777379","48774137796","49026926403","52261334884","48958488914","36240729521","6932136914","28422627275","108744227478","55266843976","102628353311","26831686926","149267675846","146219457510","5999442783","58839431675","70849877325","74291437265","57530441050","27976503167","23711945","7661951","4430529","4804553","4766006","4727131","4983726","4393411","3268540","481631","3323029","10184666","5520266","9811318","2052986","14526066","15411432","697443","6242924","7304606","7264134","5625758","2802661"
"20222","11","서울시","CS100007","치킨전문점","156789148031","5720357","111967929875","44821218156","18366716016","21727143461","22179645018","23022744863","26671680517","25356667522","19464550634","11101469156","591279414","5986360466","9506509744","66730449855","62873079396","88243161545","52776388266","1528580508","25336232490","31647177119","34446607870","31933151761","16127800037","4009909","1710448","655146","762592","792364","815668","984139","941836","768612","294850","40441","356973","467472","2694605","1866016","3220947","2213344","79917","1030759","1194798","1264513","1205178","659123"
"20222","11","서울시","CS100006","패스트푸드점","174205832357","15639742","121861500817","52344331540","21960525197","23812673145","24037818298","24768262356","27282221821","27299682182","25044649358","2871407283","11356220110","51915858482","30592809794","62403977007","15065559681","81930294509","74321726211","3056637978","40954932375","41414541784","33360351659","25738534945","11727022029","11265851","4373891","2130080","2262695","2254435","2217160","2401481","2321925","2051966","366618","1447856","4493796","2784902","5087265","1459305","7806682","7214704","385377","4340765","4118926","2981075","2212357","982867"
"20222","11","서울시","CS100005","제과점","295396865346","29343900","211717274121","83679591225","39047690203","41218236872","41993533055","42258099475","47199714516","45442571336","38237019889","361288295","49913240361","72736236145","67548239903","85904044372","18933816270","105770692448","160425782791","2390945244","45062264002","63468916553","65480033879","53076770299","36717545317","21486280","7857620","4110027","4291950","4341400","4172500","4570403","4238519","3619101","32818","5522544","6667796","6390146","8663936","2066660","10871264","17314742","337439","5322187","6861434","6529971","5349660","3785303"
"20222","11","서울시","CS100004","양식음식점","375414918515","9167776","250501197434","124913721081","39102077698","47238505346","51680415435","52586172370","59894026585","72451249740","52462471341","14383078116","1951852817","104401662140","54552114061","136802968441","63323242940","150575672144","155776559647","3249004234","85039348291","99225830337","58577864162","40473134151","19787050547","6408778","2758998","1092220","1253905","1298110","1294231","1470312","1549663","1209335","193188","107311","3525160","1478422","3101498","762197","3757882","4561192","156604","2629581","2532967","1522842","1035946","441045"
"20222","11","서울시","CS100003","일식음식점","319685695587","8007743","244434799437","75250896150","41881618086","49588304414","49101885427","49031345970","54831645540","46852371357","28398524793","7472225193","574869058","96136035073","28003259238","120069054882","67430252143","141525546965","99673402114","2477920315","59965731802","70758854546","47099020795","37728576776","23169717009","6282647","1725096","1143417","1296503","1254854","1233224","1354649","1012605","712491","93550","33649","3661847","934862","2621987","661848","3635801","3361031","149658","2119280","1960479","1254496","995715","517127"
"20222","11","서울시","CS100002","중식음식점","289514177058","9492558","209259778467","80254398591","36186108349","41175374607","42349158969","43683777813","45865358729","42757929255","37496469336","4901384623","2191775405","102396090141","34873340082","109783457542","35368129265","140648107358","85972372888","2319625985","40703202286","58545189298","51371133857","44950228711","28731141706","7099884","2392674","1256700","1402000","1452976","1464232","1523976","1262536","1130138","105298","95658","4394997","1388064","2993066","515475","5151417","3278152","169582","1673055","2024423","1888388","1637510","1036569"
"20222","11","서울시","CS100001","한식음식점","3731650757503","105615572","2724692401791","1006958355712","485499125465","538134492710","545304479519","552954128672","602800175425","573799637520","433158718192","95890960285","68949074804","999612055283","367776738439","1539260938959","660160989733","1882168631734","1119964165956","14918887202","481971659277","703417721779","638174559153","648191084047","515455687816","80925995","24689577","15423453","16306128","16154675","15974436","17067303","13819761","10869816","2021724","3383534","43709021","12702852","33510094","10288347","57223092","37045837","752834","16308306","21429337","19383349","20091788","16303188"
"20221","11","서울시","CS300043","전자상거래업","25537813875","560771","17884086431","7653727444","2204088691","4153235356","3405308043","4549297373","3572156968","4499911714","3153815730","579823681","1748508657","5054625395","10361202991","6474715333","1318937818","9744725398","13452155962","128415540","5320721799","7169658097","5220639208","3623195553","1734251170","357772","202999","66295","74766","67073","71732","77906","121056","81943","17887","13675","118345","201679","177276","31909","243181","292319","13630","153606","135032","98526","64365","70342"
"20221","11","서울시","CS300036","조명용품","420007330222","3812234","375338965402","44668364820","78357055455","70908175662","71194189993","85772062569","69107481723","38091664869","6576699951","172973429","90205445737","129823934154","148601686135","49932095836","1271194931","213885766865","94716388625","11262558","8456466855","34375509644","86455345914","107345647117","71957837822","3245995","566239","691945","598455","600893","731780","622922","464345","101894","2465","852685","1145310","1294251","516551","972","2125088","897219","1645","129190","404021","639337","929050","919070"
"20221","11","서울시","CS300035","인테리어","49707552406","803961","40775282960","8932269446","8227741710","7056430634","8282370494","8513103625","8695636497","7472715325","1459554121","18487195","13866700487","13156905696","16105832530","6473783866","85842632","22552271805","15741217301","98272156","2012068597","4528331896","9757513830","10317311126","11566524780","650668","153293","132859","126907","123184","141699","126019","115606","37687","438","205492","235837","247614","113141","1439","413941","263363","1441","35713","92989","124290","195113","227429"
"20221","11","서울시","CS300033","철물점","65672345532","1397922","56328557578","9343787954","12701640784","11550270620","9884014856","11124033464","11068597854","8159248269","1184539685","37459325","16571913610","19390657212","19485764805","9600804436","585746144","31344433164","19026842893","19220560","1661017229","6115975252","11686689743","14707706920","16180710683","1167602","230320","246872","224198","228552","242251","225729","181311","49009","519","371796","416598","421859","185785","1365","738147","336112","2487","78410","186607","228961","293489","284302"
"20221","11","서울시","CS300032","가전제품","259605426815","698125","159622929009","99982497806","41667332916","29855815528","28545778648","30180724401","29373277516","52162113861","47820383945","875680","12449175787","66373136413","100186467344","79796431819","799339772","138427970775","114981905462","234228830","11711342142","51159434715","67783529502","66359639711","56161701344","439870","258255","98649","80250","91995","87693","81283","132295","125960","42","40762","181956","255450","216181","3734","401173","281515","1538","49020","142573","156575","169769","163223"
"20221","11","서울시","CS300031","가구","163508848507","478646","111027605489","52481243018","21780576694","24423197525","18375452383","24527095201","21921283686","31552152212","20929090806","2391839","9391356990","44117097112","70871283057","38512090757","614628752","69551080933","78384984066","5307788","7598164587","21990299701","33046466377","41816065710","43479760832","378743","99903","68057","74519","72478","84190","79499","60204","39699","27","78487","155640","174201","69729","562","232878","203626","312","45034","97194","94244","107858","91861"
"20221","11","서울시","CS300029","애완동물","16301929063","443825","10179714787","6122214276","2145799444","1985840702","1897013568","2056122395","2094938678","3441250831","2680963445","91032373","710618867","3663354736","5661654810","5620771585","554496692","6692486113","9337099666","53204904","2371293834","3347243949","3751139628","4105931563","2400771896","303271","140554","61649","61507","57998","59625","62492","80162","60392","945","17558","102391","149395","160017","13519","171169","269940","3396","65499","86110","83667","117546","84887"
"20221","11","서울시","CS300028","화초","69690156140","1718865","54729083470","14961072670","11210879935","10038695031","11173878441","11346597257","10959032806","9406556355","5554516315","258350137","10452983623","19904739005","22295433569","15239727938","1538921868","23875175113","27493952504","288969855","7220657832","11348681674","11333983996","11302652218","9873898624","1295114","423751","264013","239136","250696","262962","278307","257440","166311","934","173965","514750","534906","467825","26485","657325","858079","15081","310188","400062","296532","270780","222737"
"20221","11","서울시","CS300027","섬유제품","37889467877","403355","29344382273","8545085604","5837180096","6312838357","5037567559","6407049267","5749746994","5451987422","3093098182","49360","3751205794","11621674241","13849429268","8577888054","89221160","11776807854","19206478825","10509267","1090587522","3856860159","6681392136","8742381852","10601555748","312200","91155","66084","57641","59527","65145","63803","60340","30815","221","48829","116880","157228","79037","1160","146723","224306","394","17330","41196","76772","104141","131198"
"20221","11","서울시","CS300026","완구","9661855789","157367","6171540302","3490315487","1250213774","1247835075","1285762717","1098513534","1289215202","2149962995","1340352492","25177956","518249077","2915399351","3488191481","2613364286","101473638","6662670058","2251080906","85861674","1364526880","2002403879","2489040040","1400624902","1571293591","87989","69378","17011","16132","18094","16282","20470","39227","30151","562","8029","37662","58180","50993","1941","101346","51853","3095","34365","36878","40031","19089","19737"
"20221","11","서울시","CS300025","자전거 및 기타운송장비","35456968934","207376","21613603103","13843365831","3358771732","4638762181","5182797228","4566475284","3866796678","8734637701","5108728130","5209266","2215430055","9273009115","14557560868","9179112388","226647242","26088939056","5990091658","95919482","2138251510","7847715541","10075819865","7713311563","4205313815","139209","68167","24540","29395","27017","28923","29334","40187","27980","24","17014","60932","84161","45067","178","141975","46563","2486","15818","32094","51586","46728","39733"
"20221","11","서울시","CS300024","운동/경기용품","216605525484","1293787","145852843956","70752681528","28799145160","27490701442","31437624004","30408129644","27717243706","39774339616","30978341912","18317919","13287310638","58478753343","80035785946","60621438772","4163918866","126424804138","70986316107","920102962","16797127924","39840467909","53843759959","49272379788","36737512552","811155","482632","151178","153313","168255","163698","174711","262905","219727","377","92292","347237","491745","344283","17853","786699","457793","14859","159368","265853","269445","275940","259042"
"20221","11","서울시","CS300022","화장품","337768425962","4723031","283236990970","54531434992","55672190982","50082564685","53723036321","65615408772","58143790210","34390857843","20140577149","954795290","28015047717","97287737838","113932102324","86117178360","11461564433","110385610342","214397399308","1614310071","40727541788","69677423680","88555667627","72731979068","51486748242","3333551","1389480","656959","614195","656613","693331","712453","801711","587769","9738","190753","1102288","1589816","1661726","168710","1367999","3290607","74594","1185164","1020969","800584","826696","750741"
"20221","11","서울시","CS300021","문구","339620340941","12171671","309981003429","29639337512","63368848169","59413289289","59379132144","64421959761","63397774066","18867691130","10771646382","7074035","46624948490","103582048265","134284256421","54087312575","1034701155","83880737370","77951762812","2106507934","15933313410","25782225007","42166365403","46437895838","29407375567","10142310","2029361","2075176","1989951","2053316","2138749","1885118","1228006","801355","265","1399077","3698091","4258286","2726747","89205","4582223","5140750","312944","1714707","2022318","2825722","1714150","1133245"
"20221","11","서울시","CS300020","서적","120586046728","2238713","102325734088","18260312640","19043725806","21213136476","17858415857","18946520893","25263935056","10237022428","8023290212","1595906","12194068952","33321663994","50196765883","23199808435","1672143558","47516655514","54934421939","2961795072","7714121091","13191973178","35710207519","31764684470","11108296142","1666696","572017","339414","326685","309160","339176","352261","286266","285751","88","176554","561776","800843","646966","52486","934885","1238271","140061","276220","273075","729374","550120","204310"
"20221","11","서울시","CS300019","의료기기","234801555403","620899","223965963009","10835592394","40104782284","48335517082","44071233783","48073451123","43380978737","10263137257","572455137","2666667","35789665002","81912057461","96453672620","20574255050","69238603","161231386152","56161320970","28539991","3394041656","9485810183","58664562257","68165940325","77653812715","554954","65945","114623","110061","102509","119118","108643","53728","12217","23","97029","229866","231824","61960","197","338922","263863","1137","19289","46068","105815","137650","292819"
"20221","11","서울시","CS300018","의약품","1790940675510","82720014","1576589064042","214351611468","340812995866","295535561310","281606561353","318495693954","340138251559","176620399681","37731211787","451482466","400913042455","544936187883","540503610981","293688228366","10448123359","869958309189","825911021463","2714645679","108384832676","248683696491","358413355662","428421697567","549251101199","69390693","13329321","16080491","12493218","12301953","14249696","14265335","10683740","2645581","27203","15509191","23425787","24137607","18870811","749415","38455530","43663001","347518","9620394","15690849","16796991","18222282","21440470"
"20221","11","서울시","CS300017","시계및귀금속","272147902816","716237","205760920169","66386982647","39484437336","43982870542","38942468303","41716929069","41634214919","38739151472","27647831175","0","13223214863","85818983456","110082170716","61348852764","1674681017","128684600028","119805389771","771361631","26930028645","49317881235","57351833419","57117477757","57008349192","522313","193924","102494","100441","104343","108315","106720","118661","75263","0","33985","198419","288847","188637","6349","301070","368970","10438","134393","163362","126275","122622","112976"
"20221","11","서울시","CS300016","안경","118445947355","1310084","81228272926","37217674429","16161192566","15470468272","16337988787","16263506762","16995116539","22527758144","14689916285","769100","5672345423","30061367517","40297487572","40865519788","1548457955","55388724469","61793457855","965531906","20436092837","22517222808","27859673645","28415661273","16988174810","931233","378851","187835","177652","185670","189713","190363","224108","154743","6","58206","308062","415000","502206","26604","484701","819703","33779","386872","269795","240059","238559","135372"
"20221","11","서울시","CS300015","가방","31970630537","727009","20852429733","11118200804","4216050189","3763333065","4575342620","4326014050","3971689809","5168271488","5949929316","95638681","766621510","7054405474","12569050053","10793883903","691030916","11706552997","19243941031","186515106","6052197886","7153651404","5356690116","6889744808","5311625043","472015","254994","93838","90854","89277","93634","104412","134834","120160","778","22861","168014","236261","273746","25349","253653","463811","12394","187413","155215","115212","133421","113803"
"20221","11","서울시","CS300014","신발","95177694873","1033671","60469487393","34708207480","10854266822","12651610738","12029875902","11397350622","13536383309","19445452137","15262755343","526417874","7868542173","25969975751","33793164403","25904988016","1114606656","47969564138","43884653188","710904655","15706823986","23066387400","15402680679","17402669352","19564751254","697485","336186","126471","143097","137111","147661","143145","185941","150245","1801","80851","264105","384261","287688","14965","465677","527642","9725","181060","220904","161009","181479","239140"
"20221","11","서울시","CS300011","일반의류","1404383923336","17643986","845233680630","559150242706","151945767486","165922137080","184026156348","166709309652","176630310064","303102414927","256047827779","3299893718","30559660126","336183718719","560699958900","450129311242","23511380631","543866095723","831620604747","7178844161","185564589971","308156990178","304841703144","310562668050","259182406470","10895226","6748760","1993881","2161883","2313381","2177636","2248445","3556850","3191910","131629","490836","4325883","6577058","5811153","307427","6353715","11195765","173833","2988007","3750047","3787743","3754899","3094997"
"20221","11","서울시","CS300010","반찬가게","727539743661","27090528","602974647068","124565096593","123070569093","107203762543","115216517408","121379505138","136104292886","92306875958","32258220635","95980724533","172487330506","170620417700","168966517750","94876091614","24608661558","329773003620","286667216923","679723900","31667977926","97495921584","155213622350","145489106418","185886004715","21689713","5400815","4584616","4166740","4147325","4458941","4332091","3242044","2158771","1253413","4979987","8679431","6370805","5139553","667339","12632408","12802726","136286","3947708","5881511","5102247","5338632","5028527"
"20221","11","서울시","CS300009","청과상","847883240337","27848399","615308389474","232574850863","126106490660","106264240406","121059643868","122209792756","139668221784","145600890738","86973960125","15176267031","164263318874","257269851564","269355987569","130123026051","11694789248","355295825948","418877163041","195600029","20353663565","60395029917","128725637400","199230414506","365272643577","19388062","8460337","3986545","3656739","3669109","3961166","4114503","4965579","3494758","112895","3362369","7983749","9831797","6172411","385178","11481694","15833102","22115","895873","2573415","4502248","6928895","12392241"
"20221","11","서울시","CS300008","수산물판매","1231500606907","20154946","662220585435","569280021472","139518444859","137228381382","126262283773","109554822772","149656652649","348876341444","220403680028","29469547486","184553585426","304178493249","363223970345","336671315705","13403694696","678011007896","447992356866","500067820","71663700651","217479530009","224398764367","272095924659","339865377253","11232004","8922942","2326391","2229295","2107020","2025576","2543722","5366344","3556598","190638","2596915","5110304","6659380","5381222","216487","10321243","8931215","9680","1108482","3011383","3429087","4685757","7008080"
"20221","11","서울시","CS300007","육류판매","854123968569","18145609","595771484300","258352484269","121942299418","98599438262","108327571128","124853701193","142048474299","159325005272","99027478997","5864275095","129115629433","231032778470","279133798803","198982120113","9995366655","360455166858","439635160707","232395943","22413683742","85733187778","139929985349","224085370794","327695703975","12225245","5920364","2547435","2190211","2275279","2456828","2755492","3460219","2460145","68931","1977819","4348115","5749665","5732267","268812","7696502","10128361","13001","742413","2152577","3225397","5112300","6579248"
"20221","11","서울시","CS300006","미곡판매","124443842160","2523010","101453076618","22990765542","23174020415","18688900294","18804212687","20839004037","19946939185","18078876751","4911888791","3506029100","36469482175","32678586062","35488829050","15860447869","440467904","48906168325","64816115401","27304347","1641649271","7022314308","18772902675","27468910334","58789202793","1961477","561533","448809","359846","364451","394169","394202","398946","162587","68606","532451","682596","796869","424475","18013","1013204","1372883","2062","48330","187297","310034","556150","1282216"
"20221","11","서울시","CS300004","핸드폰","88888678903","2387732","71020492932","17868185971","15760532562","13288826864","15983822387","11425496738","14561814381","11720821539","6147364432","303192048","5039347115","23631615728","31432800725","26328947029","2152776258","44347965495","33600822127","724271719","10902460306","12555817942","21226805050","21244913003","11294519606","1944582","443150","396111","366231","383572","409489","389179","298969","144181","11800","363113","700481","651947","608534","51857","1111440","1192151","46580","557132","563539","408464","435412","292459"
"20221","11","서울시","CS300003","컴퓨터및주변장치판매","874739159194","5969715","748765836241","125973322953","149862339874","142103355819","163465769198","163274093698","130060277652","75360724158","50612598795","94096350","87961900652","264908935662","350015544366","169175405527","2583276637","365314299082","174450336550","3038187180","51711551950","99104922477","194223930184","138440274979","53245768850","4724321","1245394","931281","889175","873272","1023791","1006802","712896","532498","63928","806702","1721621","1969030","1148894","259540","2765010","2409831","123486","1749994","1093125","922374","869903","415957"
"20221","11","서울시","CS300002","편의점","1027363253350","142649062","754735531098","272627722252","151842687763","145679065931","148713136847","152992688368","155507952189","147083371243","125544351009","74556920801","148251307471","147964196071","153351165859","302101153952","201138509196","626145938318","378373568446","12539607824","252187012514","295573791118","213262090652","157612923917","73344080762","107071357","35577705","21547877","20899419","21176581","22145395","21302085","18954051","16623654","9369383","26452870","23041113","21346885","38035572","24403239","89496119","51475830","2889119","38908416","41270422","27585945","20720505","9597531"
"20221","11","서울시","CS300001","슈퍼마켓","1129908449321","100470378","810218980638","319689468683","169929736594","156022011679","156929542603","162454470496","164883219266","173295354061","146394114622","28077036174","133654328466","204784111726","254839603743","375360297728","133193071484","585170457525","494159704502","4751987878","117524123240","204583238333","240468224629","269548112605","242454400002","73433652","27036726","15220525","14407169","14474329","14860516","14471113","14360637","12676089","2931124","13555126","16978484","19518338","33647224","13840082","57144535","41955008","1098664","16720818","22816638","20843323","20881742","16738313"
"20221","11","서울시","CS200037","노래방","48743107045","2051633","32498311559","16244795486","6004468600","6509023358","6413812908","6600442664","6970564029","9929936932","6314858554","3946711465","530724185","726043365","2855563308","22480435234","18203629488","36685295966","8628570629","877168813","7400579476","7473770554","9432896408","13179385124","6951048578","1309751","741882","251236","261840","262989","256881","276805","411117","330765","17778","12952","124517","371581","1125409","399396","1298942","732045","192986","1047123","372680","150745","186278","81173"
"20221","11","서울시","CS200036","고시원","340474767","945","290647952","49826815","67138686","49493198","77831986","13128872","83055210","21984733","27842082","0","48218961","91908561","3907959","143829820","52609466","169026472","171448295","0","22167206","65954199","48000000","146029019","58324343","823","122","196","89","278","24","236","55","67","0","60","315","10","435","125","521","424","0","186","165","141","277","176"
"20221","11","서울시","CS200034","여관","57599055076","1366632","36875032871","20724022205","7343618030","7336773430","7278290529","7151437930","7764912952","11384965076","9339057129","8167021550","2877247265","4549785750","8339783181","16874308247","16790909083","39160560631","13668644798","1038517317","13106668800","13341539727","10958660014","9420609084","4963210504","863718","502914","164100","170447","175432","174589","179150","270209","232705","163541","51007","137401","215737","406638","392308","969313","350615","31300","463550","332416","202747","190268","99613"
"20221","11","서울시","CS200033","부동산중개업","6489737378","348155","5125887884","1363849494","1243912861","682944836","608912114","1492764465","1097353608","776016648","587832846","68941934","632502638","1339131020","1710026341","2196184476","542950969","2992402659","2893272900","1384830","1091335113","1896893750","1120734238","1345499595","429828031","255524","92631","51667","45800","46380","62898","48779","51133","41498","5401","44048","92032","101090","81726","23858","198510","103062","357","54888","104984","59873","50078","31394"
"20221","11","서울시","CS200032","가전제품수리","10324073483","214917","9085304848","1238768635","1783509985","2375238297","1746164325","1692545380","1487846861","1086243541","152525094","13781248","1518436816","3244751831","4240773061","1230599679","75730848","5719589851","3506304519","30403479","572518733","1108505516","1735921529","2899936875","2878608229","165313","49604","35060","31950","31483","34270","32550","31678","17926","2181","31178","56674","73298","43904","7682","147668","57967","6819","58009","34782","25995","36892","43132"
"20221","11","서울시","CS200031","세탁소","34252087522","1967625","26762183245","7489904277","5709628106","4635395247","6161805420","5235587558","5019766914","6605019948","884884329","192485803","4506451054","8126837188","10576572277","10056401249","793339951","14450936920","16042871103","89444990","3960180068","7561978345","8144601223","7319265958","3418109286","1484793","482832","324126","267894","333433","282601","276739","382761","100071","29448","243436","449866","542212","616314","86349","966064","948747","9761","357559","486866","449441","419313","191810"
"20221","11","서울시","CS200030","피부관리실","46675924585","232966","35476081219","11199843366","6778876877","6489285109","7151833240","7585128336","7470957657","8481304937","2718538429","212061745","1833989598","10890240583","14243154886","16570170778","2926306995","11260195119","34217248273","75621652","7695857340","15326073430","8438216616","8395907656","5544889903","175275","57691","33119","31549","33204","37414","39989","41648","16043","1696","11205","57818","70862","80929","10456","61639","166727","1408","59818","75938","34942","33903","22349"
"20221","11","서울시","CS200029","네일숍","17032721267","213628","12508911933","4523809334","1996140681","2386905751","2479104485","2854179349","2792581667","2869153225","1654656109","23094853","152356432","3945422097","5243913187","6947832132","720102566","2351697136","14435277021","104509907","3306733015","4969874309","3733259272","3069942738","1602432950","159929","53699","28142","29815","31165","34787","36020","36285","17414","134","3994","50484","65959","85298","7759","31888","179783","2453","54144","63452","40711","34460","16434"
"20221","11","서울시","CS200028","미용실","261529254560","5860072","163020894529","98508360031","26319736906","28495085264","33187141747","35394697484","39624233128","60484673233","38023686798","174909967","6391771841","64270274830","90927455320","95007403620","4757438982","107197905360","151310570027","1955274012","43375759772","64264938455","60739297598","55335859056","32837450003","3763241","2096831","682419","650429","752666","801535","876192","1232652","864179","2337","225870","1536740","1960467","2079830","54828","3315957","2518689","67825","973996","1341225","1333805","1312960","804794"
"20221","11","서울시","CS200026","자동차미용","13378755715","233184","10044318801","3334436914","1852146909","1955505820","1749102954","2250034192","2237528926","2058587392","1275849522","2379838","2064045819","3830272559","5313843554","2121677813","46536132","7196277424","2900694218","1114112","424500488","2544423866","3062925687","2421657477","1642350033","161776","71408","31980","28909","29012","36795","35080","40320","31088","127","39648","73406","89720","29065","1218","130469","46883","53","9723","44584","53451","41739","27820"
"20221","11","서울시","CS200025","자동차수리","234461126652","1367595","195270624208","39190502444","39323660980","37179057589","35951232691","41792155266","41024517682","36938572354","2251930090","36630883","34603844661","66379477479","82953354280","50026694726","461124623","149796538125","51540190238","41365080","7903292383","35466170505","49574383795","56384509546","51990382916","1120136","247459","236588","203758","204666","237098","238026","226622","20837","194","250145","407912","485068","223007","1269","890988","302002","467","54347","224928","287959","318243","307391"
"20221","11","서울시","CS200024","스포츠클럽","130054862064","534931","113150395746","16904466318","28389048640","22013542162","20499528225","21976772060","20271504659","11050856774","5853609544","88341715","14334597879","25739013329","27176354132","55172489270","7544065739","59096053326","64916091530","598283493","35545154143","36616535401","17572331577","24085559050","9589972884","421346","113585","103780","82696","77687","80586","76597","62660","50925","1100","69806","110501","126338","203039","24147","283160","241375","5685","159088","149285","64747","102164","43542"
"20221","11","서울시","CS200019","PC방","87548644726","18628567","56185106774","31363537952","11066104948","11308214341","11716116259","11066098774","11028572452","15805481551","15558056401","298266680","6106834867","15355952897","25696014883","35244711328","4846864071","72718322222","14807599980","6635564238","46488778032","21380629360","6144904605","5533888944","1342157020","12135056","6493511","2387935","2433552","2519755","2403791","2390023","3271039","3222472","47418","1250516","3069767","5528174","7644173","1088519","15190907","3435606","2068675","9945889","3997892","1212005","1143624","258429"
"20221","11","서울시","CS200017","골프연습장","76918480627","1610735","50251553460","26666927167","10775195320","10332808086","9887595863","10076939376","9179014815","13530041400","13136885767","348004055","6530003534","13351506819","18480497850","30508273738","7700194631","51372136437","16450561529","24333454","2521968351","13410573670","20007741450","21358454952","10500811172","975242","635493","184733","196949","209897","192843","190820","309798","325695","5648","113496","316027","393265","612158","170141","1214077","281929","489","48742","288831","448562","495572","213807"
"20221","11","서울시","CS200016","당구장","27411575599","1330494","18424442182","8987133417","3612315962","3899618426","3520103368","3498065260","3894339166","4861482900","4125650517","181214660","1258719720","2389907146","5837707461","13560499739","4183526873","20542384318","6013247181","262486706","3330593286","4057329846","5487493352","7909255502","5508472789","853067","477427","163371","172617","175792","165187","176100","258514","218913","4571","11321","82721","294818","714682","222381","1158467","149853","28805","151026","135564","245989","442220","304703"
"20221","11","서울시","CS200008","한의원","223508438157","5921472","177968761003","45539677154","42643076211","33597666020","30331001727","33408979539","37988037506","41404438698","4135238456","17342315","26302987320","82397240910","69640067792","44673072006","477727814","83993992457","137408169997","184355874","14354354464","36083987547","50553470156","54907826296","65318067876","4927589","993883","1117391","877859","910565","943954","1077820","868873","125010","1111","906202","2029056","1756339","1222732","6032","2640160","3264151","9119","325946","756840","1036961","1364611","2410803"
"20221","11","서울시","CS200007","치과의원","593389119289","4060467","516075225855","77313893434","112611929011","105454061944","92201080266","94945067976","110863086658","73686507912","3627385522","425554","77067352863","205343878227","192324126138","117898026585","755309922","301608687421","288935631478","552801235","47430930061","84018550416","125118779210","156606689594","176815970503","3495136","565331","797239","693005","618538","638416","747938","547529","17802","28","693471","1261449","1393951","708639","2929","2018335","2033499","10662","421298","663634","919459","941291","1095429"
"20221","11","서울시","CS200006","일반의원","1599945530342","41426090","1343482963113","256462567229","295123239632","248355642044","212314902417","275097094706","312592084314","244999299660","11463267569","119598215","351152595136","507206333080","489683862697","249885828049","1897313165","598783470930","997161703368","2770192153","200547561169","330198476194","343802916043","392772650321","325851471507","35628961","5797129","8518951","6337389","5928843","7304745","7539033","5441770","355359","463","10394556","12153189","13146116","5710830","20936","18813715","22570375","208200","4410889","7772189","8917855","8966837","11108099"
"20221","11","서울시","CS200005","스포츠 강습","113846661122","496447","104473879624","9372781498","24393010909","17712915523","19509248094","21089448774","21769256324","7110618817","2262162681","101465729","9514999450","20329138664","27503575898","50518253146","5879228235","37727923388","72788408676","172446783","15547101553","29059336760","42401185701","17187698507","6148562763","442895","53552","104190","73194","77438","84037","104036","35899","17653","876","32727","91101","135822","212983","22938","193044","294616","2294","57967","116271","224108","65095","21928"
"20221","11","서울시","CS200003","예술학원","117199333369","532611","98727958425","18471374944","20696923660","19227839447","18794541379","21407130242","18601523697","14128416490","4342958454","123355142","5067380163","21795185269","43045841688","39979725127","7187845980","48009254613","67920389165","344616920","8115239559","18650687407","61705357722","23044426407","4069315767","468632","63979","99465","91640","88077","101371","88079","50620","13359","644","18711","103129","218512","172842","18773","212299","317037","2884","41000","105235","293620","70315","16277"
"20221","11","서울시","CS200002","외국어학원","66996751602","178293","62256012866","4740738736","14345699797","11772695446","11044418366","12450113594","12643085663","3284387687","1456351049","428852649","13881493332","13493412392","20345159485","16066648338","2781185406","29384384579","36830253064","76827034","1923039727","14853643077","39178036720","7886121578","2296971764","160893","17400","38067","30162","28042","33098","31524","12436","4964","1041","24516","33848","56046","54208","8634","74206","102569","629","10698","31116","104441","24158","5727"
"20221","11","서울시","CS200001","일반교습학원","749678618188","2365894","598778777623","150899840565","130400916427","113817284575","112427596680","124437992803","117694987138","97104578208","53795262357","3029163243","54723822527","113475102101","222318991763","296662624099","59468914455","326597298709","420765453811","924607169","5092786489","38485749017","472315892605","211161782051","19381935192","1869618","496276","409279","375347","342963","380445","361584","314429","181847","12730","198102","372922","707155","908551","166434","1005925","1355036","8282","26484","154403","1505142","610662","55982"
"20221","11","서울시","CS100010","커피-음료","584458209693","76896059","434411839477","150046370216","82528056394","84357817815","87407354842","91009667410","89108943016","81488931858","68557438358","853683546","82436740933","202506754473","158302904052","124573615536","15784511153","237403226646","284497512191","8582880595","151040490107","152534169969","103262528903","74590668818","31890090917","59237608","17658451","11492278","11570341","11842200","12502687","11830102","9560888","8097563","61370","16422408","25738453","19155778","14008703","1509347","33987394","38460447","1330364","21494243","22008612","14010839","9742767","3860984"
"20221","11","서울시","CS100009","호프-간이주점","474097654312","11323196","333107502149","140990152163","59580328157","64677699494","63890009298","68012576832","76946888368","89512157948","51477994215","11454942754","3247765805","23064072396","20140319869","225657363397","190533190091","271072112887","151790814173","9664850655","133180145246","110355166953","70705028088","65709076765","33248292413","7903046","3420150","1440122","1540776","1533931","1593273","1794944","2088125","1332025","77592","283996","1413031","936809","5220193","3391575","6263469","4439565","257974","3582720","2731016","1662337","1604433","864440"
"20221","11","서울시","CS100008","분식전문점","274305139311","26813020","207042529409","67262609902","39825859196","39711525450","41203369939","44008825370","42292949454","38638034463","28624575439","2345254509","22222646803","95219249683","49326864199","89182095391","16009028726","126275321615","119748253032","4469267553","47525985761","58355010020","62093430379","50062134421","23517505909","20572299","6240721","3974783","3971378","4104037","4375819","4146282","3580844","2659877","201637","2690007","9097032","4930473","8504934","1388937","12627698","12894176","523488","5223270","6273370","6181085","4945365","2375263"
"20221","11","서울시","CS100007","치킨전문점","102904093471","4722251","73515235320","29388858151","12422162433","13872223122","14816357331","15373853389","17030639045","16542262348","12846595803","1576394552","350252028","4973672318","8335438524","58547226387","29121109662","58569531081","35773489517","1199127667","15776910850","18860639697","22950813386","23370446513","12184976896","3320803","1401448","552633","625607","669618","684613","788332","776922","624526","82745","27693","305159","459837","2651503","1195314","2699276","1817568","66277","822117","945714","1051518","1050974","580163"
"20221","11","서울시","CS100006","패스트푸드점","151720895784","13220699","107373254303","44347641481","19716190090","20603051410","21724034848","22433864416","22896113539","23214859247","21132782234","1459243147","9118568816","45828963167","28052745123","55759544062","11501831469","73030857992","62502118465","2234085351","33124548671","34968861574","29902211101","24374417669","10928852179","9600464","3620235","1838060","1869143","1942973","2003773","1946515","1906825","1713410","150400","1184366","3906252","2474503","4461410","1043768","6728146","5911132","269289","3457921","3470482","2593480","1977636","870488"
"20221","11","서울시","CS100005","제과점","282002647200","27689531","204193029681","77809617519","39236571665","39953113680","40925224507","41468314878","42609804951","42830560608","34979056911","146957244","41927159316","70941708731","69720762788","83393020609","15873038512","105207561694","150759287468","1993562906","43912600432","61206906367","62976514457","51911752517","33965512488","20389889","7299642","3982151","3937307","4150895","4210380","4109156","3969676","3329966","14699","4736775","6415321","6492900","8304519","1725317","10547488","16104567","272926","5089556","6544276","6161528","5125004","3458833"
"20221","11","서울시","CS100004","양식음식점","276595772314","7109048","185138023790","91457748524","31037897057","35378720809","38121179715","39183748744","41416477465","52471622239","38986126285","1790220145","1113710118","80729339845","46822400185","119783283842","26356818179","113634140782","115427561012","2884872871","69303509131","72513119287","40303109465","30247919654","13809708955","5051611","2057437","902833","975216","1031048","1063587","1078927","1133806","923631","19133","73745","2866953","1292965","2562580","293672","2982285","3451725","134558","2063981","1915689","1135954","840554","343261"
"20221","11","서울시","CS100003","일식음식점","250914972888","6622096","193835088210","57079884678","34466693843","37276871458","38340287356","41796930654","41954304899","35321199682","21758684996","293702812","522306912","78611520849","25275908014","114066167305","32145366996","111364071896","76527319192","2033829420","49163179198","54321175246","35019266858","29878059783","17475880653","5231014","1391082","977911","1013313","1036967","1118666","1084157","806001","585081","4707","26760","3082201","860198","2336348","311882","3053583","2689161","115903","1764586","1602077","993704","839247","427176"
"20221","11","서울시","CS100002","중식음식점","235331009652","8450678","171898026185","63432983467","30508651506","32833036405","34868118215","36761101645","36927118414","33952157491","29480825976","665066064","1822409237","90205139161","32100896826","95496110168","15041388196","116508271000","68100467711","1762041102","32209704236","45781374230","42372366043","38736026847","23747226218","6342014","2108664","1142118","1218418","1281522","1367175","1332781","1113562","995102","26368","81868","4069776","1356295","2685819","230552","4650273","2789725","124444","1384642","1745871","1690081","1527533","967418"
"20221","11","서울시","CS100001","한식음식점","2743080447165","86009003","2033569783376","709510663789","378297379034","393146919845","403400129681","430922194216","427803160600","407301225960","302209437829","6790347894","55274971153","795995258937","319939983692","1297030566320","268049319169","1412698673915","791472754434","11904108424","348847139998","495832526331","454764271792","502371854498","390451084713","66553874","19455129","13055407","12871021","13157858","14035216","13434372","10943077","8512052","212532","2801547","37069013","11722651","29862882","4340378","47380381","28795322","586929","12600509","16810034","15519891","17012452","13645954"
"20214","11","서울시","CS300043","전자상거래업","30983847302","638918","22339534942","8644312360","3314675210","4826216043","3578140873","4846599850","5773902966","5597297135","3047015225","584848981","1098510075","6857456925","10296396092","10607524216","1539111013","13988830775","14060988828","323508916","6207238893","10319115630","4329065908","4278992296","2591897964","399763","239155","63442","75973","76354","81914","102080","142609","96546","16298","14615","128085","215215","228936","35769","250193","360039","14705","189420","182668","92773","84087","46572"
"20214","11","서울시","CS300036","조명용품","476439166527","4524172","434385941086","42053225441","84428237243","94898842547","83419663360","77827541157","93811656779","36073327688","5979897753","248819997","120004484097","133233347226","181451583276","39270653153","2230278778","255420213216","95214454756","79324738","8400139859","33712988350","98793261318","134210060743","75438892982","3890537","633635","790653","803196","758762","716504","821422","523958","109677","2593","1027903","1367139","1553191","570684","2662","2507752","1070067","4238","196819","461598","781163","1059533","1074472"
"20214","11","서울시","CS300035","인테리어","56277051270","990054","46929860962","9347190308","8550901029","8030885636","12391338210","8450818252","9505917835","7556891629","1790298679","36199947","17924753629","14723338718","17473969223","6076036199","42753554","25156189682","18610788816","24812178","1568523973","4419225177","8186325925","13903462615","15658029534","800664","189390","152706","149994","167594","158805","171565","145749","43641","1070","261124","284329","302769","138942","1820","490626","335157","1757","50494","101282","150818","242447","278745"
"20214","11","서울시","CS300033","철물점","75459037049","1697285","65161507031","10297530018","12974807565","12598628767","12226398201","13199550122","14162122376","8365695435","1931834583","34287639","19738441082","22495628464","22860485980","10217264050","112929834","34912003276","23435552060","26792271","2662096315","6915831766","12588186073","16843279981","19311367070","1416913","280372","292181","277792","270551","278408","297981","218798","61574","779","454029","518593","501464","219704","2716","895323","416045","3196","113024","215344","264499","363462","351861"
"20214","11","서울시","CS300032","가전제품","286913823874","797758","178098177230","108815646644","43105535463","30207954009","37203052368","31113481601","36468153789","55697202507","53118444137","0","14495192514","77557590568","109516521681","84253754671","1090764440","147700666650","125602943579","253806245","16299343032","49924950993","69431175361","72417555569","64976779038","511396","286362","110678","95547","99871","96263","109037","143561","142801","0","53034","217294","294137","229646","3647","430497","336356","1848","67847","138174","171075","190747","197160"
"20214","11","서울시","CS300031","가구","216759476198","672224","145646731716","71112744482","33267243644","24731150404","32458828251","25521592914","29667916503","35898862444","35213882038","101017538","14933624675","62920299615","92718396788","45686696611","399440971","97020794119","101579087250","79593010","9605369551","32279223348","42772757028","63188234745","50674703679","513800","158424","98292","98747","103064","104041","109656","94523","63901","1012","113216","193777","238389","121109","4721","301972","306936","1868","86631","138458","134407","138855","108706"
"20214","11","서울시","CS300029","애완동물","18309810257","503310","12225332093","6084478164","2455585417","2352736624","2316080720","2455992438","2644936894","3457411642","2627066522","49149828","672346459","4077244225","6489019352","6254596991","767453402","7423073712","10175497488","121858280","3161344689","3520589950","3810145788","4364179986","2620452522","353861","149449","71143","65662","68960","69834","78262","85712","63737","1742","21225","112864","167060","181487","18931","197664","301855","5442","86034","91166","98162","130374","88336"
"20214","11","서울시","CS300028","화초","73745252563","1643265","57070215290","16675037273","10198652026","10113978633","10320952918","12679216589","13757415124","11794359436","4880677837","256126444","11076971398","19809186293","24001036410","17219498690","1382433328","23959241500","27230715253","288237934","8509991370","12594620319","9800605433","10429403763","9567291557","1243351","399914","201117","215585","232843","258586","335220","260479","139435","1098","152830","484246","502828","473597","28666","637084","800935","17772","374830","397089","241176","230120","177030"
"20214","11","서울시","CS300027","섬유제품","56517729428","505084","44128100311","12389629117","9888660418","7765286344","6084344544","8946615437","11443193568","7136531420","5253097697","0","7569350674","16346985468","19687447765","12503320519","410625002","15978720393","32618549579","30164657","1959688777","5793020995","8577648528","12189750527","20046996500","380478","124606","72328","77214","72104","78548","80284","82459","42147","0","55129","142357","196711","107335","3552","160864","308645","1137","29581","58281","71971","137979","170575"
"20214","11","서울시","CS300026","완구","32067051820","644297","18112437538","13954614282","3526373510","2622290351","3198060897","3894213008","4871499772","7926765643","6027848639","49832101","1208008664","7717080127","10416471066","11256974187","1418685675","20341169756","10529305013","281122555","3445526983","10668549879","9439123374","3457179312","3578972662","345282","299015","65539","54557","61893","70002","93291","169914","129101","2213","22844","146460","218820","231890","22070","384766","252495","8892","89909","241577","184005","50229","62655"
"20214","11","서울시","CS300025","자전거 및 기타운송장비","36752537104","258214","23778668648","12973868456","3773497184","4451777480","3943845429","5794899217","5814649338","7635425859","5338442597","2083706","1584323134","12038117119","11961968631","10809559015","356485499","25748142910","7448521635","168277071","2550900274","6586536767","10302300463","8047589204","5541060761","167590","90624","32166","29421","31439","36282","38282","56796","33828","24","19860","82072","96198","58909","1151","182413","61086","3467","21060","40636","68713","57332","52288"
"20214","11","서울시","CS300024","운동/경기용품","261076283926","1544215","177294647852","83781636074","33726506729","30777769824","36194381695","35119266080","41476723524","46057315690","37724320384","369893220","14743376318","68852164816","101463985510","70825812945","4821051117","149375708262","84696582767","1165050750","24371083276","42723822776","70398132090","53401419832","42013415377","967965","576250","185027","180234","187679","196856","218169","311176","265074","6493","119388","423092","575401","393130","26711","908677","564519","16328","178708","286751","316082","353476","321859"
"20214","11","서울시","CS300022","화장품","415594323256","5938336","342533641862","73060681394","61844218731","69680723710","64985197036","70275287800","75748214585","45375094521","27685586873","2619204200","30910823274","113338814726","141890141913","110756362130","16078977013","127391719204","272543084352","2443605961","60378574408","93187682343","102751991328","83098524531","58077105516","4290720","1647616","768713","802823","833868","888045","997271","979506","668110","24002","255937","1363938","1902236","2128554","263669","1558937","4301607","129639","1704261","1254224","951702","962568","858325"
"20214","11","서울시","CS300021","문구","444946628726","13609284","410595114146","34351514580","74233325966","84379836011","89423133106","81425953640","81132865423","23474629332","10876885248","2827009","68577294720","139156697975","171787879361","63862463154","1559466507","103276441916","83110628713","2533566461","23465678732","30013871991","47543462833","54081297011","28749193588","11319166","2290118","2077458","2247423","2315006","2288799","2390480","1479668","810450","478","1578559","4108981","4676215","3104871","140180","4970358","5794098","402136","2295145","2370691","2842207","1734308","1119902"
"20214","11","서울시","CS300020","서적","113684991350","1934377","99795641529","13889349821","19490312687","16662915307","17890366933","22698364582","23053682020","8418133566","5471216255","645416","15547660265","27308481156","47809037727","21821750154","1197416632","45133141568","46712464476","1200352385","7440961992","19495160237","29742117552","22553593648","11413388152","1448650","485727","287561","271325","287491","297208","305065","259494","226233","31","139528","477342","685461","590881","41134","791016","1060327","82501","259064","324818","629213","356030","199715"
"20214","11","서울시","CS300019","의료기기","260722578555","687762","248651361036","12071217519","46706725254","51497368146","41848276472","54958348206","53640642958","11193746257","877471262","2681603","35514050690","111085422217","98676374994","14419203996","1024845055","190934655224","56767523507","138170727","3642602411","22499177210","67483251267","81188078008","72750899109","614800","72962","113104","122849","119643","125459","133745","59180","13782","536","107753","265857","247300","65328","988","380116","290118","1635","19362","52911","122423","156790","317117"
"20214","11","서울시","CS300018","의약품","1595639706395","75228876","1433115361468","162524344927","289110774545","286535062169","279789200525","268134452141","309545872088","139603381518","22920963409","330615957","332300681483","502965820513","515915910369","236479861390","7646816683","798633764039","716878745543","3197437046","98319772436","218411812900","329293221638","371720355062","494569911761","64574702","10654174","13794526","12669733","11837371","12073330","14199742","8767785","1886389","26148","14351641","20896094","22738646","16572902","643445","35181381","39862351","470058","9690949","14465631","15578788","15695691","19142632"
"20214","11","서울시","CS300017","시계및귀금속","327738317392","827020","255708608517","72029708875","50669876018","50682990257","41216095362","57650252008","55489394872","44155871151","27873837724","1437229","19292328981","103883828708","131482757391","71527440579","1550524504","157200595740","129709552440","828610233","33389785569","55859780185","63933265725","70268060897","62630596763","625374","201646","120047","115626","119187","123278","147236","127840","73806","72","41212","235857","323057","217634","9188","343834","427469","12584","159078","177087","146557","145467","130543"
"20214","11","서울시","CS300016","안경","120595649290","1399588","85302742760","35292906530","17152072435","16533079239","16017651966","16795341483","18804597637","21523831122","13769075408","1479038","5940915799","30202297140","40480327697","41975144108","1995485508","55059187189","64213896151","1331164646","23899009827","23402112203","27946005665","25692065258","17002940315","1017701","381887","199502","192734","197004","197226","231235","230177","151710","6","64040","323435","429657","547519","34931","512996","881616","44488","449377","274361","257559","229046","139776"
"20214","11","서울시","CS300015","가방","49045742837","845984","33611671196","15434071641","4693704892","7083783733","6770573419","6261552633","8802056519","9255841717","6178229924","83213359","2432557410","11754313047","15842199019","18068559267","864900735","15535876878","28890078114","280298957","7405294861","9756313179","8447392060","10068060543","8468595393","569955","276029","105649","105825","105572","118154","134755","142702","133327","873","44910","204011","273923","297880","24387","271965","557989","14246","194430","168849","133024","166021","153399"
"20214","11","서울시","CS300014","신발","146895685822","1653663","97828161765","49067524057","20048131818","17830743345","18184353760","17992520013","23772412829","27231434145","21836089912","453361496","9072798303","38854353053","52172127733","44121273875","2221771362","69442753774","71914502178","1362371670","28379007923","33407609719","21886287881","30308085574","26013893196","1104347","549316","208820","207817","213371","210547","263792","308689","240627","2454","96349","432613","606687","486476","29084","717173","883206","18342","328655","340159","244860","309491","358861"
"20214","11","서울시","CS300011","일반의류","1875674669278","21918841","1172470067053","703204602225","222683961621","218262140298","226263364172","233604284966","271656315996","376732567163","326472035062","5810709088","45405591396","452011513583","717516525830","610878928511","44051400870","710014892323","1112749948127","11503786767","272766357202","401473519193","395868674607","403354957626","337796492304","13958275","7960566","2602764","2530323","2784899","2824118","3216171","4285076","3675490","162836","671325","5527052","7892049","7140852","524727","7722982","14043512","261809","3932026","4487469","4520918","4613151","3951106"
"20214","11","서울시","CS300010","반찬가게","816394762671","29184314","694530831691","121863930980","127002734940","149431266459","134393693683","129378527421","154324609188","92476084770","29387846210","121882076659","192614100925","199460842269","181771849550","92745174709","27920718559","362064766459","318382948114","908345297","40119983604","112603627092","162923159024","177228119120","186654182183","23830460","5353854","4473918","4749964","4737593","4690408","5178577","3396013","1957841","1606855","5641980","9216652","6649489","5307837","761501","13657363","13666728","175823","4877222","6195647","5607654","5681675","4786046"
"20214","11","서울시","CS300009","청과상","911166267334","29464705","678580009496","232586257838","117699379980","121758991211","140888142515","149310993616","148922502174","152784245962","79802011876","16102872322","188610366654","269486743153","295037796554","130768141581","11160347070","363194267382","495628866862","436196880","23992204082","86248172695","131411539820","222016591421","394718429338","21191797","8272908","3844459","3997258","4083019","4431895","4835166","5132600","3140308","109032","3917016","8665436","10277337","6099132","396752","11818181","17109141","32376","1132129","2856613","4805583","7226642","12873983"
"20214","11","서울시","CS300008","수산물판매","1253342507953","20656698","707040863196","546301644757","105927293242","113595231302","122787106227","133415472752","231315759673","337324808673","208976836084","33677875926","175324235701","278653414608","353116218929","389239950485","23330812304","669409620444","448392586040","700567634","113598471640","231349819297","222797855085","262835358590","286520134232","11902678","8754020","1956754","1957676","2067411","2294247","3626590","5325588","3428432","251239","2713154","4903170","6444146","6032421","312568","10447504","9156454","14827","1787477","3312557","3544283","4736545","6208274"
"20214","11","서울시","CS300007","육류판매","869225016555","19736158","653282993191","215942023364","104709220748","120727153989","116144817700","131183196367","180518604387","141382932810","74559090554","7676060707","139212217743","218454229854","288951121201","203071920307","11859466743","360214181278","452275335196","624910682","29101514553","101021684448","153977832623","237399367671","290363582634","13991064","5745094","2533755","2493422","2565783","2740770","3657334","3497907","2247187","90736","2145785","4456614","6250929","6483810","308284","8263741","11089919","26601","1045780","2481850","3748080","5635616","6415760"
"20214","11","서울시","CS300006","미곡판매","151082370134","2853453","127293410410","23788959724","25483838744","25169685055","23814924067","25323985074","27500977470","20019031330","3769928394","7467724291","46765878716","37920200011","36916389033","19834314278","2177863805","56735044386","79604295683","36554415","4563630408","8492089618","22756302297","33885713072","66605050246","2287807","565646","465445","438473","461908","448368","473613","436951","128695","80938","643441","787390","860457","450938","30289","1145597","1545200","1622","88611","204502","345077","667258","1383709"
"20214","11","서울시","CS300004","핸드폰","115548833321","2676977","88126237948","27422595373","17473895753","15294372058","18402088568","17615474062","19340407507","20677762060","6744833313","527403610","7399262799","32672709127","41067723689","32010608283","1871125813","54090851159","42392000361","1256699281","15106921340","13975983221","26947397527","26586665429","12609184727","2131340","545637","414270","401979","426511","416468","472112","347171","198466","15799","359737","792425","735065","705605","68346","1244723","1327081","66296","670298","551922","497009","493834","292423"
"20214","11","서울시","CS300003","컴퓨터및주변장치판매","1173104451336","7511169","1051026335446","122078115890","209022832484","213714059549","197901976622","197781190364","232606276427","74845300856","47232815034","116083240","120773241167","354529868597","494574172976","197427961254","5683124102","403146606257","194511063594","2320848559","61367137864","115800290485","201891594316","158132804904","58144993709","6187580","1323589","1139314","1208093","1251652","1195807","1392714","746911","576678","121962","1187558","2087452","2402578","1377585","334034","3272104","3208588","297470","2403300","1026504","1190680","1136503","426249"
"20214","11","서울시","CS300002","편의점","1098808811087","160739314","808605304142","290203506945","149906091183","154454105267","158334881379","160799217226","185111009087","156540422071","133663084874","95881957089","164225669740","154009480444","159729692718","313707833752","211254177344","672054062843","404422025402","17303384568","307323730918","297756496867","226937343706","157671077390","69484054819","120461555","40277759","22444901","23462933","23792965","24140296","26620460","21565390","18712369","12810702","30563393","25159907","23559120","41455971","27190221","100950445","58120252","4050473","49762749","43267824","30850419","21730252","9409020"
"20214","11","서울시","CS300001","슈퍼마켓","1268263226313","115113268","925810737219","342452489094","177782233831","177738486755","177405028820","180019547272","212865440541","190087524742","152364964352","34483841735","154794693557","226242214520","284873919449","422454534483","145414022569","644076859344","565023125101","7791484488","151804409116","226228461942","279663800691","293074812661","250536962308","85103618","30009650","16352900","16530767","16685467","16746589","18787895","16171583","13838067","3781479","16223574","19224974","21988227","38208876","15686138","64703449","48818362","1827996","21877849","25138870","24445534","22976812","17254695"
"20214","11","서울시","CS200037","노래방","94972100833","3102291","63979476831","30992624002","10156567336","12259086943","12900782916","13186871584","15476168052","18131612958","12861011044","27724166057","1140220894","786975197","2915239386","24022528315","38382970984","71914819721","16072627155","1381875474","15060756750","16266612511","21098589014","23741573964","10437587595","2011633","1090658","356112","366627","384872","398102","505920","609036","481622","426230","23174","132237","373873","1194615","952162","2009238","1049632","319514","1498830","544369","289425","292067","114583"
"20214","11","서울시","CS200036","고시원","534952183","1445","315046215","219905968","14003600","62351069","8452455","194124993","36114098","190426405","29479563","0","40729433","235502318","15741373","173647578","69331481","257661892","277290291","0","248062389","26186875","22922140","107417445","130363334","853","592","49","152","33","494","125","523","69","0","161","484","77","546","177","692","753","0","657","121","79","262","326"
"20214","11","서울시","CS200034","여관","72653823218","1557003","48592328506","24061494712","9213131165","8931792232","11407699592","8809645542","10230059975","13566886726","10494607986","14506953985","3828095589","6190855477","11428239722","19898991229","16800687216","48086867194","14734267920","1294529713","17942916437","14403898471","11615672040","13106027921","4458090545","978359","578644","181845","181184","188846","195590","230894","309178","269466","281239","64026","147359","228410","445144","390825","1104525","388479","38375","584015","349297","235013","192099","94195"
"20214","11","서울시","CS200033","부동산중개업","7464013130","425670","5650843214","1813169916","905604935","1461812706","1166321341","910012043","1207092189","1304766881","508403035","99991374","1316536820","1638727503","2116310450","1907697701","384749282","3874493171","2804576831","7404561","927797947","2124352150","1877517457","1093095677","648902210","315663","110007","56078","71277","60083","61149","67076","62916","47091","7271","68634","117449","127106","81295","23915","220319","146746","2168","61071","136139","70448","60483","36766"
"20214","11","서울시","CS200032","가전제품수리","11277693413","260350","10091357636","1186335777","1950611532","1979181562","2042202271","1901764209","2217598062","978045984","208289793","68149024","1866884556","3439083439","4240247497","1592949455","70379442","5391337958","4077548547","84710327","875005655","1347401183","1981910942","2410355223","2769503160","208268","52082","43203","41144","40319","39175","44427","30196","21886","12767","33855","66972","84321","52158","10277","176568","71815","17836","71943","32125","36652","43995","45823"
"20214","11","서울시","CS200031","세탁소","38479228012","2273594","31460525765","7018702247","6203815678","6470251992","6891598337","5124342592","6770517166","6209839289","808862958","203523190","5100662475","8699414337","11621288232","11905744638","948595140","15345432670","18131307721","112520990","5298743629","8310206614","8643031945","7417486930","3694930830","1774139","499455","376442","324391","397754","311678","363874","406782","92673","31714","298499","504420","624148","721586","93227","1104061","1108849","12114","453599","538750","523047","463399","222040"
"20214","11","서울시","CS200030","피부관리실","52784794230","264611","41417812099","11366982131","8314619444","8070359323","7152902529","8200836470","9679094333","8540665752","2826316379","397185478","2398835980","11561003745","15812419056","18824499917","3790850054","12177806552","39044419005","123237645","10353607808","16729723718","10348844104","8859276564","4807535724","201514","63097","33958","38502","37427","42455","49172","46195","16902","3846","13160","63017","79066","92384","13138","69655","189515","1587","77895","82221","41542","35911","20018"
"20214","11","서울시","CS200029","네일숍","18846982870","233717","14233908479","4613074391","2507776102","2828427815","2690675550","2930227227","3276801785","3110459267","1502615124","19592514","232770408","4116806523","6095139773","7654323384","728350268","2665764951","15863285259","107923757","4093096265","5357446337","4409848503","2966662071","1594073272","181425","52292","32657","33440","34259","37475","43594","36043","16249","233","4327","54041","71608","95854","7654","33630","198127","2488","67397","69412","44007","33128","15335"
"20214","11","서울시","CS200028","미용실","285685019733","6393876","181883211117","103801808616","29891034163","29850994801","35348083365","38023065934","48770032854","64884723638","38917084978","209862941","7498344321","70802794500","96697086831","104670002709","5806928431","113276791711","168405767869","3125223226","54749788059","69338706400","65941023116","56001523692","32525499261","4192528","2201348","763359","697099","808804","847141","1076125","1306257","895091","2616","260218","1672464","2104579","2285475","68524","3565730","2803077","96742","1263870","1426476","1450163","1345745","785757"
"20214","11","서울시","CS200026","자동차미용","13498819478","220208","10372247293","3126572185","1843596862","1975722090","1973889830","1936767470","2642271041","2185050380","941521805","2964986","2033985962","3928184110","4909190468","2457678156","166815796","7294272696","2847004193","3382536","710921504","2631594102","2792650838","2155504671","1847195699","158895","61313","30141","28206","30369","33320","36859","38690","22623","192","38253","67842","83885","27153","2883","123546","44559","156","13234","46461","47538","36379","24353"
"20214","11","서울시","CS200025","자동차수리","281047793241","1644627","236202830575","44844962666","45465422585","46145425497","47037432283","46036620831","51517929379","42527811799","2317150867","77807199","42748010094","77058399573","101595358967","58943498090","624719318","176559470319","64641562441","59359244","12066302918","46300029279","61313973571","65319740995","56141473708","1362169","282458","286432","263003","258264","262837","291633","262697","19761","432","308042","490285","580493","262564","2811","1069587","373706","735","84562","285873","355134","378063","338980"
"20214","11","서울시","CS200024","스포츠클럽","121917448538","451623","108712322321","13205126217","24504419295","22280894486","20730026557","19386982176","21809999807","8633180828","4571945389","184870365","13080657069","20404250619","25499802885","50912773657","11835093943","55303380050","61286488250","911912123","34873933827","30362303434","19408075422","21680436821","9353705595","375778","75845","87107","79300","69876","66424","73071","44619","31226","4215","56540","79647","95825","173656","41740","232451","209049","5563","148947","109021","65733","75100","37148"
"20214","11","서울시","CS200019","PC방","102544792180","21711562","66640350899","35904441281","13429770763","12232800824","12506838789","12851020952","15619919571","18211375680","17693065601","8477440244","6822846682","14927280378","24138904790","35543638082","12634682004","86044497311","16402137213","11012073979","55859086875","21082118424","7584621259","5499191855","1409542133","14218492","7493070","2807320","2627313","2666208","2757768","3359883","3820725","3672345","1660862","1333573","3074008","5332396","7707885","2602838","17988781","3719895","3311512","11607955","3874158","1501898","1136203","276950"
"20214","11","서울시","CS200017","골프연습장","85645114453","1742178","58329828691","27315285762","12403416757","11051502660","11058577555","11752191105","12064140614","13795227711","13520058051","1713798856","8736165312","13537973622","19044846227","30975673549","11636656887","57099118526","19095632400","30167470","4118817367","16899604129","23486703412","21973026759","9686431843","1103398","638780","224852","208180","207672","217092","245602","318978","319802","37108","138918","311332","393350","598293","263177","1306944","317688","885","82087","344841","528389","481984","186461"
"20214","11","서울시","CS200016","당구장","27782522699","1409479","18719541879","9062980820","3523289770","3761622199","3711612497","3683060529","4039956884","4825257071","4237723749","1047774140","804192373","2136001419","4982080698","12745175671","6067298398","21454874692","5016658371","414952172","3674622902","3919971736","5547357376","8300676915","4613951960","928766","480713","169278","174641","179470","183411","221966","262661","218052","47175","9557","83805","262299","665285","341358","1240271","144992","40944","178974","142352","278623","471803","272563"
"20214","11","서울시","CS200008","한의원","237194891924","6568088","192508807228","44686084696","42422049861","38806766608","34399234846","32857292286","44023463627","40225858274","4460226422","10141810","27450874674","84973564859","75743509334","48713224726","303576521","90997942334","144041945642","280355134","17242848188","37471741139","54197753564","60558873085","65286866937","5621375","946713","1200021","1073039","1064613","979151","1304551","823575","123138","905","1032162","2159838","1958903","1409959","6321","2909868","3641652","16055","432383","830317","1183598","1569694","2519439"
"20214","11","서울시","CS200007","치과의원","640602976346","4542024","569585309117","71017667229","112852604686","127031719199","112189521783","93531039683","123980423766","67877406798","3140260431","141851","83154082794","215513636581","213359617617","127380897368","1194600135","323691804964","313707122710","1066870192","56715078039","93532110614","139978091148","166913344573","179194210163","4008649","533375","826234","863825","769015","665850","883725","517203","16172","14","754220","1358214","1613428","812411","3737","2238021","2295300","17733","535006","777152","1039183","1015379","1148891"
"20214","11","서울시","CS200006","일반의원","1622468948033","40891634","1397655590019","224813358014","288365515832","279827533035","239765115344","254573369094","335124056714","216884593866","7928764148","101518269","345476415827","516039287044","504255695815","255065156266","1530874812","613651875677","1000770155873","5253594642","223763430183","328030361063","368259879697","378837790507","310276391201","35728394","5163240","7778896","7025610","6330380","6514581","8078927","4857247","305993","569","9889515","11540942","13557734","5880962","21912","18494082","22349744","293553","4397455","7614245","9122227","8649486","10766375"
"20214","11","서울시","CS200005","스포츠 강습","117470266009","523663","107815249630","9655016379","21552916875","22757227039","20267994072","18830282996","24406828648","7661488147","1993528232","96747388","8588957434","21062995884","28884439849","50458647291","8378478163","38315522024","75456821312","311660719","17299738235","30872723882","44582152394","14714185969","5994789391","471755","51908","92426","96160","90695","79275","113199","35055","16853","1161","30966","94015","144956","221813","30752","193305","320417","3200","72215","132147","227477","57030","21688"
"20214","11","서울시","CS200003","예술학원","131317937222","574046","111787851264","19530085958","21270205149","24374232190","22799935300","20945054479","22398424146","14528118563","5001967395","254544493","5417071786","20854130068","47774522445","48655495789","8362172641","53088866247","76712906656","724285018","9629784952","23625165006","67476565410","24196924498","4149849781","511441","62605","95431","111913","102810","97140","104147","48869","13736","504","18911","94099","240549","200914","19069","230265","340006","4171","45193","136983","304700","60652","18573"
"20214","11","서울시","CS200002","외국어학원","70686681767","183498","66261697688","4424984079","14161891729","14037646415","13312790025","11418939735","13330429784","2988398310","1436585769","256175548","14635289567","14252695532","22380535160","16605302980","2556682980","31213155664","38729046914","61741957","2094086352","19070408462","39051775636","7004357531","2659832640","164740","18758","34742","35526","35152","28260","31060","13715","5043","587","24390","32305","62102","56231","7883","76654","105089","591","10989","39317","104341","20148","6360"
"20214","11","서울시","CS200001","일반교습학원","722372840931","2385454","581371467314","141001373617","119461183382","119008911868","115249976382","102522758322","125128637360","88310027565","52691346052","2551299077","43423871020","92693484094","213306473051","309309470345","61088243344","309565164225","409235706548","1629616629","7395491669","53296095661","480246521995","159367741704","16865511018","1903309","482145","389590","382144","384945","334201","412429","300053","182092","11160","155411","342052","732112","970106","174613","1002947","1376431","9379","45192","214594","1571991","488347","49886"
"20214","11","서울시","CS100010","커피-음료","680809621498","89187814","508538267917","172271353581","88478618864","98182973218","102133589261","102957931570","116785155004","94733868709","77537484872","3738179451","97631552472","230754608760","175359610408","144894084276","28431586131","272495807199","330402439772","13038748557","192779479636","165644854359","117707912215","80074559643","33650602083","68856344","20331470","12424047","13517564","13849785","13903050","15161898","11109622","9221848","147893","19181192","29324657","21430323","16471089","2632660","39083460","45051123","2047118","28085771","23664261","15907853","10470567","3959120"
"20214","11","서울시","CS100009","호프-간이주점","692790201957","16200776","485475176207","207315025750","77449416984","88993536079","93604787721","98934304611","126493130812","128334107714","78980918036","107728073822","5995359176","28447274050","23294888296","208260755029","319063851584","403199612302","211913501851","8740889323","209994338984","154705492388","107006608761","91901789724","42765031035","11303801","4896975","1872278","2072700","2177505","2260688","2920630","2918793","1978182","1752676","507932","1793614","1144073","5103611","5898870","9015392","6309423","299724","5803820","3700070","2381828","2118999","1020345"
"20214","11","서울시","CS100008","분식전문점","301297697567","30220573","228182174255","73115523312","40077449576","44165697155","45650979279","45733556806","52554491439","42091720930","31023802382","4667447677","25408814561","100363110990","52633528752","96012832618","22211962969","137412876363","132678745599","6276095529","60658919647","63038953500","67989208883","49841616937","22286925614","23204416","7016157","4186886","4525027","4655886","4681545","5155072","4045000","2971157","359642","3120874","9841869","5472380","9543171","1882637","14095625","14753319","748120","6871713","6901301","6926363","5071202","2330213"
"20214","11","서울시","CS100007","치킨전문점","127301767692","5629009","91092184606","36209583086","14290041038","16602690960","17445368278","18504185951","24249898379","20660277875","15549305211","5984703544","443409214","5392009500","9444921813","62408773323","43627950298","71969274325","44018368740","1684953109","22308682012","23544807570","29148480919","26649863172","12650755163","3969462","1659547","629539","722755","748111","788889","1080168","929993","729554","200026","40426","337995","505213","2900537","1644812","3199319","2178186","102275","1127362","1088124","1296460","1167164","596065"
"20214","11","서울시","CS100006","패스트푸드점","172527819632","15291776","122234650648","50293168984","21424801655","22650628066","23743088588","24806124998","29610007341","26555293067","23737875917","2449863174","10657372244","50327858297","32214636442","62290584629","14587504846","81805557263","71175192223","3614817487","42935508375","37755481208","33263513499","24747062674","10664366273","11120814","4170962","2028802","2126945","2206068","2236653","2522346","2211338","1959624","282838","1384609","4384419","2840467","5055708","1343735","7744476","6913428","440399","4553324","3767520","2924275","2069668","902755"
"20214","11","서울시","CS100005","제과점","295228606466","29002639","218315155030","76913451436","37476606333","39822823615","42294567095","41903206681","56817951306","43384703489","33528747947","291144498","46780462158","72126809165","70473108015","86977764251","18579318379","106757534549","154101137650","2945149107","50776141286","61965096328","64156400533","49680282715","31335602175","21610044","7392595","3919102","4127454","4305019","4213347","5045122","4084333","3308262","29052","5366997","6523555","6493579","8572723","2016733","10921679","16890080","400851","6049652","6716286","6426837","5006878","3211290"
"20214","11","서울시","CS100004","양식음식점","344432479531","8507874","232601992365","111830487166","36100490810","41535603882","45866253307","48547790230","60551854136","64901719119","46928768047","9394067958","1232305575","95153032954","54421760989","132133471352","52097840703","137807724477","141455497552","4459778128","90206075789","84576490146","49263664368","34744594227","16012619342","6043795","2464079","1011200","1126553","1205757","1237777","1462508","1378673","1085406","110055","85448","3312306","1486595","2931310","582160","3520124","4174462","206279","2703042","2154499","1347314","921727","361694"
"20214","11","서울시","CS100003","일식음식점","305823487528","7755166","238268417493","67555070035","38861834247","45316682270","47752652898","50039218427","56298029651","42288198537","25266871498","4938060896","680591865","90175780331","29251448072","122884052141","57893554223","133479564615","91590753336","3046106708","64513348992","62119785844","42258431693","33497772685","19635339767","6122660","1632506","1047197","1191868","1237894","1252946","1392755","959801","672705","66195","36156","3483959","989718","2612771","566367","3541033","3223042","175647","2306932","1771977","1161884","904218","443496"
"20214","11","서울시","CS100002","중식음식점","267951859310","9543024","198218361610","69733497700","33578949035","37787398800","39695626051","40898040397","46258347327","37308905903","32424591797","2772481416","2183623465","101517502283","35674696088","100221872885","25581683173","128458141799","78047354279","2527382225","40883462364","51122437508","47434580507","40455689755","24082061811","7223960","2319064","1250060","1396157","1460558","1479926","1637259","1228835","1090229","71934","90724","4573019","1502834","2923163","381350","5179206","3243136","181193","1797909","1965054","1927489","1592723","957999"
"20214","11","서울시","CS100001","한식음식점","3301750610647","101760264","2470178857544","831571753103","425823255100","471218476321","494662594726","503802725903","574671805494","476064606015","355507147088","55726993415","63419652945","926589990368","362489599682","1416303476782","477220897455","1657078162257","963255549615","17502869195","486455901300","579296268840","551908210027","567693316168","417475580906","79239417","22520847","14543883","15532912","15876536","15817921","17468165","12659155","9861692","1235285","3322755","42967108","13241046","33220096","7773974","55281650","35133362","916595","17817589","19523613","18723491","19077153","14356284"
"20213","11","서울시","CS300043","전자상거래업","29668650543","651632","20344626382","9324024161","3706945265","2645423654","4252830051","5021317143","4718110269","6109334151","3214690010","432304428","862211753","7186942928","10037466089","9617892713","1531832632","14733180358","12905065000","217524840","6228935906","8231800262","4461094734","5795668004","2703221614","426789","224843","75716","69132","86673","101466","93802","128433","96410","20234","19270","162303","204381","211022","34422","281950","344261","13326","210223","166215","101881","88900","45663"
"20213","11","서울시","CS300036","조명용품","426011730972","4032830","383132833964","42878897008","63455498955","80944256083","70442064092","84387352416","83903662418","38344396861","4534500147","375164809","115656738382","114860505788","159566208368","35405548095","147565530","243230749789","78991893974","15105250","9279941662","29022122612","92599306736","132898237515","58407908267","3424031","608799","669584","613999","641079","756292","743077","515574","93225","5262","985549","1193942","1279539","566501","2037","2282806","924552","2550","164459","440672","730305","988926","880472"
"20213","11","서울시","CS300035","인테리어","58676559830","980306","48541286909","10135272921","8659801700","7441215635","10370381752","11218022693","10851865129","8243163448","1892109473","369152481","16790234025","13895027087","18966406928","8243833451","411905858","30180670659","17586157774","45941345","2865063103","4921447564","8707512557","14463526406","16763337470","781091","199215","151610","131031","154694","169480","174276","153653","45562","2316","264229","266166","278192","166636","2767","522502","321417","3286","56825","109771","168094","235416","270535"
"20213","11","서울시","CS300033","철물점","52269975077","1579446","44950043411","7319931666","9236119841","7933432630","9012485877","10064538076","8703466987","6194991451","1124940215","54046819","16806245463","13683034334","14639334968","6979964149","107349344","25095191108","14118592254","22678207","2004534817","5066906192","8261634692","11840024080","12016812974","1293386","286060","259678","232443","243703","299570","257992","229643","56417","1332","458033","431652","437765","247908","2756","870365","372383","2778","114867","199018","271870","346026","307928"
"20213","11","서울시","CS300032","가전제품","309986639920","826011","195200185326","114786454594","46594298577","30905866392","37290857354","37798945110","42610217893","58376967504","56409487090","30545656","16101528991","86590422284","109532474225","95580840393","2150828371","159849555808","140240849594","307032400","17416890964","59791672539","71589500138","80165884939","70819078327","537333","288678","116668","88523","105765","111603","114774","152425","136253","12","65788","217367","284959","253506","4379","446017","357875","2024","74865","147890","173838","202244","203024"
"20213","11","서울시","CS300031","가구","220752912019","715702","147404078315","73348833704","29703709220","25219917782","26130333069","33066280696","33283837548","40262292261","33086541443","102962147","13339471405","61221712611","94577665500","50415662845","1095437511","94013513992","109023700493","46917563","8578576239","31037120165","44656139432","61815653755","56902807319","548861","166841","107095","93071","107838","127573","113284","95445","71396","1674","134661","213366","229299","131457","5245","340363","321253","2269","79129","142521","150360","162585","124760"
"20213","11","서울시","CS300029","애완동물","17336837268","502874","11515426979","5821410289","2331056521","2039968144","2285867960","2399733441","2458800913","3376472778","2444937511","56410845","885265180","3819341965","5604852786","6317506882","653459610","7234137022","9896263852","93678416","3238601334","3675123481","3679880132","3864010138","2579107370","346830","156044","72669","59358","67075","75993","71735","89345","66699","1255","25362","112569","142583","199887","21218","198638","301771","4598","92576","95079","97539","124679","85946"
"20213","11","서울시","CS300028","화초","57990057933","1552953","45241554444","12748503489","8592981039","7616047028","8843778581","9723378627","10465369169","8664892794","4083610695","383034676","8723995322","16395910664","17850817119","13576457747","1059842405","20216140034","23074851145","213169526","7187684966","9664161462","8242622776","8904789071","9078476438","1144712","408241","199330","193953","218789","251600","281040","267908","140333","702","166729","460920","451553","449193","23856","602693","778283","14703","353974","361359","230979","231227","188675"
"20213","11","서울시","CS300027","섬유제품","40918367932","496526","30623002080","10295365852","5827751027","5458338511","5774015098","7866083712","5696813732","6571266471","3724099381","867428","4332070664","11277847226","14699746879","10451476351","156359384","12335809113","22800186061","35914127","1694877688","4463211900","6789026477","9709522154","12443442837","382511","114015","77750","68986","71700","84723","79352","72817","41198","44","56371","143281","176501","118508","1821","169364","299990","1566","28465","58200","72126","142154","166835"
"20213","11","서울시","CS300026","완구","33743985959","700092","19523154627","14220831332","3587134106","3248353875","4333084454","3989229822","4365352370","8177434467","6043396865","128179360","1618921412","8850853796","11428154025","10522539863","1195337503","21966160627","10741356860","200870921","3033840284","10734208510","10060280261","4020095394","4658222116","395536","304556","74073","70266","79660","77124","94413","165542","139014","15217","34348","162150","232278","233483","22616","449074","243844","7052","87175","246150","199417","69607","83518"
"20213","11","서울시","CS300025","자전거 및 기타운송장비","63250758920","459271","40521655116","22729103804","6586739248","5583575841","8050109025","10457394842","9843836160","14473221561","8255882243","12893344","3840072714","15683673538","22495939115","21010268127","207912082","47692163316","13284329779","234459938","5134031707","15712933442","19141886394","12715259811","8037660763","298259","161012","54195","43341","60752","69440","70531","97092","63920","134","37501","120639","156636","142788","1573","338443","106816","8698","52649","79797","119719","103397","80965"
"20213","11","서울시","CS300024","운동/경기용품","218175352314","1360719","153879862316","64295489998","26207610449","30845987751","33784642048","31774566616","31267055452","35657624207","28637865791","148548218","12697566257","61292185102","84517676436","57380810329","2138565972","127324186213","70369060112","1142367894","16711372825","38112007130","58787829473","45950055650","36989613348","870116","490603","162383","150234","172418","186905","198176","273138","217465","3909","118071","374296","467365","379741","17337","817993","481091","14103","156917","268570","282120","315114","262234"
"20213","11","서울시","CS300022","화장품","420880414191","5859062","352824231857","68056182334","60277893561","65377720789","66113562041","86137281916","74917773550","43784394808","24271787526","1623553355","35773408265","117421239708","141392511837","109741515816","14928185210","134992014165","268042803024","1948974713","58110278367","92719108569","107801130940","86177805762","56273611865","4235738","1623324","774134","737938","828959","948318","946389","956506","666818","17556","272290","1337228","1813926","2179721","238341","1560205","4223645","110553","1673208","1253508","952629","972744","821066"
"20213","11","서울시","CS300021","문구","337182557362","12750266","307624332219","29558225143","55958710993","58970668027","61068512430","73113785860","58512654909","19687823839","9870401304","13811016","57612091060","101506747839","126202644330","50502028535","1345234582","86319489354","72800204824","2424053369","19134437557","27236923476","40708105102","44349700837","25266473873","10580348","2169918","1989652","1970369","2060084","2410961","2149282","1406203","763715","240","1584986","3715260","4183424","3133913","132443","4851187","5437636","385526","2083699","2320918","2747774","1686037","1064871"
"20213","11","서울시","CS300020","서적","99047232084","2249460","83658816450","15388415634","16865127288","17277942615","17463039821","18036760207","14015946519","9793449662","5594965972","5026898","7752005953","25095260138","37313307521","27196109905","1685521669","39942331378","47361109866","1894787301","7065834308","15561269043","30619704928","20599622003","11562223663","1661951","587509","328530","306238","340802","363330","323051","318856","268653","24","166500","522418","738170","761764","60584","923192","1260653","122961","287372","323578","786520","459405","203977"
"20213","11","서울시","CS300019","의료기기","241362351174","690708","230588926966","10773424208","37978476301","54267123932","46015783398","51381659321","40945884014","10151041712","622382496","2432517","36237386668","90331688605","95996591586","18779474749","14777049","175915490890","52015399967","17180457","3703453156","13421551618","54772282813","79478213142","76538209688","606308","84400","114289","114470","113064","135940","128545","70129","14271","542","120288","254808","240847","71417","2806","384927","290731","1278","26370","53435","123074","158044","313458"
"20213","11","서울시","CS300018","의약품","1609543288043","75115368","1432954063100","176589224943","302811881090","280849231564","265957143787","299256656097","284079150562","152624737181","23964487762","507578980","355186331283","491805944491","495581795937","258256717869","8204919483","797883642605","741527468657","2870495183","102770996249","215776885397","333066269894","396415078184","488587244662","63546171","11569197","13752094","11555982","11214428","13474468","13549199","9728587","1840610","24927","15262364","20874787","21259134","17004860","689296","35024826","39894192","406455","9980867","13592438","15059505","16595573","19284163"
"20213","11","서울시","CS300017","시계및귀금속","301619682280","789121","236198642319","65421039961","48890652972","45335878104","41706608723","46110433764","54155068756","39558249924","25862790037","0","20116548623","84431483077","122044623818","73963954503","1063072259","146535918185","133365139006","878145370","32316099856","57466011433","67320835653","62131292721","59789062816","587578","201543","111432","106668","109770","127963","131745","126248","75295","0","42031","211279","312096","217542","6173","329801","411487","11225","158997","166531","141222","138265","125085"
"20213","11","서울시","CS300016","안경","136113870688","1483385","94191309031","41922561657","18862869582","16596028191","18787259996","20132536556","19812614706","26297539485","15625022172","0","6756654025","34841903867","43276208163","49095581546","2143523087","64333763190","70549754426","1193057912","27162205251","26381299915","31683263987","30832442816","17631247739","1065274","418111","209141","185118","208759","232470","229786","258765","159346","0","77620","347821","438404","586757","32783","565288","912472","36632","473940","291850","275216","255018","145121"
"20213","11","서울시","CS300015","가방","40455279287","1112673","25747291295","14707987992","3944123517","4376852493","5157178916","6116092780","6153043589","9143149258","5564838734","178214221","1786185710","8159376754","14017492882","15674854486","639155234","11282261386","26438733762","296594147","8668671115","7421929974","7077897026","7514864070","6741038818","737893","374780","126179","147468","134975","158846","170425","215460","159320","1491","46699","209896","351234","477899","25454","297179","800930","23859","358304","238459","161729","170026","145736"
"20213","11","서울시","CS300014","신발","134429819181","1593327","89842153544","44587665637","16025730940","16254940420","17574333881","20009527515","19977620788","24627129758","19960535879","350611748","7485555088","37632601737","44271914188","42859388573","1829747847","65221035107","64113627020","1446469295","28575756558","29833193952","19648546817","29162796181","20667899336","1063894","529433","195087","188321","216996","231261","232229","290867","238566","3045","100778","404151","530071","528640","26642","704112","838785","19545","359505","327239","231935","291189","313493"
"20213","11","서울시","CS300011","일반의류","1476276883475","22397711","930689641469","545587242006","163296244728","164261309321","190504865255","209700948146","202926274019","301122081474","244465160532","4267246057","39216528404","352211442731","552162303780","499239830258","29179532245","552043357622","890640787559","8482724756","225679361204","327429572789","312698776490","318788109284","249605600643","14340390","8057321","2617974","2507345","2933885","3144795","3136391","4334108","3723213","161648","759116","5527217","7665322","7749559","534849","7819406","14462035","246101","4196953","4682392","4680784","4687907","3787287"
"20213","11","서울시","CS300010","반찬가게","800943178952","30573118","666851150914","134092028038","121653444700","123328218562","117597414752","154741559704","149530513196","99820809961","34271218077","109353025178","221255217233","191196227586","160995454028","90435367865","27707887062","354266276710","306707328092","922910195","42204077507","107074401094","161194612637","160862869417","188693437612","24850822","5722296","5005541","4628902","4726268","5350394","5139717","3603179","2119117","1696143","6454694","9536669","6472039","5583754","829819","14598185","13960878","187471","5159690","6403923","5925290","5918307","4963489"
"20213","11","서울시","CS300009","청과상","1061857873501","30623383","777976278610","283881594891","150231062535","141901459515","140929630554","177215528707","167698597299","180897639271","102983955620","20893255197","237056931629","288032788234","311839926293","183937120552","20097851596","447951918839","518935788480","482683863","24428609709","109372120567","149484495504","257178653416","425941144272","20991378","9632005","4228768","3664572","3910283","4502834","4684921","5764091","3867914","137533","5038008","8463057","9153875","7360074","470836","12934296","16984388","29256","1061168","2895699","5027234","7871876","13033448"
"20213","11","서울시","CS300008","수산물판매","948498376069","16404519","540991730917","407506645152","117549436970","98755896907","94267631079","98216901868","132201864093","246181135900","161325509252","27245152524","173159847768","230889718332","263341045297","237511637236","16350974912","509085253649","361124872316","576777613","64047565467","161245620623","181374528980","203709379111","259256254173","9448575","6955944","2055842","1689434","1668639","1762432","2272228","4091246","2864698","218693","2665243","4103403","4821921","4379087","216172","8333592","7426321","13179","1113844","2358678","2906230","3876088","5491916"
"20213","11","서울시","CS300007","육류판매","944673975706","20037223","657508327925","287165647781","125186030557","112717808232","121792808038","136231668383","161580012715","179776650635","107388997146","6891823226","171506053137","239347943670","279532176124","235065011972","12330967577","397854903265","476220671804","500878156","33446608655","102247691989","166476007913","245251010396","326153253333","13501681","6535542","2785094","2346361","2491856","2724229","3154141","3859189","2676353","83483","2719367","4410202","5532727","6970136","321308","8487609","11175200","22707","1073897","2532379","3788352","5671259","6574180"
"20213","11","서울시","CS300006","미곡판매","141737336842","2798099","117893793181","23843543661","23381442149","20734051449","21899707194","29979867508","21898724881","18028163685","5815379976","5261429606","39360593626","36239723985","39412246490","20473638643","989704492","58788400493","69771224473","83333983","4420422072","8616522606","20714740354","33920537758","60804068176","2177816","620283","469849","365992","407500","478183","456292","442454","177829","86064","647242","739885","780864","514755","29289","1155036","1488519","2088","75538","219080","355200","676165","1315496"
"20213","11","서울시","CS300004","핸드폰","100010345770","2706475","79902658660","20107687110","14579764961","15021980762","18053531526","17499822198","14747559213","14039415808","6068271302","298437765","8091952799","23689571446","30368682986","36372266919","1189433855","49054584898","35726904634","619967540","13957086369","13030640164","23003504722","20952153568","13218137180","2166894","539581","425987","398027","417739","471903","453238","359826","179755","24189","388197","751304","686275","765408","91102","1328819","1296135","52998","690554","582176","527399","483188","288622"
"20213","11","서울시","CS300003","컴퓨터및주변장치판매","1052321117085","6166712","922255559318","130065557767","168557604160","156207310544","199470957393","205765082912","192254604309","87795695848","42269861919","47024668","122589774858","316515429581","447405677133","162497079101","3266131744","381584897159","183262780375","3533588913","71033323046","109424376351","187542087897","134003826725","59310474589","5121502","1045210","982121","887874","935040","1128575","1187892","634556","410654","58528","976570","1870329","1963468","1116177","181640","2912216","2295442","176178","1936449","972373","840318","937485","344841"
"20213","11","서울시","CS300002","편의점","1123136854734","167973890","832370545975","290766308759","156035632604","156141518980","162615512980","178209345334","179368536077","157303402364","133462906395","86236956371","171417693644","157537812251","163959939994","323576441081","220408011393","696665833687","403736643703","15768990098","301067495486","305482598672","235247127775","167880574987","74955690374","126670689","41303201","23989305","23872268","24721583","27574563","26512970","22168042","19135159","11663996","32251377","26504286","25149515","43439926","28964790","106396996","59789977","3941704","50002052","45408178","32669197","23663098","10502713"
"20213","11","서울시","CS300001","슈퍼마켓","1386628703803","125464364","1001801998073","384826705730","200141735751","186740669093","191523669873","208831436354","214564487002","213810471017","171016234713","33080813204","179739438930","246114297522","290395102976","477207065255","160091985916","710925398877","618022515932","7226643192","158068780063","245216372241","306400939173","330141702333","281893385308","92621669","32842695","18302659","17383483","17977001","19723243","19235283","17738433","15104262","3609065","18217371","20973106","22913104","42310961","17440757","70928724","52917770","1754411","22968713","27206284","26643701","25765586","19507765"
"20213","11","서울시","CS200037","노래방","41886304283","1848922","28290037653","13596266630","5274294960","5159900385","5545490709","5904902557","6405449042","7897177741","5699088889","2522324600","554945228","766735711","2874858906","18843960591","16323479247","32915477819","6621770204","834630228","6374344970","6007771081","9629327581","10927260736","5763483441","1214667","634255","232303","221859","236933","251182","272390","340204","294051","12149","15119","116177","342788","1009695","352994","1219276","616002","239528","952212","282687","141849","152945","66070"
"20213","11","서울시","CS200036","고시원","742726411","2038","505504920","237221491","58297922","66665317","133834163","137789452","108918066","93580673","143640818","0","83442021","172183469","119679467","135428556","231992898","310023369","432703042","0","81924026","80977100","226562002","155801120","197462163","1527","511","145","324","378","322","358","142","369","0","196","425","531","492","394","1020","1018","0","433","269","398","321","617"
"20213","11","서울시","CS200034","여관","62101879954","1490922","40977606634","21124273320","7421414378","6966468109","7231234540","9371896745","9986592862","12186808168","8937465152","9349310300","5038560435","4310945036","7940397551","18895984116","16566682516","39434020853","13009116684","1230948150","16022763366","12639367464","9774797037","8514346836","4259989632","942399","548523","171428","178043","188165","199139","205624","296626","251897","181834","59746","155987","232949","456142","404264","1074736","366945","36560","570754","344750","216890","180549","92158"
"20213","11","서울시","CS200033","부동산중개업","7818677912","477166","6182779809","1635898103","1210329914","1035578529","960828277","1666902603","1309140486","1134529915","501368188","52751427","1499967737","1510173512","2072041377","2207853002","475890857","4137735922","3020169342","11467855","1034885258","2460049640","1730975460","1306974320","613552726","373819","103347","71415","67477","70842","86080","78005","67324","36023","2665","74404","126883","125331","118299","29584","275873","141873","2633","61044","151530","103412","71319","27815"
"20213","11","서울시","CS200032","가전제품수리","15495995669","297792","13182073555","2313922114","2602308145","2370610012","2459619489","3114371706","2635164203","1835797055","478125059","31708284","2541546868","4874311988","5284553168","2702548197","61327164","7133792823","6281881127","104405018","846701438","1965294647","3006533202","3376162519","4117617856","235865","61927","47198","43317","45888","50827","48635","38987","22940","3343","43540","78295","96328","69663","6623","189935","91651","23272","69531","38918","44396","48852","56671"
"20213","11","서울시","CS200031","세탁소","26249972448","1792257","21125147989","5124824459","4142356564","3471365277","4774294479","4585004878","4152126791","4468167644","656656815","201118347","4447909106","5831829861","6503453628","8402499690","863161816","10908746168","12028212619","69121841","3537233267","5865800863","5832508265","5153305067","2478764307","1385125","407132","287025","230136","304601","289614","273749","329034","78098","29282","249585","391512","430361","604736","86781","910770","833280","8834","357956","440869","422052","352981","161358"
"20213","11","서울시","CS200030","피부관리실","50456267158","268848","38837457445","11618809713","6784844816","7292632686","7091348289","9402738706","8265892948","8860896989","2757912724","235182975","1984636441","11405114880","14912892617","18826453383","3091986862","12544855366","36878396886","94447618","10499722521","15454935869","9893507123","8256231794","5225009746","203742","65106","34336","36336","39321","46929","46820","48987","16119","2470","12213","64485","80881","95281","13518","71269","193308","1657","83862","83401","41062","34258","20341"
"20213","11","서울시","CS200029","네일숍","21496895853","264202","16154422579","5342473274","2654582718","3010344592","3006624969","3759354939","3723515361","3706368707","1636104567","21008643","221733917","4811114378","6395464596","9170319873","877254446","3042476588","18165009207","136082961","4715257916","6571881372","4968096903","3089531382","1726635258","200476","63726","33689","34208","38088","48197","46294","44296","19430","241","4901","63066","77382","108997","9615","36558","225488","3377","75993","80787","51607","34055","16243"
"20213","11","서울시","CS200028","미용실","286518359152","6533604","179590803348","106927555804","29176739738","27655963753","34867997180","41159626591","46730476086","67116599849","39810955955","102552884","7393540555","70088660376","96639247765","106429096834","5865260738","114572917667","168971260094","2627134926","57278151790","70433695268","66658158208","55021569709","31527368023","4242222","2291382","756280","658214","821351","968076","1038301","1372804","918578","1388","280558","1720655","2076675","2382492","71836","3689533","2819572","91455","1293778","1474111","1496951","1375683","777185"
"20213","11","서울시","CS200026","자동차미용","13131865245","199653","9827454952","3304410293","1596178033","1723143180","1825741573","2665723040","2016669126","2440259659","864150634","3526899","2270607756","3504992872","4376258057","2636487662","339991999","7248462170","2756950219","2660034","696067133","2540141585","2854906727","2067045471","1844591444","142111","57542","26151","21739","23555","36576","34090","37947","19595","173","38530","58827","66771","31513","3839","110041","41123","61","11455","40509","45216","32579","21367"
"20213","11","서울시","CS200025","자동차수리","294829292505","1706081","244931044905","49898247600","45400417648","43880019046","45036908524","55301466256","55312233431","47428153220","2470094380","101436736","47239099578","79531819654","102056919010","64618164696","1281852831","190604754774","64945599545","35662910","12191898051","48531521696","64785191680","69901341604","60108281910","1391154","314927","274030","247223","252909","311839","305153","294777","20150","407","341631","488641","571504","300389","3509","1127273","382409","371","85504","293051","370568","402315","357949"
"20213","11","서울시","CS200024","스포츠클럽","112488454197","398242","99169709007","13318745190","22783112744","18843984701","18253665295","20499807287","18789138980","9349083161","3969662029","119092403","11989478873","20114414076","21477839691","50454238066","8333391088","52735634278","55370116435","556521297","34804901343","29369488591","15945596327","19718666931","7710004949","329416","68826","75388","65073","61002","69796","58157","42003","26823","890","48399","76220","85577","161346","25810","211994","177929","4478","140777","101285","51483","64294","27606"
"20213","11","서울시","CS200019","PC방","101449097187","21658105","65550029598","35899067589","12905384311","12396713776","12628322926","13516168021","14103440564","18064987543","17834080046","3292480185","7767441065","16953419879","27252452915","39047117340","7136185803","85636547163","15743249597","10034842390","57885153404","20282794709","6380979050","5350742807","1445284404","14202543","7455562","2794091","2693982","2746451","2912516","3055503","3755882","3699680","617887","1601080","3467493","5960288","8539829","1471528","17941680","3714227","3065443","12122100","3753948","1313599","1117211","283606"
"20213","11","서울시","CS200017","골프연습장","87582164553","1853018","59001703216","28580461337","12362824782","11557512214","11367182374","12682436168","11031747678","14762308868","13818152469","688549193","10686316330","14795643330","19253546889","32645413039","9512695772","57359214056","20932972569","22812841","3657693974","16774136002","25088393679","22645999556","10103610889","1158327","694691","222135","215726","236748","247189","236529","343545","351146","10661","186349","337718","431527","661545","225218","1383761","349546","873","78777","357667","560454","523085","212505"
"20213","11","서울시","CS200016","당구장","24025784634","1302788","16249459814","7776324820","3270924264","3053643667","3128415898","3418183210","3378292775","4300157281","3476167539","152668881","808983682","1909798946","5000978737","11551892349","4601462039","18992408711","4383436137","313823006","3324001251","3226202319","5116130073","7309877419","4085810793","856085","446703","161052","161330","169724","174836","189143","241986","204717","3916","10527","83877","275180","658692","270596","1148938","131070","32645","159910","132456","269027","436244","249728"
"20213","11","서울시","CS200008","한의원","240042399901","6737787","189450361167","50592038734","41975901344","36446188482","32683201719","36799287198","41545782424","46522697359","4069341375","13140095","30876958797","87315806791","70998810458","50483030544","354653216","90763094099","147335145744","282129421","18088015755","39123175621","56561934697","61534770011","62508214350","5600817","1136970","1187309","999322","1038452","1113902","1261832","1012119","124851","1006","1178678","2269708","1869331","1413557","5507","2998742","3719855","15173","450142","867612","1244636","1644530","2496498"
"20213","11","서울시","CS200007","치과의원","626889677888","4623011","544137198255","82752479633","108848934197","114593157067","99144901633","100760051823","120790153535","79992568545","2759911088","12003796","83834160916","215041180812","203462453207","123395991608","1143887549","316884033582","306993866651","1043143409","55681054196","91365968644","141725306432","161763400670","172299287140","3975673","647338","811986","810411","714550","748743","889983","631341","15997","57","824806","1423720","1570104","801142","3182","2300026","2314045","15582","535695","783827","1102811","1040867","1135313"
"20213","11","서울시","CS200006","일반의원","1488622903827","38510207","1243343055049","245279848778","252404107029","231067316621","203631023928","258281608401","297958999070","234876479653","10403369125","96216046","339738763804","474964859461","436478819978","235650619924","1693624614","564153579615","921135744015","4309511793","219675404331","314266965727","324356911421","341901965177","280778577665","32970427","5539780","7156839","6018675","5559722","6897737","7337454","5286913","252867","546","10195884","11005380","11780921","5508486","18990","17618102","20862649","232554","4317845","6620849","7983853","8674712","10650945"
"20213","11","서울시","CS200005","스포츠 강습","103205412902","432547","95095768675","8109644227","20738396937","18925361100","17348471927","20952380485","17131158226","6238454961","1871189266","134279745","7939884422","17877337480","23785854394","46369491149","7098565712","35073105043","65475055836","361184857","16846858020","27448259871","36831737594","13604764732","5437569039","388342","44205","83969","73237","73778","84594","72764","29664","14541","2152","30474","78139","110950","184522","26310","171068","253139","2266","68455","105090","174194","54943","19159"
"20213","11","서울시","CS200003","예술학원","130854312493","577777","110325982582","20528329911","20859801024","21490318172","20942835170","25349682244","21683345972","15155825686","5372504225","110160135","5366481652","22953002623","47446531825","46560717417","8417418841","52131165572","77498750299","691395400","10039550916","22756606069","69858829764","22075733679","4207800028","513824","63953","101980","99634","98413","117387","96410","49502","14451","364","19185","107568","238944","191343","20373","228080","346689","3962","46176","131905","310863","64773","17092"
"20213","11","서울시","CS200002","외국어학원","69847680868","183544","65128625272","4719055596","13784509390","12300602311","12924528422","13704449469","12414535680","3265959956","1453095640","215378590","15670097725","14343382137","21455147832","15989637934","2174036650","30929161121","38229081484","91410880","2121957597","17764442636","38410145266","7944200811","2826085413","166289","17255","34686","31329","32328","36260","31686","12535","4720","483","26851","35434","59220","54517","7039","77323","104758","762","12165","35596","101955","24587","7018"
"20213","11","서울시","CS200001","일반교습학원","778486018936","2469821","617992725366","160493293570","122144528252","117629515196","118726446835","136681410921","122810824162","100375045377","60118248193","2183712527","59640037366","115624239365","222248052686","316957648160","61832328832","343682601267","432512707476","1797270309","6477065438","49741649265","496585129457","202747095508","18844812857","1937750","532071","383883","358662","369698","448426","377081","328865","203206","7442","206093","380302","725779","979248","170957","1061658","1403821","13004","32443","184310","1584065","597403","54250"
"20213","11","서울시","CS100010","커피-음료","638729239071","89351530","483850209410","154879029661","86930655168","90425125961","96067021705","107080856399","103346550177","84847910927","70031118734","837960235","97195575886","220298782277","168731786872","133096680229","18568453572","264328435726","307533227692","10840080455","176219141867","160660749404","115576687017","76838820166","31726286880","69629514","19722016","12813417","12990969","13700165","15512390","14612573","10862417","8859599","81914","19898920","29079540","21584480","16590863","2115813","40130750","44391091","1800077","27226837","24391854","16454961","10668526","3979546"
"20213","11","서울시","CS100009","호프-간이주점","420247180943","12247196","303538745317","116708435626","51726790835","55174172036","57902631521","65897154790","72837996135","71480950807","45227484819","7937362449","4367047911","26641122375","23615758536","180678620646","177007269026","247076176652","132616381176","4737369837","115301014582","95302798759","68969060256","63140861262","32239744353","8861354","3385842","1541115","1611799","1709616","1914876","2083948","1997085","1388757","76183","532821","1757938","1184713","4960841","3734700","6751346","4864807","200405","3958549","2790976","1939977","1804355","921803"
"20213","11","서울시","CS100008","분식전문점","279807402620","28474299","211544455758","68262946862","38943176649","39703783747","41154396204","46681867910","45061231248","39751171607","28511775255","2479413634","24472687373","96380083647","48319937561","90687943955","17467336450","128660005449","122571066531","5145971002","53040612323","58739583346","64835508587","47915718682","21553664438","21816903","6657396","4023332","4076837","4260402","4849314","4607018","3866364","2791032","232663","3066697","9418119","4978819","9151839","1626162","13393936","13767088","629687","6181182","6532036","6635267","4923451","2259385"
"20213","11","서울시","CS100007","치킨전문점","120457710790","5739005","85913438549","34544272241","13487322223","15864017363","17254675720","18337036760","20970386483","19033445603","15510826638","2157265935","590207796","6289419732","10298326484","67528746434","33593744409","68346245393","42347955240","1410041489","19297088955","21195043268","28701468306","26894875827","13195465241","4040163","1698842","635075","746181","810829","849484","998594","927887","770955","112631","55971","380151","524566","3163159","1502527","3271298","2219505","87983","1091731","1114288","1335909","1229613","631235"
"20213","11","서울시","CS100006","패스트푸드점","169304806175","15586356","120863752169","48441054006","21393735143","21991457650","23896710882","26582416813","26999431681","25588253083","22852800923","1918977782","10757916793","50869315572","30677926050","61360758089","13719911889","82097119080","69762407682","3068836007","41276072559","37877660338","33431497432","25141163797","11064296571","11395208","4191148","2097355","2098590","2259324","2495880","2444059","2245864","1945284","201637","1463566","4549285","2853357","5220334","1298177","7971722","6978545","385121","4478146","3876560","3036638","2189410","984367"
"20213","11","서울시","CS100005","제과점","270430886490","28329064","197899001317","72531885173","35787332540","36608287265","38348418705","43343782471","43811180336","40178793719","32353091454","195645681","47792321128","66707636079","63187149046","77194043331","15354091225","98617312324","145740821372","2333374533","45507413985","58477951803","60919470091","47305218756","29814748955","21051234","7277830","3936121","3906857","4153078","4559751","4495427","4015212","3262618","20736","5717313","6452403","6014339","8284573","1839700","10579198","16646162","329157","5700613","6633967","6300314","5004277","3257020"
"20213","11","서울시","CS100004","양식음식점","255473329536","7228028","173556251959","81917077577","28713903675","30606175517","35002611479","38827991747","40405569541","46525463683","35391613894","1421178244","1260046504","81167680691","47122184923","98497563230","26004675944","106785564589","106850580515","3113752114","69573614183","64237090528","37704016142","26931395441","12074879194","5211241","2016787","898311","945589","1042709","1164634","1159998","1120240","896547","20431","84748","2919237","1340242","2518983","344387","3070468","3489873","152655","2256159","1853246","1162592","812714","322937"
"20213","11","서울시","CS100003","일식음식점","236901164197","7092667","184876003647","52025160550","30820659644","33290081067","36342323975","42331535905","42091403056","31972676827","20052483723","213418243","540046295","83634799141","26851025248","94587182981","31074692289","108924641918","72644172424","2269975720","51114137464","49382480519","34548582666","28040346088","16213291905","5633585","1459082","983402","1030579","1108145","1285367","1226092","857177","601905","5969","33734","3362252","936405","2383112","371195","3352599","2849933","138995","2020007","1621278","1099748","877684","444827"
"20213","11","서울시","CS100002","중식음식점","215205615921","8692560","157041590149","58164025772","26525847770","29356903417","30989602019","35191101348","34978135595","30983063900","27180961872","709218112","1984757784","89591357407","31915238619","78471947780","12533096219","108102473325","64779394187","1944679429","32147177756","41644034618","40861839626","35328478264","20955543590","6545038","2147522","1128923","1225575","1286473","1475581","1428486","1147131","1000391","30297","93144","4215150","1368093","2732761","253115","4822694","2891554","149094","1553147","1768163","1791222","1527746","924847"
"20213","11","서울시","CS100001","한식음식점","2573753807233","91390260","1913523497938","660230309295","339887754865","357849943591","374932218246","420707237807","420146343429","371811923378","288418385917","8829978409","59372211595","843457817690","339114260676","1073063706697","249915832166","1331733538163","777708481705","11800052211","353947537523","452675698834","452495575218","478890692160","359630752077","70967875","20422385","13157186","13319854","13869351","15644056","14977428","11474246","8948139","282015","3145794","39661274","12439810","30651839","5209528","50440117","31220876","693059","14906868","17377179","17161848","17935389","13586511"
"20212","11","서울시","CS300043","전자상거래업","30291734037","594482","22704313236","7587420801","2000738969","3743761124","5447571573","5729868214","5782373356","5131310517","2456110284","390199805","594562558","7043949715","11535900516","9087518367","1639603076","13534656063","13721963557","128457573","4864010275","8574310620","4750978887","6389571478","2549290785","385014","209468","68161","74240","86048","64995","91570","123415","86053","15350","17486","124401","202361","201159","33725","269854","290977","10445","166373","144809","102023","91113","46068"
"20212","11","서울시","CS300036","조명용품","423897788553","4112578","380960753468","42937035085","84702785340","71792220467","63030288423","77458349426","83977109812","34076473597","8860561488","304754926","104757064216","118336009356","163977016466","36325418984","197524605","236952624814","95943830785","7184197","6329133815","32567869997","101213091182","114823293819","77955882570","3484942","627636","751249","698717","621742","699599","713635","530092","97544","3147","948702","1239582","1354772","562775","3600","2299577","951859","1111","154183","469286","735427","988299","903152"
"20212","11","서울시","CS300035","인테리어","64641068487","1028011","54977429628","9663638859","10438211854","11906830846","11234238063","10164904864","11233244001","8402689209","1260949650","56381932","17020145407","17524744663","20014451108","9543257055","482088322","30359591554","20594531413","49443210","1660618821","5683590784","11153142273","14611032866","17796295008","819559","208452","174140","153981","168547","159183","163708","160411","48041","1623","271891","280969","299674","171285","2569","515903","347441","3449","53447","115496","171560","239774","279634"
"20212","11","서울시","CS300033","철물점","53291627340","1624887","46103157080","7188470260","11012969015","8087070933","9114079756","9410507609","8478529767","5786094347","1402375913","58677920","15920839700","15794486834","14907650175","6423772118","186200593","24246826275","13520306361","20452994","1900297710","4924052225","7848859869","11820186516","11253973368","1332249","292638","278025","272491","257835","260489","263409","232559","60079","654","442030","459543","466321","252228","4111","870745","386016","2277","107646","214303","261719","348423","322527"
"20212","11","서울시","CS300032","가전제품","293678542335","755282","169975588762","123702953573","42826182485","27134149771","34811049566","30510119073","34694087867","61025897012","62677056561","106505","14236411555","77254668431","106594502948","93923636288","1669216608","150913117342","133683150420","222907786","15783516933","54258337863","73461520585","76642951363","64227033227","470175","285107","108617","83391","93426","87444","97297","144227","140880","11","51745","194804","264122","239305","5295","416609","317783","1230","65417","138129","168772","184802","176029"
"20212","11","서울시","CS300031","가구","216599991982","713741","135781908662","80818083320","28499718700","23960952755","30012771650","24892223213","28416242344","44537540088","36280543232","5888520","15866958855","57110892262","84676459848","57436590725","1503201772","94814098664","105354648823","13891702","8165460541","31339776162","49172891189","60728980301","50746914298","551706","162035","107722","110642","121429","104168","107745","96835","65200","211","149618","197104","230122","129927","6759","330439","328043","760","78449","150560","141814","170328","116558"
"20212","11","서울시","CS300029","애완동물","16867976695","481208","11185818039","5682158656","2162546345","2229394713","2474068789","2165959680","2153848512","2998477180","2683681476","42381261","710616292","3858023461","5568973367","6053889476","634092838","6961986870","9626388456","77267975","2831433211","3561040256","3782207454","4023007820","2313418604","333872","147336","68095","64504","71552","61566","68155","81880","65456","3350","22162","105709","142120","183721","24146","186491","291475","3950","83587","92707","93737","123332","80633"
"20212","11","서울시","CS300028","화초","91500920013","2567965","66323335948","25177584065","11531097708","10878706725","12430302624","13057556749","18425672142","17264418948","7913165117","372058212","12824510668","24682604164","29251939808","22232986632","2136820529","32053771202","40077918914","724514478","11211849340","17186814661","14853904541","14396360280","13758141081","1766183","801782","272172","286724","322729","326598","557960","554846","246936","1545","245421","712152","748315","791348","69184","976739","1367503","44425","520716","607863","440935","406397","323889"
"20212","11","서울시","CS300027","섬유제품","42831642882","450473","32716193207","10115449675","5842154888","7057962243","7347048982","6990573674","5478453420","6566046628","3549403047","46687332","2998240511","11511021181","15935935888","11993973624","345784346","12007762982","24991998002","11065474","1625531616","5011535036","7330876418","11112857884","11907894564","341624","108849","69687","71356","69985","68445","62151","70593","38256","205","35517","131302","169406","110264","3779","148774","279742","432","24943","56627","68653","122099","155753"
"20212","11","서울시","CS300026","완구","31368056158","628227","17602272269","13765783889","2753315357","3198726225","4684584413","2818766968","4146879306","7429705940","6336077949","60660905","1806068338","7512021636","10616763920","10378863892","993677467","20504109483","10198955093","140162526","2921651198","9832497635","10699093975","3371184700","3738474538","335538","292689","57392","61045","83017","56736","77348","160299","132390","3548","29474","138926","213352","216957","25970","387665","236930","5847","76686","220935","186687","57787","76665"
"20212","11","서울시","CS300025","자전거 및 기타운송장비","66936735940","416624","40404251671","26532484269","7421325261","7018632614","9040254376","9120251695","7803787725","15993556540","10538927729","2064709","4158020404","18160602948","22765789582","21429469728","420788569","48902958726","13085020554","175678902","5021028716","14783344726","20010956402","13984040312","8012930234","262202","154422","45035","52661","61685","47744","55077","81411","73011","40","33586","110365","144583","126425","1625","299398","96650","5162","41436","75190","109967","93819","70455"
"20212","11","서울시","CS300024","운동/경기용품","232749160200","1559903","165092744524","67656415676","33470569318","32605732588","35668234015","28639766410","34708442193","36899001015","30757414661","95702047","14519325619","63428659809","89378047719","62103051578","3224373428","135999533807","73267330192","824162713","15958195412","36933012615","62681050362","51896350622","40972905463","974308","585595","176700","183566","218530","184853","210659","306865","278730","1732","116599","430209","557392","428140","25831","902223","587177","14438","173294","276880","321855","376508","326322"
"20212","11","서울시","CS300022","화장품","422469620151","6108943","353899005969","68570614182","67832238076","67340424520","70661211962","70880400719","77184730692","43651208184","24919405998","2064087917","35121250948","123580540799","136449165021","108696077049","16558498417","138319875458","268113441337","1611350013","57493531725","93281988877","108836934934","87462302103","57711640024","4387400","1721543","815897","832760","906492","866746","965505","1009623","711920","21074","259964","1374007","1862959","2283514","307425","1611760","4427037","97526","1729754","1371985","995381","1010017","833973"
"20212","11","서울시","CS300021","문구","344793421614","13658917","310302537381","34490884233","62930080667","66699404233","59798926624","60767816443","60106309414","22922412805","11568471428","1539544","47333184363","105831168907","134020079665","56245202686","1362246449","93529623134","78766408622","2481298099","19766230202","28210720438","47128616654","46712857301","27996616419","11229360","2429557","2292112","2241742","2256578","2219196","2219732","1527044","902513","280","1585265","3960366","4537144","3423616","152246","5178699","5884347","450454","2257919","2353301","3053042","1832114","1116339"
"20212","11","서울시","CS300020","서적","101807180296","2055771","86292703208","15514477088","18665519816","18149602007","16952505358","16905767488","15619308539","8922336520","6592140568","18336350","10005535838","26694768299","41003857277","22437075275","1647607257","34173805404","47724073194","1435725299","6579672649","15870980471","28838534332","19317259707","9855797966","1492493","563278","295368","306516","280874","296479","313256","296660","266618","40","146612","470083","708902","666559","63575","834221","1146426","98241","269131","316743","680467","405030","211027"
"20212","11","서울시","CS300019","의료기기","247132923314","659605","236179659202","10953264112","49941082158","48809219364","47927703341","42139857157","47361797182","9615079099","1338185013","127159","33068207709","77854711057","117468199585","18448499282","293178522","172678081464","61924075143","19519897","4130654109","18846673313","59507560489","79276509768","72821239031","583409","76196","126641","118500","105723","120049","112496","60952","15244","6","108064","226968","248798","74688","1081","353865","290003","737","20366","56011","112529","157920","296305"
"20212","11","서울시","CS300018","의약품","1525665979314","71602208","1359737750703","165928228611","312648014706","285380839644","230626297233","253026836397","278055762723","143193737358","22734491253","283269810","316240313361","471780473868","479546510479","249214978199","8600433597","764760392532","698518233498","2451967947","88965473613","210500335087","311834832828","383658425964","465867059549","60704953","10897255","14415292","12037683","10089824","11671586","12490568","9108317","1788938","19073","14108723","19421271","20654875","16706809","691457","33425230","38001719","375650","8592581","13659042","14692075","15276520","18831011"
"20212","11","서울시","CS300017","시계및귀금속","294737665742","783432","214142563217","80595102525","41268814161","43571132494","43897853661","42728551244","42676211657","50556859583","30038242942","0","20428434988","93485102315","118232530061","61017556321","1574042057","147047274960","130334075681","544995963","29711525315","63407124260","65861485539","63024105632","54833643683","568386","215046","106902","112102","113829","110932","124621","133388","81658","0","39717","212742","298290","224994","7689","327388","410073","7676","146052","170510","142962","147398","122895"
"20212","11","서울시","CS300016","안경","124709345925","1397655","85258816085","39450529840","17219860353","16579215733","17400227823","15900470700","18159041476","23956236448","15494293392","2433023","5427139628","30179729852","39742311053","47130171567","2227560802","57256785708","66019337963","947231922","22645092272","24485344671","28948251512","28082414807","18167921441","994501","403154","200421","194666","203616","188598","207200","239275","163879","16","64884","313264","410125","572383","36983","517059","875187","34748","428070","281159","262066","242705","143530"
"20212","11","서울시","CS300015","가방","48098203418","1480699","31737085604","16361117814","5842132089","5337197808","6949633861","6757826866","6850294980","9164741842","7196375972","105330819","1094602049","9841996823","18549787177","17211152560","1295333990","14169520663","32647490827","332699269","10463035234","11441888513","8338071852","8817041140","7424275482","933323","547376","158229","159042","208670","200083","207299","307891","239485","715","44388","294949","463244","614773","62630","367777","1100643","25569","448598","350487","210180","232761","200825"
"20212","11","서울시","CS300014","신발","153946795190","1871661","100283705532","53663089658","18342243578","20232843216","20693732628","19112722105","21902164005","29213574479","24449515179","701389299","8324129518","37615131947","53863283941","49746623115","3696237370","71457824958","76205873415","1247997373","31334307118","35798788941","24574037807","28319473120","26389195592","1220250","651411","223757","228905","266282","239949","261357","353017","298394","1751","110112","454654","644027","616259","44858","806412","1002229","17078","400656","395746","276831","358323","360016"
"20212","11","서울시","CS300011","일반의류","1736244062143","25917602","1077404745374","658839316769","182064400063","202258576904","245585257499","213392556925","234103953983","356094986604","302744330165","5758894180","48200888345","421894117465","635679226487","579564346939","45146588727","651419521964","1055634055574","9308760552","236225010916","378980842276","378202724154","384933071157","319403270907","16374899","9542703","2825111","3026004","3797645","3166566","3559573","5035080","4507623","182214","807881","6407950","9003860","8804105","711592","9066662","16729782","249960","4439379","5473846","5592723","5490358","4550195"
"20212","11","서울시","CS300010","반찬가게","741738333534","28977779","619811206501","121927127033","130362063534","129442497813","119923632423","110174267715","129908745016","88727259505","33199867528","98423573971","189220155869","182674252049","155899033457","85613923735","29907394453","323065856038","306855402916","941989729","37575374479","103458374196","151184529566","157728877286","179032113718","23660928","5316851","4872901","4754414","4505470","4702174","4825969","3322911","1993940","1507105","5908009","8861128","6271123","5554817","875597","13636670","13385063","232328","4810771","6407086","5732847","5283191","4555483"
"20212","11","서울시","CS300009","청과상","776820230438","26296101","582063177160","194757053278","112775319310","123019417887","115192392103","106983954115","124092093745","128717871818","66039181460","11678296059","162865047374","229068277122","231056074610","132229060842","9923474431","299948040187","434095848596","201543349","19702116196","86633283556","113779343164","199241029840","314486572671","18774762","7521339","3460703","3664441","3872135","3750756","4026727","4657216","2864123","92705","3646790","7036798","8296309","6726152","497347","10435434","15297492","18702","919512","2704277","4555196","6690707","10844536"
"20212","11","서울시","CS300008","수산물판매","1030184631672","16911231","555278179218","474906452454","87052797320","97670112123","121898314631","100496478627","148160476517","298130540158","176775912296","30660984413","160418051965","227925976884","267681461085","323832585107","19665572218","551249949035","371168574376","386314167","68954598840","178820804651","206022597647","220245400968","247988807120","9459813","7451418","1531572","1727688","1993266","1754460","2452827","4584830","2866588","217267","2353083","3861186","4894519","5304904","280272","8636792","7363966","9862","1130881","2631851","3140024","3931489","5156647"
"20212","11","서울시","CS300007","육류판매","765913826035","18849089","563965605173","201948220862","109266389982","102429874179","101301678692","103441035333","147526626987","132356452794","69591768068","6915344287","128830748245","189257897399","216487441287","209285886302","15136508515","323045485728","394507952591","315855674","25626057143","88637359463","146640283149","201937548579","254396334313","13144177","5704912","2516731","2472205","2497695","2526907","3130639","3459923","2244989","93572","2095075","3886303","5286572","7093822","393745","7980887","10493470","19225","969265","2477880","3652649","5308475","6046855"
"20212","11","서울시","CS300006","미곡판매","138045354849","2582863","116654323238","21391031611","26473374685","24981288755","23128006617","19735953483","22335699698","18246099168","3144932443","5029868938","41862529660","31158034724","37836962988","20693507560","1464450979","53620224328","70824936364","26810645","3016097586","7574598799","23621595894","34072257351","56133800404","2076908","505955","443478","407472","406319","395652","423987","393267","112688","94701","599923","664597","734065","460992","28585","1032214","1390362","1432","71742","206587","327283","654259","1161276"
"20212","11","서울시","CS300004","핸드폰","96478096130","2630557","76195018699","20283077431","18946308652","12123870997","12237176217","16104709847","16782952986","15508190249","4774887182","573356114","7427070264","24561941461","35341915559","27368637368","1205175364","45870853157","37374426094","556399567","12744618406","13792545095","22784527167","20650245161","12716943867","2101204","529353","447534","417002","389116","409151","438401","342970","186383","15279","373561","705761","729309","734012","72635","1248087","1298777","51982","681579","596491","472705","453886","290218"
"20212","11","서울시","CS300003","컴퓨터및주변장치판매","930641281536","7117903","801960310271","128680971265","138249914272","162703979068","153848133096","162991961733","184166322102","84178129518","44502841747","101688833","113693914440","260574527408","377594614528","173746507917","4930028410","374564957624","165764922152","2227345006","49649651701","110527123857","200901379052","122073489913","54950890251","5921402","1196501","1226153","1158873","1136868","1176850","1222658","668927","527574","203593","1249965","1899070","2084404","1268082","412789","3243545","2980149","280608","2597454","1002984","914824","1034491","393336"
"20212","11","서울시","CS300002","편의점","1081026654235","165401273","796978146547","284048507688","153962627001","157340846967","156859498346","157145542995","171669631238","153708154021","130340353667","86385189968","163123931213","150745830897","155603946475","296409236760","228758518922","668118905014","391433596780","15347497003","288419447012","298946484600","227011556897","159708424321","70119091945","124303666","41097607","24374871","24767786","24613546","24791655","25755808","21856411","19241196","11959531","31462505","26000057","24741740","41521464","29715976","104131761","59490532","4023153","49331597","45439608","32062123","22841894","9923887"
"20212","11","서울시","CS300001","슈퍼마켓","1291060388998","122280416","934003943071","357056445927","188032008564","183088676199","183450478600","179384518336","200048261372","195545528038","161510917889","33452935547","158562531265","221669917465","271580764781","436640389213","169153850727","655170184185","580274655305","7169282044","146290682880","234476341238","286284901868","304309537596","256914093815","90110330","32170086","17981319","17912916","17902732","17684546","18628817","17127402","15042684","3788932","17313813","20141322","22543634","40252699","18240016","68442872","52141320","1931119","22387556","27169584","25995747","24735173","18364985"
"20212","11","서울시","CS200037","노래방","55698182522","2202472","38619594270","17078588252","7259046508","7889394474","7333508256","7372992904","8764652128","10236138927","6842449325","3950180524","628973318","717769072","2659957506","23159506908","24581795194","42513584795","9140871154","923812861","8368800760","8594648597","12131046848","14675936261","6959854623","1446112","756360","270084","279854","290131","274059","331984","415120","341240","20527","16982","121718","343206","1194880","505159","1429563","748258","225399","1127110","366285","176418","200717","81877"
"20212","11","서울시","CS200036","고시원","717918061","1659","404005900","313912161","95829061","6923077","47265359","197446714","56541689","161769912","152142249","0","45157721","95230531","121159757","126846997","329523055","165181866","552736195","0","72264645","72637135","324824171","248192110","0","1105","554","316","9","126","401","253","336","218","0","209","295","404","329","422","682","977","0","393","225","464","577","0"
"20212","11","서울시","CS200034","여관","68120069782","1549212","44546250087","23573819695","8333909841","8367098540","8317536578","9088734372","10438970756","13644166243","9929653452","10685471738","4570665920","4953655738","8222651351","18066145818","21621479217","45176017106","14491125648","1118226284","18125756890","14469603852","11647527128","9325004788","4980101571","974685","574527","177815","188719","196040","191319","220792","315016","259511","214396","59021","152082","221178","434742","467793","1109228","380461","30759","578024","365590","230818","185822","98675"
"20212","11","서울시","CS200033","부동산중개업","7219243290","395380","5273780711","1945462579","1515865782","1184409485","727811064","944031482","901662898","1638618440","306844139","72351390","1146421230","1332615219","1904624094","2257971920","505259437","4027892219","2656550212","8918090","886362737","2489619993","1201073732","1457179736","641288140","307425","87955","58829","62814","63380","55901","66501","58413","29542","7649","43261","110972","123504","80684","29310","223211","108707","2079","44471","111903","81686","56651","35129"
"20212","11","서울시","CS200032","가전제품수리","12969016422","298549","11387909433","1581106989","2615579204","2341738744","2134295698","2115405375","2180890412","1397754790","183352199","81613839","2087471615","4331923647","4290002721","1878799845","299204755","6777321574","4679483791","133396131","955062004","1618941375","2456304604","3028357760","3264743494","233079","65470","50702","49270","41077","42298","49732","40943","24527","18705","33944","65938","85666","62571","31725","206859","79046","31430","78838","38391","43607","46812","46819"
"20212","11","서울시","CS200031","세탁소","42135186070","2351133","32437165356","9698020714","6960698000","5765619800","7320622216","5961068577","6429156763","8788484161","909536553","176966970","5883886123","9306383983","11552668144","14191760427","1023520423","17727497496","21671157362","73277716","4549793798","9648459666","10561612854","9669396998","4896063461","1792717","558416","390895","323442","411538","320083","346759","468823","89593","24850","316407","514464","608457","800379","86576","1141150","1165536","8998","379436","567086","582086","513056","256045"
"20212","11","서울시","CS200030","피부관리실","56061964939","273726","42856611848","13205353091","7866968538","8476805128","7875699258","8459967968","10177170956","9944902247","3260450844","553794978","2405941276","12347011837","15529769166","21142960087","4082487595","13256592331","41451727454","95366467","11162182991","17897469568","10908805149","9203069824","5442791283","206060","67666","37109","39614","39080","42761","47496","49558","18108","4762","12883","65228","78134","97333","15386","76859","192409","1524","77090","85806","45287","37859","21710"
"20212","11","서울시","CS200029","네일숍","21995558320","262275","16021435480","5974122840","2682694236","3426614328","3132647462","3324436309","3455043145","4135341758","1838781082","65503970","185838747","4762314084","6748321537","9182608085","1050971897","2927533011","18747026393","75991795","4325380909","6917771694","5177450722","3386065815","1791633003","197898","64377","34840","37156","39990","41864","44048","43575","20802","330","5218","59277","78698","108543","10209","36111","224257","1992","67638","84523","53190","36067","16951"
"20212","11","서울시","CS200028","미용실","282490687629","6532743","175414658058","107076029571","27941475638","30621759848","37500318418","35743349952","43607754202","66706702476","40369327095","244438358","6989716053","67678713740","94264494753","106678696702","6634628023","113405072917","166858236285","2149589298","51981646473","71370599590","66326317437","56431984475","32002324761","4195628","2337115","760597","733482","883873","832586","985090","1367530","969585","3817","263829","1653697","2061387","2464143","85870","3677642","2831345","84909","1238295","1505970","1505989","1394305","779436"
"20212","11","서울시","CS200026","자동차미용","12865760060","214373","9730825861","3134934199","2119552054","1666619076","1882711990","2037520812","2024421929","1938099183","1196835016","2304206","1898206042","3601775122","4292700524","2854727065","216047101","7200709215","2288055568","648427","549277605","2650384250","2847722265","1907504379","1533227828","146519","67854","32864","28139","30782","25954","28780","37230","30624","128","38993","63442","72277","35961","3572","120219","46039","44","11881","44137","49991","37180","23044"
"20212","11","서울시","CS200025","자동차수리","264554004490","1542935","219233679421","45320325069","45660315198","43111680896","41740833482","42317245670","46403604175","42729989430","2590335639","65110772","40388317186","72220053798","90312392944","60826812465","741317325","168066006549","58953320493","21230023","9232042888","43710698923","57168602635","63114206957","53772690116","1251980","290955","275016","245754","235759","236081","259370","264160","26795","558","304452","446103","508873","279172","3777","1001469","351714","382","72052","260898","332813","362284","324731"
"20212","11","서울시","CS200024","스포츠클럽","132422144659","454385","117830268299","14591876360","28447688541","25934443317","21038998110","21146765534","21262372797","9514986712","5076889648","62129173","13127827353","22658028378","26167821610","59715223599","10691114546","62363978576","65119989500","735101371","38093987169","36214949594","19427737154","23305413563","9707852760","378153","76232","94596","81640","70586","67159","64172","45268","30964","581","57455","81974","94335","189019","31021","241120","204937","4328","156298","115417","60785","76252","32997"
"20212","11","서울시","CS200019","PC방","122023897430","25360415","78448550473","43575346957","14740652922","14991102506","15797870852","15005434442","17913489751","22671975549","20903371408","20877896771","6754456743","11803628458","20048701197","34254694215","28284520046","101909619069","20083853951","9274862650","73093528549","24465526670","7012914742","6365448204","1781192205","16378266","8982149","3071765","3124511","3325383","3131437","3725170","4667314","4314835","3991912","1311997","2482151","4526380","7335267","5712708","20885000","4473556","2832570","15038778","4470931","1390570","1280480","345230"
"20212","11","서울시","CS200017","골프연습장","85383468864","1753152","58718746382","26664722482","12314403667","12021782049","11643476881","11423932505","11315151280","13952390209","12712332273","838409597","9868835098","13951610149","18304340279","30886469678","11533804063","55545385645","20173637720","15429244","3347300153","16014703180","24041176253","22752255427","9548317340","1108222","644930","202252","220175","236846","216920","232029","323922","321008","14094","170730","317584","374854","607821","268069","1299112","326244","633","66382","317657","536963","506941","196816"
"20212","11","서울시","CS200016","당구장","24871138153","1362439","17029112969","7842025184","3271693735","3556356552","3449796803","3291683231","3459582648","4258859229","3583165955","180233831","696225384","1722467564","4598643407","12013666468","5659901499","20085081846","4055951574","295288463","3348002126","3853725662","5046018068","7429735474","4168247117","905426","457013","169340","178137","183858","173329","200762","248645","208368","4963","10176","79595","250595","689656","327454","1202730","135114","34311","170155","150004","286326","443870","253180"
"20212","11","서울시","CS200008","한의원","253499531825","6798464","199858053312","53641478513","46495337023","41486524348","33008772218","35260668948","43606750775","49458109375","4183369138","17979108","31449134789","91082197888","76809476889","53686053317","454689834","96455486135","155075932805","238108839","16694927091","40993364712","60383231268","64889086068","68332700951","5708640","1089824","1336333","1113881","982455","1037440","1238531","969860","119964","1278","1103923","2240256","1945902","1499091","8014","3018963","3756831","13559","436680","899065","1288734","1680347","2457429"
"20212","11","서울시","CS200007","치과의원","615374739184","4375163","535920707205","79454031979","118593491942","121311970551","89754188225","92596367733","113664688754","75997853856","3456178123","14964743","79262747988","209097885860","198666771332","126899220812","1433148449","307479958249","305373086741","849725726","51454183902","91324498419","131893336260","163315016998","174015885585","3761476","613687","876720","825747","619122","636732","803155","596041","17646","63","742160","1324421","1503119","800381","5019","2152683","2213951","12865","476909","744006","1013437","1012571","1106823"
"20212","11","서울시","CS200006","일반의원","1478377331907","37810242","1244801638835","233575693072","282164923190","256786543754","186615587606","230808721942","288425862343","226402882771","7172810301","146949113","323494179853","471265904987","439419418816","242657544039","1393335099","552757375266","922317716206","3616597919","198815262417","311698147101","321572798356","347041502393","292333370188","32444926","5365316","7961719","6419615","5019863","6132689","6911040","5106196","259120","742","9611840","10428276","11970836","5775183","23365","17155281","20624185","236755","3873619","7021878","8317723","8122029","10207473"
"20212","11","서울시","CS200005","스포츠 강습","110978281025","416135","101676280559","9302000466","25086787278","22477129928","17248355210","18469870424","18394137719","7297668320","2004332146","83155534","8371053800","19683927119","25727314547","49129203888","7983626137","36294089811","71620717747","202175572","17264624098","30507930305","39044463404","15198226004","5695837882","374412","41723","93534","81527","64552","66608","68191","28866","12857","836","25189","67165","111291","184323","27331","162379","246671","1679","57877","106031","177953","48097","17407"
"20212","11","서울시","CS200003","예술학원","116537346265","558604","97905858845","18631487420","19971252750","22066356839","17452354182","19784047244","18631847830","13829383457","4802103963","119478264","3780274933","20080684292","43853532822","42777484166","5925891788","46030629758","69289530024","593197722","9480345634","22225933378","61351533997","17617840257","4050072297","492325","66279","102992","112869","85220","99702","91542","51950","14329","528","14416","101135","235714","188933","17878","221967","332782","3669","45073","127159","302214","59908","16722"
"20212","11","서울시","CS200002","외국어학원","70984402994","182068","65880977741","5103425253","15344509113","14528639459","11040806451","11861562961","13105459757","3694393254","1409031999","184432603","15288656967","12607385215","22469185942","17772155308","2662586959","30334094777","39711897152","93467814","2020309804","17077403535","39247961638","8525868492","3080980627","164553","17515","38336","36830","27164","30351","31872","13112","4403","537","25206","30974","59279","57910","8162","74379","106043","877","11753","36069","102132","23132","6460"
"20212","11","서울시","CS200001","일반교습학원","712730132352","2281549","563033198864","149696933488","122687232977","119569646389","98006356619","108934358849","113835604030","95430175464","54266758024","2007884769","49034182968","94753788163","199786865157","306974467624","60172943671","304871196192","404785990654","1573709160","6772848181","47899492516","453506306425","181723300911","18181529650","1782334","499215","389302","383248","307656","349888","352240","313398","185817","6329","155912","340604","667585","944012","167107","962723","1313395","9623","32070","178965","1462558","541475","51409"
"20212","11","서울시","CS100010","커피-음료","659367554094","90560477","492954321657","166413232437","91024384613","97805925990","101672066965","99088431489","103363512600","89135054524","77278177913","1004014257","92772596669","224680066994","171272204604","144444878888","25193792682","266897266188","322441302553","10315905411","181114487981","169809104707","116784995064","79334891490","31979187053","69962266","20598211","13372961","13981408","14288467","14054359","14265071","10981806","9616405","73548","18879513","29675467","22085154","17354163","2492632","39729260","45888501","1778405","27873733","25107411","16329308","10642708","3886388"
"20212","11","서울시","CS100009","호프-간이주점","551207462367","14746501","402807108841","148400353526","69112465981","78608463944","78433360363","78689225306","97963593247","93946759018","54453594508","12483100956","4691815828","28204457653","21894893497","190967135576","292966058857","314736665808","176925774424","7308490279","154201510982","123910029364","91395429918","78835727485","36011155935","10698973","4047528","1879346","2077799","2107329","2091272","2543227","2438845","1608683","97325","545036","1867918","1203701","5169392","5863129","7995717","5903968","259862","4826758","3425509","2315611","2086771","985305"
"20212","11","서울시","CS100008","분식전문점","305183197543","30918417","229316442564","75866754979","43287578568","45396114378","45479833144","46060996186","49091920288","43399206964","32467548015","2848902887","26000997168","102552665649","52238677864","98116121304","23425832671","137506869950","134470987645","5683453482","57324566094","65044254130","69318594697","51312712850","23294969892","23607643","7310774","4515976","4714126","4690430","4755103","4932008","4168236","3142538","269671","3256790","10064267","5432195","9880407","2015087","14255635","15186225","719993","6678657","7171177","7136686","5295110","2440242"
"20212","11","서울시","CS100007","치킨전문점","131904106329","6022205","94624403363","37279702966","15560224791","18309092299","19024143156","18573455446","23157487671","20713486249","16566216717","2601409116","567344373","6239140979","9437244497","66264430073","46794537291","73859384808","46587299215","1612472698","21855331947","24417131579","31331802033","28364417820","12867013314","4235722","1786483","686344","813439","850667","824723","1060549","984424","802059","134110","47289","404977","519104","3063713","1853012","3383654","2360216","100517","1174826","1201003","1389829","1264723","613070"
"20212","11","서울시","CS100006","패스트푸드점","170379758694","15555452","120266283102","50113475592","21285862412","23525419077","24634009274","24023470160","26797522179","26186376024","23927099568","2107921560","10253816062","50259098055","30820471643","61676894338","15261557036","80459617329","71482950427","2986044296","41184485635","38970823349","33073583455","24894780572","10832850515","11271920","4283532","2109657","2215704","2284274","2255510","2406775","2248955","2034577","212768","1393769","4493119","2889760","5197025","1369011","7740607","7165007","391096","4486853","3903182","2996853","2167721","959952"
"20212","11","서울시","CS100005","제과점","276613788616","29060144","201487256670","75126531946","37941676855","39487837834","39567329074","39017093811","45473319096","42049320453","33077211493","222356799","45718248994","67365714108","63314495145","81107903008","18885070562","100276582070","148950973109","2375171117","46129263003","59881674900","61223882590","48501708129","31115855496","21520798","7539346","4195269","4278394","4227880","4235649","4583606","4127682","3411664","23794","5540833","6434504","6257107","8636661","2167245","10703248","17190482","338888","5803104","6851838","6381932","5132786","3385122"
"20212","11","서울시","CS100004","양식음식점","301812111638","8176267","204918535156","96893576482","32929470493","38613644848","43882387719","41157189894","48335842202","55132175289","41761401193","1667666573","1234156604","86751099003","48308739470","118098376150","45752073838","122379199047","126247569811","3007429075","76806991257","76624208142","44779383655","33011311724","14397445021","5843766","2332501","1000761","1138765","1223980","1166516","1313744","1278827","1053674","23405","87053","3173778","1416794","2912560","562677","3395061","4006503","157415","2496607","2140214","1316101","933021","358180"
"20212","11","서울시","CS100003","일식음식점","279495901606","7735641","218080871523","61415030083","37983994423","43429756037","43726910630","44573819857","48366390576","38398156868","23016873215","471010375","499328632","85164916134","25713872679","111045504011","56601269775","125018975182","84174144423","2133707183","55923759152","59096998477","41211774672","32864139310","17962702308","6121100","1614541","1132617","1224288","1227811","1232966","1303418","943465","671076","7049","33953","3522894","950410","2615235","606100","3573845","3171375","140783","2178409","1826123","1188959","945431","465527"
"20212","11","서울시","CS100002","중식음식점","245800025481","9285881","178936760618","66863264863","31587189913","35188188061","35862367266","36528452933","39770562445","35917091931","30946172932","843528623","1934895025","92787884243","31206733606","94159294638","24867689346","121310528549","73686979556","2007984696","36550400412","49717015776","45734759596","38860641757","22126705861","6973544","2312337","1262505","1384288","1378811","1425396","1522544","1220122","1092215","36314","88017","4435864","1378911","2941474","405301","5074184","3163005","156996","1712316","1971539","1891139","1575529","929704"
"20212","11","서울시","CS100001","한식음식점","3033981797950","99712953","2268712839191","765268958759","415099552960","449927503928","448885221067","454536337158","500264224078","436567225965","328701732794","9477016690","57753018960","872392729061","315407320173","1313794742474","465156970592","1548068185281","903381671154","12957773888","412368868630","550938563221","537692730563","545619091679","391872899508","77583198","22129755","15071721","15522344","15143933","15502864","16342336","12331779","9797976","302119","3133300","42556934","12302627","33185885","8232088","54244906","34440711","763740","16375950","19723612","18748238","18945579","14128018"
"20211","11","서울시","CS300043","전자상거래업","29347889864","404435","25602931757","3744958107","8418462006","3492840671","4317924979","5125244585","4248459516","2333015823","1411942284","692642555","642245211","8613904722","10512806748","7185664260","1700626368","12207681689","11514445846","97284116","5324040126","6465296184","3716880276","4924312174","3194314654","284085","120350","49510","55647","54993","50719","73216","67594","52756","1187","19844","76985","135092","145909","25418","170694","213968","10406","116007","88020","60044","76369","33817"
"20211","11","서울시","CS300036","조명용품","419493990135","4125713","367654769299","51839220836","74571216390","79097855473","70507289389","59968697465","83509710582","45468221338","6370999498","48509872","85427594778","138877197210","149215342106","42058497867","3866848302","221024295209","90237532613","65304515","6818526348","37024263628","88217673116","107255816316","71881373862","3457741","667972","782160","733282","719929","589475","632895","558683","109289","543","849168","1267613","1429184","576549","2656","2335788","942145","3482","146116","459645","721412","1017265","930217"
"20211","11","서울시","CS300035","인테리어","49820682992","1014369","39603656237","10217026755","8477554192","7680301361","9028691780","6555492189","7861616715","8191362545","2025664210","11247679","11307913074","14246300140","14968644783","9083060930","203516386","23434434261","17346226594","36447997","1824132078","4736953258","8267447941","11144735215","14771026754","787325","227044","165552","160359","170894","145948","144572","159455","67589","135","206519","292883","322903","189917","2012","502341","376706","3624","61564","127226","175884","242120","268651"
"20211","11","서울시","CS300033","철물점","66716377536","1556903","54689423498","12026954038","10747532977","13209342778","11974813628","9136598675","9621135440","9991814582","2035139456","22575821","16455214992","20414927836","19483439264","10149855208","190364415","31484019206","20468569131","21394430","2008641368","6356324620","10561210469","16027960685","16977107177","1261721","295182","257720","272740","262010","232003","237248","226900","68282","726","384514","459484","469027","238975","4177","825200","375112","1314","97072","211288","253335","336614","300784"
"20211","11","서울시","CS300032","가전제품","296774672717","816180","169492087842","127282584875","40675164118","34007964366","32591832477","27794255773","34422871108","67166796695","60115788180","0","11536700933","80453629242","111878367063","91685630300","1220345179","157410861076","130909412872","380517425","17946702650","53934390221","77781018379","78195716147","60081929110","501595","314585","114267","98977","102946","89222","96183","163049","151536","0","51675","211636","296353","252441","4075","453017","338810","1855","75869","146447","184875","201005","181764"
"20211","11","서울시","CS300031","가구","225279737071","694497","142226968553","83052768518","29555915308","26029338919","34584574142","25048781904","27008358280","44771270158","38281498360","54691688","11044224306","57586737271","103585020200","52699648475","309415131","105046133258","104353098667","7213032","8953081822","36241826654","56296237102","55390725358","52509114023","519917","174580","110927","108428","113147","94435","92980","102206","72374","593","126642","185452","253062","125360","3388","316563","314593","254","72793","153909","147470","142879","113847"
"20211","11","서울시","CS300029","애완동물","16824481587","457518","10538765686","6285715901","2069234854","2082822099","2248039371","1966844121","2171825241","3346071236","2939644665","40509435","787888652","3726035593","5920682629","5742192314","607172964","7218480527","9375440491","50212644","2588575435","3516484709","4173210334","4012273488","2252818274","309912","147606","64126","63335","65917","56378","60156","83517","64089","2587","18607","99705","153087","168610","14922","187957","266899","3203","78622","88478","92401","114320","77825"
"20211","11","서울시","CS300028","화초","67545782541","1712902","50387552297","17158230244","9921318123","10566017354","11472055385","8657950963","9770210472","10170222126","6988008118","279751874","8524153388","20164181873","22482887839","15111407138","983400429","22655450537","27579552504","239902359","6568377915","10872545822","10958659630","10571445221","11023812657","1216969","495933","224792","246488","261540","222427","261722","287497","208436","1100","156413","512732","550424","469523","22710","653405","876910","14001","308973","391951","304544","284931","225876"
"20211","11","서울시","CS300027","섬유제품","37614341637","382393","27689688273","9924653364","5022065469","5812558637","6616663383","4680860165","5557540619","5861277204","4063376160","0","3930627303","8868936673","14464187253","10206462206","144128202","11390465249","22195104242","34741287","1268306201","4713041415","6037310638","10920420427","10611856347","280425","101968","59532","56185","65723","49752","49233","64322","37646","0","44210","97984","147555","90967","1677","133921","228941","766","19237","53602","52096","108347","128845"
"20211","11","서울시","CS300026","완구","29034860563","526813","15698562821","13336297742","2756045489","3215991978","3075407509","2795755599","3855362246","7436579511","5899718231","29333451","978556964","7681166724","10936202399","9124591187","285009838","18489895277","9324249184","123318561","2530458980","10262865213","9866811883","2468360189","2562329634","266121","260692","48774","45442","49114","51336","71455","145843","114849","2478","15032","122128","195283","179893","11999","323138","199498","4527","60747","206339","166687","34644","49687"
"20211","11","서울시","CS300025","자전거 및 기타운송장비","39793090827","237696","22636009852","17157080975","3558573136","4720387865","5874496111","2853917905","5628634835","9798583025","7358497950","0","1119381794","12305878963","16584047592","9696363250","87419228","30282072005","7490544042","125044699","2840490314","9641887493","11391405952","8169948534","5604940971","153514","84182","28612","28815","38781","25884","31422","49285","34897","0","13615","69341","98034","56020","686","171637","50620","4565","21497","44906","59476","50143","41691"
"20211","11","서울시","CS300024","운동/경기용품","186448469783","1106615","124329074563","62119395220","26701437488","26997045382","25570572373","21216958417","23843060903","35330711169","26788684051","84853144","8371159199","53689984034","74457832080","47440578651","2404062675","112567525783","58347438685","763247630","10439068186","33610473515","52187252566","40422198792","33493574834","672004","434611","136099","134793","142666","121313","137133","228484","206127","419","70858","300414","438213","284596","12115","652688","410316","11837","130489","192844","229033","263339","235475"
"20211","11","서울시","CS300022","화장품","415037489417","5611505","342164986339","72872503078","59847106274","64402905960","74587016916","65768797647","77559159542","46711116501","26161386577","1377066576","33350258270","121537235099","142810675986","104280005341","11682248145","140612150338","259332287243","1884823373","56531346949","90363850077","105052662144","86185597398","59922972100","3954077","1657428","766948","776708","841537","733607","835277","965538","691890","17493","199996","1238612","1841771","2097399","216234","1469098","4082448","100563","1680047","1216831","869704","930250","754118"
"20211","11","서울시","CS300021","문구","329772323614","12604709","294704500537","35067823077","58200323241","64134888099","69951271889","49538725329","52879291979","24079429640","10988393437","19612955","48605224266","102677914560","129059859982","48363102637","1046609214","90898526955","72896550593","2276759454","17576491042","27595997240","44016354679","45380727698","26948862110","10464219","2140490","2161517","2283690","2285219","1894141","1839652","1303242","837248","457","1385842","3730868","4348372","3040332","98838","4729414","5296348","331019","2023752","2169199","2768528","1695862","1037423"
"20211","11","서울시","CS300020","서적","111263287042","2332135","94384961477","16878325565","18680240093","21984372582","18903412645","19385702843","15431233314","10259718975","6618606590","2548761","8486510888","30741438609","46183868587","24057529931","1791390266","44505106079","52425995294","2486917782","7377501898","15447454348","37411989286","22788398370","11418839687","1729744","602391","358467","369318","376396","327355","298208","332758","269633","48","137823","529306","843250","764875","56833","967582","1297725","136586","302303","304474","806822","500580","214541"
"20211","11","서울시","CS300019","의료기기","231218453560","617145","221863826726","9354626834","36602895948","41046739747","54912014092","35521532786","53780644153","8377067568","977559266","133333","31956893440","85947455922","99751957951","13558253143","3759771","169293172634","51050813083","5042558","2857958232","15981516954","53537407746","79414198159","68546394931","545376","71769","110723","114486","122080","89135","108952","55046","16723","12","96014","226798","234291","59973","57","343739","257868","303","21126","45544","106974","141665","285972"
"20211","11","서울시","CS300018","의약품","1432289857085","61563374","1274005556060","158284301025","269673024672","256926560004","268961295615","229406066083","249038609686","136089733493","22194567532","256440755","290030814047","434907773206","477328069042","223725682626","6041077409","720415192723","654627332613","1792792465","78569018810","182029404284","285804857948","382098356830","444748095047","51957034","9606340","12192739","11028159","10613837","8644691","9477608","7993154","1613186","14012","11025766","17435106","18790051","13808193","490246","29114135","32313976","250879","7343595","10957962","12118872","13695912","17060834"
"20211","11","서울시","CS300017","시계및귀금속","295303637291","673317","225819045036","69484592255","49017470028","44509930690","47168036730","46729109095","38394498493","41513325821","27971266434","0","17436758436","89113748293","120021782192","68112352606","618995764","148842423022","115717947004","577220660","24250053894","68386987455","56505498397","55976323073","58865211697","482502","190815","99696","99161","102919","86663","94063","116158","74657","0","28029","176572","267343","196960","4413","290017","341002","7970","136924","151125","122017","108118","104874"
"20211","11","서울시","CS300016","안경","115909192247","1299872","76869517330","39039674917","16480545194","15904289082","16865905245","13455945826","14162831983","23702346450","15337328467","564498","4422133634","28532533853","39703216578","41467050358","1783693326","53657373439","61149047315","863112772","20240611403","22731353396","27992469992","27324921077","15653115894","910650","389222","193610","184968","198814","162245","171013","229369","159853","39","55813","299294","412246","506746","25734","490550","804406","31054","384140","263525","250960","233337","131922"
"20211","11","서울시","CS300015","가방","44558595488","1339489","29259862549","15298732939","6193918739","5175150489","6677329662","5233650276","5979813383","8813850771","6484882168","42435519","808276669","10609443996","16295902469","16250123661","552413174","13803271437","29822934659","361327549","11595477505","9822109136","7557536002","7667925708","6621830190","837864","501625","154988","146194","174888","171311","190483","282404","219221","111","34891","252707","420317","593758","37705","331709","1000334","27524","474503","308428","183387","192794","145402"
"20211","11","서울시","CS300014","신발","123293191710","1299090","79151193701","44141998009","15441084808","15700762956","16453403327","15237477970","16318464640","23708164453","20433833556","58904601","5457411711","31233887232","44883585792","39871503931","1787898443","59538443545","57777602244","986689018","28882552921","28925804440","18611608100","22060107604","17849283706","835897","463193","169089","160224","177802","165155","163627","247619","215574","1478","79687","312475","467585","419272","18593","582306","665252","13528","294382","291835","185175","232164","230486"
"20211","11","서울시","CS300011","일반의류","1465888020431","20174161","873647245749","592240774682","166616000146","169735798955","184106709617","163894682136","189294054895","314020201996","278220572686","3784498410","36317360147","344523823959","575339977124","481663896477","24258464314","560031274424","881722851165","7373798699","195781231084","321667135463","335347061206","325365182037","256219247810","12361946","7812215","2311095","2343935","2659103","2357663","2690150","4084666","3727549","153255","589666","4842191","7502081","6716987","369981","7292845","12767481","193183","3525486","4338257","4477175","4238348","3287872"
"20211","11","서울시","CS300010","반찬가게","614978160949","26191338","507748097668","107230063281","103621689671","109140823228","109517044439","90765657938","94702882392","75951680334","31278382947","59696431645","145395053088","158401459004","152131749803","81076632687","18276834722","266840296117","254662185544","643474504","31169904956","89411083910","117095809001","125400356972","157760871684","21221951","4969387","4297831","4426654","4512957","4029444","3955065","3002172","1967215","1188964","4875497","8185661","6080560","5196663","663993","12284287","12165866","162284","4329256","5766281","5194502","4888564","4108572"
"20211","11","서울시","CS300009","청과상","870199923497","25270880","635701561159","234498362338","116427650718","124963249801","145167918687","118711669648","130431072305","153718089447","80780272891","14161616561","158251675078","263768766042","278953454268","143595719473","11468692075","355190585374","439535371433","218940641","20924594068","102711708191","132683305403","199603805701","338584871945","18041834","7229046","3379858","3628915","3919219","3535681","3578161","4349449","2879597","76654","2781276","6954057","8882055","6153005","423833","10248280","14447187","19332","906042","2777641","4539974","6291432","10161312"
"20211","11","서울시","CS300008","수산물판매","1282530068730","21223365","673138663639","609391405091","101240674790","104728486462","120471167547","145301263315","201397071525","377214342180","232177062911","22736623385","174265327844","312887878031","395231463858","361600239329","15808536283","718296189342","449832029234","493829484","78575622735","230934819262","253892833178","284474850522","319756263376","11726213","9497152","1844039","1927973","2253987","2453334","3246880","5736221","3760931","207005","2452972","5185848","7115104","6000587","261849","11190749","9018125","8005","1280087","3287567","4024783","5078859","6529557"
"20211","11","서울시","CS300007","육류판매","884280957353","19836553","657386301150","226894656203","119895330187","133735650976","148233115408","125430608063","130091596516","144000341533","82894314670","9685384502","131982554636","239001031156","278209717083","212406109854","12996160122","376584117379","446668766132","271871592","28896416348","95332935020","154396039465","240468113262","303886832154","13982209","5854344","2539930","2730097","3069977","2734446","2907759","3471115","2383229","96299","1985402","4517901","6216222","6696691","324038","8438613","11032929","15550","1009040","2533979","3791203","5709131","6412467"
"20211","11","서울시","CS300006","미곡판매","128563714726","2448794","108516035546","20047679180","24790327290","22918716959","20623864126","19354623023","20828504148","16196736722","3850942458","5845052199","34978288269","32112713759","38137740853","16971877505","518042141","51819935462","64819157953","10889183","3082353259","8432569618","20178702419","30616587403","54317991531","1964157","484637","437593","397117","423801","364357","341289","354648","129989","82444","485301","639617","790692","434095","16645","988306","1336337","463","75540","199486","319314","621740","1108097"
"20211","11","서울시","CS300004","핸드폰","110704048418","2385212","82696040775","28008007643","20390677132","14557814085","17565121848","15050050803","15132376907","19104513559","8903494084","472574771","6126470894","30432266163","45282782155","27768085204","621869231","55271959324","39543008851","348324696","15831562848","14160231654","28414808995","21638870835","14421169139","1912573","472639","396775","382436","416432","339291","377639","321349","151290","5082","365222","694762","672445","623336","24365","1161892","1155527","34260","643019","571720","410417","414160","243833"
"20211","11","서울시","CS300003","컴퓨터및주변장치판매","1049093701727","5689178","835865014838","213228686889","168597951826","189492709005","169330970125","139490780799","168952603083","140423839091","72804847798","28268910","88006188845","310549878977","448574244039","198628387557","3306733399","461225617656","220676953653","2630998479","66023427606","111313298056","248785100887","186647593859","66504548140","4604109","1085069","967482","960838","943943","811241","920605","695462","389607","37692","782163","1696214","1973479","1067121","132509","2910995","1832794","88041","1500634","981094","879265","934619","360359"
"20211","11","서울시","CS300002","편의점","951088594813","138783033","697268290024","253820304789","136382589144","138481659560","142539596941","129023725377","150840719002","137413780182","116406524607","72568724565","136478241730","132936935995","139713421400","277298157729","192093113394","591714615217","339814498737","11013494282","247913341064","268991098973","201136491390","140243489372","62231198843","103934207","34848826","20537018","21090786","21554144","19296981","21455278","18547423","16301403","9508267","25736384","22167697","20834525","36614783","23921377","88235205","49059610","2662790","40900002","39370879","26913252","19030165","8417728"
"20211","11","서울시","CS300001","슈퍼마켓","1282548894055","113156997","928298118413","354250775642","183768886183","183736576223","193669847422","171988013944","195134794641","194941178578","159309597064","28869173328","139736283241","227244756293","295669118555","448410682150","142618880488","649742058865","575873528193","5537049489","144387342819","234089075151","287745526897","303398540871","250458051829","82997511","30159486","16554514","16681524","17165033","15483135","17113305","16141371","14018115","3178120","14631046","18866405","22201634","39096292","15183500","63476568","48152863","1270134","20677925","25541634","24100901","22961348","17077527"
"20211","11","서울시","CS200037","노래방","40405073309","1476414","27890216329","12514856980","5553465706","5771310828","5831776754","5130014784","5603648257","7482408391","5032448589","2437728054","454527051","565786277","2139430706","19263730616","15543870605","30979659089","6445285292","668028121","5811569119","5922487417","8573991566","10954023548","5494822918","966672","509742","196583","192815","199379","175340","202555","277808","231934","11847","9723","86568","257275","858441","252560","965976","492546","153858","741259","237271","120279","142819","63018"
"20211","11","서울시","CS200036","고시원","455344467","1223","310918109","144426358","136175342","45442969","97271128","20268159","11760511","77797782","66628576","0","11951434","10831858","105267700","195870373","131423102","114422373","340922094","0","94376893","62786351","150909051","128226762","19045410","835","388","268","132","309","23","103","178","210","0","27","33","328","564","271","317","906","0","398","140","326","274","85"
"20211","11","서울시","CS200034","여관","62300164958","1456895","40534367328","21765797630","8620875784","7601214452","8489066145","7053742485","8769468462","12745209178","9020588452","8153973673","2925529961","5452086423","8630011123","17589636653","19548927125","41585844725","14325252716","1042377286","17381855963","13561359839","10888384077","8987329696","4053883966","903972","552923","173448","175568","183067","167061","204828","303529","249394","161971","50437","149106","224904","438632","431845","1051825","360071","32109","548349","345557","220190","175316","90452"
"20211","11","서울시","CS200033","부동산중개업","7018043864","371439","5206885618","1811158246","1359063757","1481373665","563724090","999677250","803046856","1316814039","494344207","37280341","971590199","2540185777","1411639599","1596094330","461253618","3905477776","2586611156","2468408","843057069","1687516845","1025923275","2125829304","807294024","283549","87890","57058","60745","55696","49569","60481","48027","39863","4315","37601","113372","110728","81625","23798","213012","112998","457","44041","98700","78834","60371","43606"
"20211","11","서울시","CS200032","가전제품수리","12061922317","258928","10654309492","1407612825","2236171387","2131262259","2511275542","1653324411","2122275893","1221150473","186462352","35187056","1814805560","4386386780","3580354529","2092977158","152211234","5717941399","4905431488","85292557","832012268","1501523715","2169131841","2909249892","3126162617","203831","55097","42560","42725","42668","34903","40975","35822","19275","8388","29431","67779","82573","57082","13675","172504","76982","19915","72557","29091","37153","41151","49611"
"20211","11","서울시","CS200031","세탁소","32006415802","1815001","24789330076","7217085726","5379472883","5379415273","5963948660","3683833142","4382660118","6586353375","630732351","228165018","4385443055","7762980982","9146418695","9843537430","639870622","13195528060","15250833522","77842599","3437526415","7133305047","8247837997","6584213408","2965564172","1372256","442745","307386","266296","336912","214966","246696","380109","62636","16331","232001","419045","508759","584235","54630","876215","879233","8189","286732","436147","465299","386726","172339"
"20211","11","서울시","CS200030","피부관리실","47799035231","241338","36787900512","11011134719","7164811967","8049868709","7614033258","6761431726","7197754852","8445280046","2565854673","287706068","2148056499","10587395110","14320758559","17637214484","2817904511","10616773412","35765380615","61711606","8395286967","15789636053","9502316282","8148409846","4484312529","181737","59601","35037","36920","38579","32362","38839","44261","15340","2717","9869","55566","75154","86994","11038","64055","172777","1044","66840","78935","38612","33527","17884"
"20211","11","서울시","CS200029","네일숍","16792908033","201957","11884018706","4908889327","2252418713","2424143973","2626281285","2053676242","2527498493","3208753117","1700136210","10271595","139899128","3482498764","5408029998","7143314009","608894539","2191718381","14390317223","65479791","3681959878","4725882453","4030225777","2474149317","1604352803","149208","52749","28983","29488","32331","26847","31559","36791","15958","154","2897","45729","64320","82908","5949","29184","170639","2009","54355","62335","38792","28060","14289"
"20211","11","서울시","CS200028","미용실","262799095486","5964437","160826218241","101972877245","29017599041","29677113095","34677093468","30957183296","36497229341","62002803853","39970073392","113034286","5397290065","61102041475","90798666382","100929588037","4458475241","106105219181","154541735369","1803005620","46894783399","65852483776","62723846800","53559179800","29814281820","3784134","2180303","763410","706666","812363","700968","800727","1252762","927541","2147","203880","1516297","1976402","2212419","53292","3387475","2554036","71455","1106616","1374840","1381879","1288160","718636"
"20211","11","서울시","CS200026","자동차미용","12177276394","218646","8886264011","3291012383","2031599467","1652284036","1987142717","1396598733","1818639058","2211809945","1079202438","853286","1801589051","3366561173","4559806407","2041838322","406628155","7125436397","2081595312","1611112","474567731","2385761711","2690753876","2007847721","1645909078","154192","64454","33478","30378","34317","25100","30919","38644","25810","55","37578","67274","81945","29927","1867","123299","41843","158","11450","42221","47705","38661","24955"
"20211","11","서울시","CS200025","자동차수리","231842978744","1422580","191023493681","40819485063","39421631948","39633501209","43978777687","33116163403","34873419434","38391514338","2427970725","79044934","32088850546","63531531161","82364624404","53019593654","759334045","147187527184","51645401160","12270535","8514569341","36614057374","49628089533","55519433419","48543565375","1145084","277496","252233","236194","252391","193156","211110","251703","25793","373","251888","417846","498393","250312","3768","923639","318625","516","63780","234577","306591","334474","302297"
"20211","11","서울시","CS200024","스포츠클럽","94699643425","326798","81752801795","12946841630","20312444307","18469850972","17505693117","12674321391","12790492008","8166206721","4780634909","68659826","10279718100","16285575780","19984567105","41705299080","6375823534","43918895952","46765031859","379450105","24996081445","24442538132","14577706769","18816655527","7471495829","269552","57246","67368","61583","56331","43035","41235","32649","24597","614","38518","60757","75691","134340","16878","171716","148201","3268","109379","79478","44053","59439","24277"
"20211","11","서울시","CS200019","PC방","108782573566","22869891","70255896735","38526676831","14308970730","13634305307","13619478880","13149288614","15543853204","19536311150","18990365681","10369243440","7785402604","15600461873","26537182498","34394400710","14095882441","91359689873","17400305154","7898955898","65115012958","21970179838","6529926766","5710623876","1535295690","14922666","7947225","3014654","2905451","2916719","2794362","3291480","4025716","3921509","1981938","1565229","3158825","5838837","7473570","2851492","18855864","4012762","2468752","13597414","4033601","1284678","1191064","293119"
"20211","11","서울시","CS200017","골프연습장","65216319228","1265566","43196305595","22020013633","10027136579","8640931124","8949047808","7889277680","7689912404","11485456018","10534557615","472237539","6377844364","11803165720","15661596969","23967917805","6933556831","42826737018","14427687548","7415960","1952435851","10826420824","17373752004","18246233802","8848618721","780308","485258","158764","156007","163851","147548","154138","241850","243408","6403","101988","235824","305658","463629","152064","944450","223956","313","39646","210948","385733","379099","152713"
"20211","11","서울시","CS200016","당구장","19124320637","1041856","12898992063","6225328574","2624038155","2683870213","2625195035","2303826900","2662061760","3343987007","2881341567","179461182","648035869","1314586837","3615308267","9901043509","3465884973","15532975206","3072879941","232486797","2310276175","2547174184","3929914354","6118041760","3467961900","691236","350620","136879","138140","142230","130342","143645","188119","162501","4387","6673","59076","203775","567579","200366","923685","100563","29340","129721","110618","209855","341499","203198"
"20211","11","서울시","CS200008","한의원","231484250825","6065084","183294465769","48189785056","43679302657","40428800510","36764873836","27223490627","35197998139","44547169093","3642615963","17749420","25277779373","83489489941","73619892465","48508238734","571100892","88353601289","141389577328","170297879","15743473141","36918085129","53849556471","59233167665","63829054466","5065681","999403","1170551","1053005","1076903","793006","972216","884570","114833","1369","882013","2052899","1818330","1305047","5426","2703160","3342142","10824","361667","778292","1115339","1513390","2265819"
"20211","11","서울시","CS200007","치과의원","602791495557","4253559","525962339073","76829156484","113853171193","123814645076","106995552641","80923321825","100375648338","73912812784","2916343700","212777","73273733747","209392384975","195778678735","123249714300","1096771023","298872920640","301170502660","573747040","49967391382","89233286143","132683951878","162648739994","164935292883","3675731","577828","830459","857365","760824","538070","689013","562019","15809","35","689520","1329340","1471243","759773","3648","2086091","2159835","11651","471376","707197","998330","992486","1064793"
"20211","11","서울시","CS200006","일반의원","1422744049424","32412586","1201970152229","220773897195","262199734268","263949764204","233058880766","202296979865","240464793126","213657339737","7116557458","122522562","299665517163","454934212932","442211811423","224236636773","1573348571","530644954695","889176877732","2518791810","191560850743","287116630436","304569363107","353880705665","280178965309","27780571","4632015","6677305","5950701","5547186","4440328","5165051","4410308","221707","490","7577198","9491140","10734557","4591132","18069","14844564","17543034","128015","3338337","5584987","6690871","7342631","9302786"
"20211","11","서울시","CS200005","스포츠 강습","77462747962","285656","70621457285","6841290677","16359261476","16234490891","14439245320","12350845773","11237613825","5399304843","1441985834","55558932","5369051027","14148357388","19270826312","33819954408","4798999895","25255922116","49277589697","172867579","11707972217","20213534359","26208707793","11977081472","4252493837","259585","26071","61778","59612","54465","42305","41425","17632","8439","658","15212","47826","80013","126211","15736","107803","172310","1590","40427","68806","119581","36809","12895"
"20211","11","서울시","CS200003","예술학원","97388791049","431061","81851320369","15537470680","16832784144","19673617990","17915472893","14005667870","13423777472","11351686663","4185784017","51756932","3301706612","18699757525","36392025634","34583114973","4360429373","39663705287","56746285926","318319395","6613798495","14980938950","51904804199","19164261725","3427868446","379938","51123","79126","92494","81868","64875","61575","39462","11661","230","11478","86770","183256","138380","10947","172116","256157","2725","33022","88231","235440","54198","14635"
"20211","11","서울시","CS200002","외국어학원","59596790895","160963","55155840895","4440950000","12156316211","12701695923","11339984642","9723232872","9234611247","3224578540","1216371460","182458921","10038115889","12442839407","20040627603","15097704272","1795044803","25981688756","33034834955","62414081","1615793634","12998728864","33915840306","7964803042","2458943789","144730","16233","32343","33116","29595","25183","24493","11955","4278","432","19351","30089","55350","50032","5709","66478","92943","444","8944","28410","93224","23133","5260"
"20211","11","서울시","CS200001","일반교습학원","676565893738","2135571","539345617228","137220276510","122699139531","121025757887","110382823984","87536419322","97701476504","88321722526","48898553984","1623520048","42802691785","108107893045","218467272916","263743514390","41821001554","290558912211","383100021511","1235849067","5039834297","35817985667","426716997265","187690020093","17158023680","1694380","441191","398425","366878","341471","269323","318283","283270","157921","5501","161364","352479","697155","802029","117043","899308","1231492","8570","25874","145439","1365763","536724","48407"
"20211","11","서울시","CS100010","커피-음료","512934662055","68258953","385018834902","127915827153","71950250024","79365602198","82060564389","72359070270","79283348021","69541655001","58374172152","1073026573","73068513358","175376689625","137875077993","110466776890","15074577616","208571822292","247520035249","6822503293","139581100752","133811944070","90563846670","60305999063","25006463820","53053729","15205224","10235653","11025568","11439761","9842289","10510458","8233211","6972013","46186","14423069","22765795","16997005","12552234","1474664","30236548","34069962","1111407","20701278","19354630","12338748","7911731","2888707"
"20211","11","서울시","CS100009","호프-간이주점","420893849805","11303774","303170338742","117723511063","52407705365","58258952489","63005061013","57364014388","72134605487","73707150053","44016361010","9210741320","3909136693","22096911808","18769709630","192411798772","174495551582","244772202405","131103706118","7703982277","113029071456","90593573491","69993127152","63191621281","31364724983","8114340","3189434","1448788","1584936","1694815","1513296","1872505","1908879","1280555","79110","423709","1473447","984620","4962398","3380490","6239365","4434829","267072","3585114","2580630","1779819","1652955","808520"
"20211","11","서울시","CS100008","분식전문점","270340695930","26727952","203745724958","66594970972","38480502240","41927045928","43364681998","38939093988","41034400804","38209667369","28385303603","2359090787","21004879348","91872857719","49192238051","88616190266","17295439759","123240293545","116139770308","4441563246","49461155765","57671662563","61192913457","46003765617","20609003195","20445251","6282701","3954399","4276404","4346358","3835129","4032961","3576606","2706095","217696","2600081","8730574","4954733","8672574","1552294","12540591","12835751","549212","5686693","6307466","6192311","4590582","2050042"
"20211","11","서울시","CS100007","치킨전문점","115483624051","5575471","82002063416","33481560635","13513685185","15463465700","16928024961","15487178643","20609708927","18649180266","14832380369","2246543598","393454301","5326260074","9279604726","64712028358","33525732994","64984111610","41177227273","1503085913","19404344632","21691715488","27640204930","24811053929","11110812975","3895371","1680100","643066","740163","799589","730995","981558","923590","756510","114201","32548","345241","515845","3077261","1490375","3168320","2174023","90884","1081960","1151046","1303202","1166669","548546"
"20211","11","서울시","CS100006","패스트푸드점","156666759661","13657116","109658175638","47008584023","20128392528","21760750320","22511340195","20980811584","24276881011","24429627586","22578956437","1780994348","8409775048","44869016882","30144775553","58494761950","12967435880","75202687345","64680676331","2328929296","36796929860","35470713826","31030416047","24153474100","10102900536","9824491","3832625","1873359","1991787","2062164","1852773","2044408","2013880","1818745","171920","1129815","3861999","2691622","4697285","1104475","6922914","6151002","289417","3856461","3442583","2655762","1980351","849406"
"20211","11","서울시","CS100005","제과점","258992810563","26864288","189187219133","69805591430","35466731220","38215852809","40035849950","34911750811","40557034343","38225955895","31579635535","159249415","38566100731","61954994234","64477760077","77652716136","16181989970","97128998403","136758282755","1726282467","42413569511","56419762416","58336693706","46149386089","28841586970","19837780","7026508","3893094","4120662","4210080","3607027","4006917","3790647","3235861","16728","4636075","5893407","6214148","8272503","1831427","10140608","15659655","257111","5365772","6411029","5953556","4780023","3032779"
"20211","11","서울시","CS100004","양식음식점","248015584918","6799672","168086430190","79929154728","27933022089","33132432496","36334170540","32490339053","38196466012","44952938774","34976215954","1397204140","1038410460","72188433447","44164498427","104263180803","24963857641","102742967099","101649598883","2421597442","63986036925","62193298019","36564408466","27513189485","11713938344","4858785","1940887","868087","990481","1045802","916126","1038289","1070080","870807","18846","72097","2677924","1288129","2440773","301903","2878073","3264436","128348","2065452","1786705","1079878","782438","299670"
"20211","11","서울시","CS100003","일식음식점","238728662661","6564337","186299385917","52429276744","32472318509","38162008516","40202202162","35671095988","39791760742","32458793200","19970483544","502206960","466398003","73548207882","24231254226","104853381475","35127214115","107244676933","69218856726","1674418610","47193831168","49520041398","34730816577","28380041148","14964318947","5185610","1378727","962887","1080075","1118803","972357","1051488","803233","575494","6699","27759","2986922","875631","2297283","370043","3069997","2612901","106930","1836100","1551620","1000118","809698","378438"
"20211","11","서울시","CS100002","중식음식점","222032429706","8487866","162374232870","59658196836","28776541821","33323872867","35059277390","31067658102","34146882690","31897273236","27760923600","717177109","1589300815","85375510808","30368859954","88527751601","15453829419","109799898972","65401642772","1704005101","32160898759","43780015740","42239265966","35450299153","19867218070","6385673","2102193","1171059","1335638","1380759","1209118","1289099","1105718","996475","30767","72565","4055673","1364003","2701879","262979","4646022","2838595","132986","1522868","1796911","1743925","1455098","832892"
"20211","11","서울시","CS100001","한식음식점","2542491504216","84916976","1914077988347","628413515869","353143248006","390208632802","411065957110","359099529264","400560621165","360176282237","268237233632","7863428910","48004632625","734785883868","286495497428","1188593714711","276748346674","1315394151030","719412483782","10503651505","333051251043","452628744456","449136164920","464574384403","324913141869","66182815","18734161","12968949","13790976","14092619","12248847","13081424","10526823","8207338","270584","2612310","36133120","11300816","29627753","4972393","46978256","28076132","613994","13514340","16769019","16024947","16284389","11847345"
"20204","11","서울시","CS300043","전자상거래업","188026444285","3062546","143193606764","44832837521","37267940548","26833960766","24257142747","27669173429","27165389274","26237501079","18595336442","2844055259","15412269887","47996963600","61542761557","49683249777","10547144205","78733681839","94817450943","928776075","26417633157","38075855306","46559149778","30751342418","30818322942","2106040","956506","383916","406757","394345","444171","476851","537006","419500","69942","308039","654735","941772","888617","199440","1091183","1897549","49379","777896","704685","735365","460298","261096"
"20204","11","서울시","CS300036","조명용품","463423556931","4459651","406656959806","56766597125","94398163584","85086907196","82288006807","74684903360","70198978859","46902773495","9863823630","29502790","91419980196","132921292078","187473673846","51546813990","32294031","240389583433","100615733851","30575244","11165884204","37016994083","112003895218","120355072518","60429134133","3808058","651593","861845","795348","745548","740417","664900","541930","109663","631","911654","1358062","1595566","591530","2208","2479244","1036133","2738","192562","535060","816720","1068018","899811"
"20204","11","서울시","CS300035","인테리어","41569362677","674782","35201451264","6367911413","6843582346","8697601619","6510690572","6777707245","6371869482","5205813742","1162097671","20857121","9723083655","10352364838","15399143729","5974451234","99462100","16200094709","15818561503","15912430","1836267726","4457281587","7021442224","9301905335","9384874205","532765","142017","110615","107368","102757","113276","98749","103860","38157","336","151998","188902","219140","111666","2740","305296","259533","774","42935","81386","121538","154483","163686"
"20204","11","서울시","CS300033","철물점","66451812634","1372349","55584723948","10867088686","10968378918","11925019832","11495533935","11230558448","9965232815","9277590735","1589497951","6539414","15886990634","18712717349","20498233020","11140604281","206727936","32221724882","20659219271","22073615","2527495276","7016487657","12703907395","15862384948","14748496726","1134303","238046","249317","230884","230840","225420","197842","188550","49496","195","356583","402760","419572","190494","2745","734463","334681","2408","104387","178088","231772","300658","251781"
"20204","11","서울시","CS300032","가전제품","304297246976","875156","192530068276","111767178700","46907602460","38379315874","31201302364","35813121326","40228726252","55052562522","56714616178","1005773347","15616613690","77358800516","115117369243","90937896091","4260794089","153307250185","134326413973","283405554","19234805936","57975605466","75168805323","75759417769","59211624099","573161","301995","136225","111269","103902","109194","112571","156819","145176","2465","59176","231291","312026","258409","11789","471702","358631","2432","77835","154612","191729","210428","193299"
"20204","11","서울시","CS300031","가구","233029992637","639857","151011202678","82018789959","30881074577","33124086055","30101878389","24119050836","32785112821","50725343976","31293445983","9755697","11404707371","63674621221","101052007625","56459240519","429660204","107805667057","103427567280","47530008","13399270375","34821772807","51188971211","61600378216","50176979944","493284","146573","105386","113550","91125","89527","93696","97606","48967","45","95355","198051","234812","110262","1332","305489","275275","1629","87314","136269","119189","136952","99413"
"20204","11","서울시","CS300029","애완동물","17424669142","608204","11669369529","5755299613","2483593187","2026495703","2342102971","2284810572","2532367096","3434121986","2321177627","83283803","802102007","4138807004","5914589319","5713044416","772842593","7172279813","10029978332","97539085","2678859985","3046009273","3935143589","4832440155","2612307239","424359","183845","89723","82557","84854","84822","82403","101861","81984","3219","25462","127003","199862","225737","26921","233365","372059","5361","110861","103330","126882","161929","97072"
"20204","11","서울시","CS300028","화초","51356091442","1036262","41007326245","10348765197","8048395760","7814937025","9020028352","8636794662","7487170446","6903977371","3444787826","227096001","7809170837","13245399170","18987546739","10216540090","870338605","17052175703","17044210850","135117099","5298623396","8120777294","6420283928","7553239051","6568470162","784498","251764","139125","138456","163133","175998","167786","167816","83948","1083","103144","273399","328913","312812","16911","445474","466841","9366","227887","242276","157156","155357","120325"
"20204","11","서울시","CS300027","섬유제품","38524606297","387362","28854246460","9670359837","5749657568","5248617157","5513737252","5744547893","6597686590","5840702715","3829657122","1130054","3447192348","11892577914","16047054120","7020176873","116474988","13646313605","21528210549","52589850","1817292545","5388681327","6345847590","10534507217","11035605631","294049","93313","57547","58577","57746","63771","56408","64153","29160","14","34721","114162","160240","76777","1448","140948","228590","1665","40535","54558","54300","111048","107446"
"20204","11","서울시","CS300026","완구","28907001717","487568","16995678184","11911323533","2529001821","2424829889","2881569060","4175338595","4984938819","6444223205","5467100328","5624247","1155847737","7970284669","9602400355","9262706309","910138400","17843385867","10139885637","175371041","3113679371","10912035401","8773086994","2663312003","2345786693","277338","210230","41202","45453","45833","65786","79064","113159","97071","36","16160","116216","172116","169961","13079","293098","191605","3370","56907","201810","147179","32847","42591"
"20204","11","서울시","CS300025","자전거 및 기타운송장비","39941560400","271633","25212878456","14728681944","4775528322","3382390184","5600102417","4658683714","6796173819","9432732806","5295949138","0","1566751142","13795824984","14295526991","10184785671","98671612","28221366767","9387467784","228253995","3932613836","7545107118","11964699920","8877049280","5061110402","177882","93751","34160","31357","34357","36517","41491","58759","34992","0","18011","78414","107348","67255","605","189134","65865","5258","27603","47921","72594","58605","43014"
"20204","11","서울시","CS300024","운동/경기용품","277177932627","1598416","183775268701","93402663926","35140556108","36984125856","33854879064","40471270184","37324437489","50523551401","42879112525","90389915","12627017951","75670407295","110737638951","75572383238","2480095277","159655425330","92538057368","860214567","21458966768","47563512758","66798205358","64565522464","50941831345","999374","599042","173057","191903","197099","206346","230969","324986","274056","1810","90685","438013","625153","427124","15631","944565","593775","10327","160794","244399","314542","428523","379677"
"20204","11","서울시","CS300022","화장품","806186417202","24124813","640410685367","165775731835","131373627726","128100314513","127385731090","134371562270","119179449768","92851131420","72924600415","4078554244","56353096839","201775388623","235609939910","255530874761","52838562825","236327919845","532418975961","10076711121","200049700086","183440235414","172044893583","133028644555","70118296092","17620044","6504769","3479755","3448977","3489087","3594424","3607801","3602776","2901993","38397","1026717","4904718","6226062","9866016","2062903","5990846","18019515","642844","10285260","5765594","3367104","2718804","1230847"
"20204","11","서울시","CS300021","문구","343637066952","10840603","320576725107","23060341845","63864599562","68226229040","69329537834","68054390942","51101967729","16937030631","6123311214","4645692","52862464787","107572737819","135548989444","46668024744","980204466","81791637975","58298155522","2160462965","14957920884","21033649005","39794311568","39993515508","22149933509","9319857","1520746","1947627","1955351","1931254","1920221","1565404","1027583","493163","214","1305045","3242545","3754653","2435936","102210","4020731","4353068","351992","1736869","1702341","2258457","1430112","894005"
"20204","11","서울시","CS300020","서적","100670958503","2142867","82783184771","17887773732","18039445503","18493261597","15575410858","17573129088","13101937725","10153736975","7734036757","609793","6727283408","28977293629","41504089735","22322591889","1139090049","34955288140","47411165915","1453226729","9298052338","17345011172","27716320238","18894562505","7659315630","1584239","558628","321905","325900","308991","328593","298850","315749","242879","36","120672","541645","731069","704778","44667","885074","1179197","97076","353515","367335","676496","388571","181277"
"20204","11","서울시","CS300019","의료기기","228511204347","512881","220126837180","8384367167","47295541237","48686691516","49214107458","41591697173","33338799796","7564257691","820109476","289016489","45636967706","75628645205","91904130168","14665911703","386533076","171975621407","45952700845","55722564","3320957748","15476419695","66307543800","72440633783","60324370476","452910","59971","104569","87854","95064","90722","74701","47746","12225","2668","90645","173523","191348","51896","2801","277605","224165","1841","21647","50705","105838","124299","197263"
"20204","11","서울시","CS300018","의약품","1340650924271","59056266","1203212375684","137438548587","257440227141","251597518483","224581351525","254681161567","214912116968","118024660614","19413887973","205207098","266352444246","403624907479","448336539919","214851236411","7280589118","700687100916","589296927739","2589269005","84751921921","185966545856","310164008015","333754753479","372756291295","50069289","8986977","12230979","10162854","9485341","9743308","8446807","7486067","1500910","17792","10629426","16467549","17955139","13388167","598193","27800308","31110432","360810","8030009","10909245","12173703","12751151","14685821"
"20204","11","서울시","CS300017","시계및귀금속","218578659249","587015","170323619904","48255039345","34881329711","30995433060","33083284022","38738458202","32625114909","28895922060","19359117285","3250055","12307063918","56678588780","96093441960","52838543311","657771225","110871774139","86007221763","1430334500","25914583924","45485843398","54153603831","37636974669","32105934520","445388","141627","91608","84166","87343","89996","92275","87723","53904","8","26072","154159","234183","166867","5726","261803","289610","12493","136569","137500","104861","94434","65321"
"20204","11","서울시","CS300016","안경","91612942020","1072066","64467779601","27145162419","13679963702","12796156728","12633310312","12860931011","12497417848","16696538434","10448623985","0","3632419519","22262060727","31296678976","32833084750","1588698048","42713980103","47703312811","948574092","17997436892","17976724063","22361166933","19438724743","11694781690","778826","293240","161508","152946","153928","156812","153632","178757","114483","0","46245","245811","329685","422627","27698","404302","662944","34146","346019","206725","205065","176168","99149"
"20204","11","서울시","CS300015","가방","28555310439","537404","20224400391","8330910048","3184397251","6029983695","3396191892","4151170641","3462656912","4748853663","3582056385","7810044","704294123","6254252883","12395405869","8617457934","576089586","12309174977","15306648101","286508987","5712024998","5428923269","7425028551","4940392001","3823350043","351468","185936","63556","65982","66604","77433","77893","102014","83922","71","13103","123944","185056","198801","16429","182907","347785","9637","148545","130435","89167","86802","66133"
"20204","11","서울시","CS300014","신발","152552033234","1569254","101920225574","50631807660","17840919027","18219519863","21565029635","20479058044","23815699005","29116056335","21515751325","286079751","9013413754","37768672647","51658209252","50432346456","3393311374","73941556924","68709807427","1598362055","36805565501","35272550942","23879118410","25164831680","19930871635","1043049","526205","187933","207744","194179","219542","233651","294807","231398","1665","87151","388918","538835","515773","36912","725279","790738","19534","377714","337137","228621","297369","255632"
"20204","11","서울시","CS300011","일반의류","1716362695285","23373916","1071874527050","644488168235","178507006578","202495063749","216288739912","225273940877","249309775934","350677371046","293810797189","5390237301","40856040973","394280557220","643801262547","591417774609","40616822635","664445363130","1013641991478","11557175336","289134294637","388513240691","386069849508","355756415178","247055963240","14870190","8503726","2532187","2702083","3051429","3128515","3455976","4549599","3954127","169627","633222","5382185","8265944","8254332","668606","8407288","14829966","278842","4710111","4905060","5415369","4804596","3123219"
"20204","11","서울시","CS300010","반찬가게","604011006968","18450783","507852033615","96158973353","109809996004","102663074050","100143515739","99550267530","95685180292","74784747855","21374225498","64490499944","155481695748","141351399270","156148574190","69383224026","17155613790","262963478682","237481374114","505386649","30562002666","92207434966","109548083279","139583427951","128039155880","15262137","3188646","3193225","3115193","3011541","3137105","2805073","2128769","1059877","1073644","3379582","5532580","4253625","3666211","545141","9051190","7916821","71670","2449486","3874509","3892460","3704766","2975148"
"20204","11","서울시","CS300009","청과상","544549944641","16771206","411075864836","133474079805","77683901639","81152510757","82469789907","86939279684","82830382849","86018432676","47455647129","7190449325","112334835922","165269996250","176081104886","75479971578","8193586680","217472129403","290779680446","884920886","13854897027","59014768130","83866988599","124725621828","225904613326","12132175","4639031","2214579","2403877","2330336","2678211","2505172","2848586","1790445","51172","2072941","4778236","5844909","3731432","292516","6676213","9658475","22016","669325","1840954","2938493","4122141","6741802"
"20204","11","서울시","CS300008","수산물판매","1237473145089","20668806","713999654173","523473490916","89302194729","102771864424","111268282122","194234660508","216422652390","328445777728","195027713188","22796952269","156879385051","268217589620","364896915307","395357697715","29324605127","687538930355","419877339492","1018260495","112675137267","237666275069","242164298138","259679696121","254212602761","11885552","8783254","1624060","1794585","1912366","3029944","3524597","5394298","3388956","233508","2353128","4647833","6568471","6433408","432458","10919398","8660681","22492","1942844","3638714","3983320","4761327","5231391"
"20204","11","서울시","CS300007","육류판매","693816509972","15960793","519861380736","173955129236","92610067073","95920111276","100365622797","118791725304","112173854286","115897597612","58057531624","9595302309","110891982020","173512121423","220277831628","169650590107","9888682485","287993372024","353715955763","387346963","25420327372","79225707695","133943684003","194326576826","208405684951","11320037","4640756","2091292","2054933","2122129","2538982","2512701","2864513","1776243","96705","1633355","3525814","5074457","5374776","255686","6711553","8926044","22542","969704","2218880","3341339","4545028","4540126"
"20204","11","서울시","CS300006","미곡판매","111476877805","1955496","94372525616","17104352189","17836058848","20106187632","19668162419","18821421486","17940695231","13615782653","3488569536","4533171754","32222092403","26459467617","36288838178","11239574967","733732886","41181340571","60180976731","37580846","2639090270","9177273936","14843182588","27720426119","46944763530","1582569","372927","344108","320099","313930","303885","300547","280171","92756","83158","438811","508011","612399","282580","30537","807193","1027686","3769","58760","148928","282958","497481","842987"
"20204","11","서울시","CS300004","핸드폰","76122797795","1378009","59869065562","16253732233","9263961672","11126360007","13956037817","12386386387","13136319679","9226894170","7026838063","147941295","4170884218","20047244985","25854045846","25138476484","764204967","32648477976","27155276180","1192961336","10094290034","10287922041","17294619692","13091759004","7837160056","1065390","312619","212261","195065","216382","224314","217368","200651","111968","807","75038","370151","424220","487480","20313","703518","628362","39984","324553","244823","282721","278998","160286"
"20204","11","서울시","CS300003","컴퓨터및주변장치판매","1280523364401","18302476","1142772570744","137750793657","252455280869","212388270568","238762657636","236887318452","202279043219","91734381643","46016412014","1328624803","146881983519","354867070418","539296990192","233544267705","4604427764","469496732470","197537928164","3524052685","80323634061","131499406573","229662841863","144413056937","77603291396","14607930","3694546","3174303","3027525","2863449","2907987","2634666","1846067","1848479","564882","2544616","4320284","5036313","4252480","1583901","7277787","9724075","1259578","8663923","2058681","2048478","2175822","795348"
"20204","11","서울시","CS300002","편의점","1104679009369","176007742","817916550996","286762458373","157270350455","158481006347","161929185869","174334291494","165901716831","154127184962","132635273411","120937283717","176061090677","147764919221","148022540507","298427424469","213465750778","715998111454","363928442351","17126509129","308181263124","301962326173","234571547552","153198753018","64886154810","132048024","43959718","25911286","26060738","26348083","27795012","25932905","23417343","20542375","16798520","33663391","26910923","24687976","44377246","29569686","112425680","61741806","4590773","57767815","47051311","33439123","22257016","9061469"
"20204","11","서울시","CS300001","슈퍼마켓","935028519519","67993805","682418902554","252609616965","135415987614","131546742067","130766648100","145441629868","139247894905","144047416963","108562200002","12219345170","88536348788","174214113078","234989425680","336382087006","88687199797","426332876547","458383044589","3867556539","90473546212","153454889371","222433791626","229056578589","185429558795","49574342","18419463","9887204","9659481","9628624","10488741","9910292","10152130","8267333","960426","6164585","11497263","14845228","26045398","8480905","34771096","32237244","761581","10651412","13345006","15512007","15162675","11575665"
"20204","11","서울시","CS200037","노래방","47369405842","1380249","31619665183","15749740659","5225973976","6531310240","6490501469","6369282229","7002597269","9045246634","6704494025","22180324701","1058456185","304390344","761245306","6311304598","16753684708","36936888236","7352346782","602524502","7195647206","8261096482","11776411205","11663757438","4790088075","905213","475036","182213","169137","172493","174538","206832","263474","211562","351242","16019","44274","119123","383623","465968","909955","452788","134461","678244","230297","138127","130645","50950"
"20204","11","서울시","CS200036","고시원","2578333497","51077","1301052960","1277280537","215946076","280164354","149339406","268573887","387029237","477846898","799433639","525301921","188861182","106227173","251991756","1051705703","454245762","2130444447","438533790","33237019","676470155","855962564","376546114","458199309","168563076","30126","20951","4542","6092","4796","6311","8385","12418","8533","12784","4620","3566","5991","12133","11983","40742","10096","874","15060","11364","8006","9043","6487"
"20204","11","서울시","CS200034","여관","44838863123","1083393","28112767355","16726095768","4815481534","5407824425","5213187336","5675108478","7001165582","9154434664","7571661104","10442266925","2794078615","3360400643","5203886150","12569012580","10469218210","31095479103","9931317503","848869135","13971689179","9381021115","8209712316","5707305402","2907968854","672565","410828","117038","126700","132238","141479","155110","214993","195835","205043","53526","105337","164926","319527","235034","780897","267091","25519","438650","235359","167017","120993","60435"
"20204","11","서울시","CS200033","부동산중개업","6382140792","352346","5159119499","1223021293","1418957418","960243190","875379162","946613053","957926676","562247504","660773789","124570096","1300338293","1216575109","1700862462","1856413184","183381648","3620506078","2146763589","7586127","944121016","1164541029","1413219906","1191365038","1046436554","279082","73264","57245","60354","49133","53094","59256","42015","31249","3512","52871","96050","111963","73242","14708","199374","111594","284","48345","95697","84283","47596","34771"
"20204","11","서울시","CS200032","가전제품수리","12445129884","173414","11263520447","1181609437","2639065648","2443924629","2371587878","2232061282","1576881010","1095361205","86248232","7096551","1907845476","3989645580","4656214937","1849009583","35317757","5748225701","4897626166","21746044","681899069","1781364303","2766288270","2679622108","2714330323","156123","17291","37474","34003","30385","31047","23214","15797","1494","71","29076","57509","64482","22087","189","87448","71559","294","11510","25538","36487","39453","45681"
"20204","11","서울시","CS200031","세탁소","29257497372","1667272","23585410930","5672086442","5403675330","4409085912","5397743900","4428526912","3946378876","5251396230","420690212","150967728","3528695962","7189376440","8313775732","9332476207","742205303","12018724749","14129338000","75407578","3987725059","6812404386","6980374678","5663859025","2628091039","1311115","356157","296644","240295","308665","241957","223554","322203","33954","13183","205317","385564","472322","546632","44254","798050","808955","8318","292043","404224","412497","336614","153288"
"20204","11","서울시","CS200030","피부관리실","38186020663","207135","29974607233","8211413430","5588484434","5340045507","6015309347","6975280324","6055487621","6257281985","1954131445","337629599","1505436999","8078377278","11386286096","14717672712","2160617979","8481005233","28732405151","140818878","8651729256","11130670707","7499544091","6641898729","3148694784","158190","48945","29589","30202","31056","34097","33246","35914","13031","2492","8206","47348","62504","77575","9010","53960","150173","1541","66104","60843","34142","26715","14792"
"20204","11","서울시","CS200029","네일숍","10941961796","160151","8087794116","2854167680","1480404689","1481764370","1585376769","1774858781","1765389507","1898863154","955304526","67460565","163080978","2193660860","3523458797","4512848423","481452173","1947281534","8835226413","73767429","2533445577","3193764849","2395163850","1586217172","1000242846","118673","41478","22312","21985","23157","26315","24904","28616","12862","319","4110","37531","49694","63745","4752","38124","120837","1691","46905","46612","30647","22073","11047"
"20204","11","서울시","CS200028","미용실","201650404106","4736456","127253156637","74397247469","21429232033","22130185201","25372202768","26978335570","31343201065","46211681289","28185566180","195479110","4495738450","46115668959","69607415477","77021959757","4214142353","81202845021","118047036400","1924624446","40342110502","48936504336","46658025406","39352237540","22037484170","3053829","1682627","576591","535507","604111","641592","696028","990728","691899","3540","167388","1192227","1556090","1759908","57303","2679591","2038634","73279","988305","1058754","1100459","974494","523012"
"20204","11","서울시","CS200026","자동차미용","11577741821","186001","9083367839","2494373982","1758063256","1762932787","1568657226","1790843373","2202871197","1709300812","785073170","32239045","1759928196","3413780377","3794437406","2217262462","360094335","6201465711","2490076789","4587305","584170109","2323158192","2622513559","1867615448","1289497887","133455","52546","32042","25205","23688","26745","25775","33723","18823","239","33192","57303","68138","24155","2974","101514","42226","370","12223","40395","41480","31290","17993"
"20204","11","서울시","CS200025","자동차수리","227605976742","1420467","189940387750","37665588992","39851228282","37449297745","38806317721","38894429716","34939114286","35691103192","1974485800","146609879","31869675064","62205905801","82342432941","50104662026","936691031","142897571399","52540470653","105606972","9811758840","38638874909","48747455019","54543533084","43586873627","1170959","249508","260806","234162","232675","235815","207501","230102","19406","968","256820","422103","503757","233687","3132","929271","321502","1214","77883","257503","314451","324616","275122"
"20204","11","서울시","CS200024","스포츠클럽","64351825776","218671","57389736085","6962089691","14319014342","12812770601","11478589251","9993857153","8785504738","4780982463","2181107228","213225334","5175611963","9544217419","13852332599","27419460850","8146977611","29120182525","33452663179","436090628","20487194795","15651356401","10517461611","10163170669","5317629762","186154","32517","49126","40110","34240","33067","29611","19858","12659","2048","21279","36280","45365","87812","25887","115600","100242","2862","85563","53720","29234","31416","13056"
"20204","11","서울시","CS200019","PC방","69134453610","14534207","45706175624","23428277986","8550173130","8490075985","8482497772","9761106905","10422321832","12081029402","11347248584","9920976567","4474796453","8077746699","13864886540","21126010543","11670036808","58194031950","10903028049","6624773180","43656213663","11099592673","3768934110","3267756296","679790075","9689322","4844885","1805834","1802867","1817270","2066862","2196489","2497022","2347863","1938609","852576","1671451","3086501","4601923","2383147","12095898","2437541","1975383","8908315","2072759","752249","690503","134231"
"20204","11","서울시","CS200017","골프연습장","51223025911","1016671","34932920981","16290104930","7324413849","6737606418","6274110610","7453517556","7143272548","8362709259","7927395671","2021811777","6013551832","8005765550","11678085591","16446786731","7057024430","33249084187","12122694920","14247090","2020306776","9063233248","14240901617","13903959027","6129354825","634637","382034","125416","112938","116126","130937","149220","192020","190014","45254","92612","170334","226481","321904","160086","764678","185949","679","43840","196867","315450","291276","102540"
"20204","11","서울시","CS200016","당구장","15062042064","770032","10317497602","4744544462","2120417304","2089529740","1842357502","2114696984","2150496072","2603014616","2141529846","1514093392","327356390","1034986090","2281254536","6027762606","3876589050","11818866585","2843017490","261644008","2303878738","2393890648","3493834747","4244816631","1963677354","509599","260433","96478","91496","90299","107880","123446","142007","118426","79999","7700","37602","110021","319275","215435","677579","81029","30872","109844","93158","174047","238799","111867"
"20204","11","서울시","CS200008","한의원","209453039171","5517451","167717876745","41735162426","41355215244","35499975944","32095956956","29788839120","28977889481","38785767042","2949395384","30782280","24429678200","74014544358","66521087290","44094171895","362775148","78996483714","128614271700","276791739","16451573325","35637899336","51198155825","49985452712","54059846721","4653453","863998","1117119","921114","935343","859011","820866","773609","90389","1820","819513","1819026","1667980","1203971","5141","2445091","3057103","12900","408886","758825","1095102","1352853","1873540"
"20204","11","서울시","CS200007","치과의원","553016436381","3990766","488628837965","64387598416","110494484818","113233079030","97822136362","85041182599","82037955156","62557336727","1830261689","7422367","66762233585","189965653506","183407294875","111706778992","1167053056","275432452946","274700878355","1178785063","52127609993","83978105184","125043018201","141668723112","146137416967","3479400","511366","826474","779386","698452","601622","573466","496772","14594","151","645075","1235978","1390717","715244","3601","1967868","2013809","16773","501706","704482","946831","884288","927639"
"20204","11","서울시","CS200006","일반의원","1292205595156","33441518","1097609699485","194595895671","254167117502","231258064481","204308086209","213405058772","194471372521","187838577747","6757317924","96206867","274696668892","415615306462","404024401563","196548546839","1224464533","496070875304","791412371036","4344331966","183135115282","261624558413","295361164746","306397886548","236620189371","28807075","4634443","7254340","5828609","5364148","5536681","4823297","4430495","203948","324","7889949","9665548","11187777","4683427","14493","15244033","18160715","217129","3818722","6071344","7390217","7409119","8498216"
"20204","11","서울시","CS200005","스포츠 강습","52209154875","269285","48324453961","3884700914","12850568934","10658349113","8821066035","8665937684","7328532195","2747427079","1137273835","109504576","2889125009","8244285948","13475093434","22821255333","4669890575","18011789779","33069021977","193199349","6385997677","13972324983","20958482009","6835678659","2735129068","245760","23525","61373","54607","46691","45767","37322","15228","8297","249","10417","50155","78124","112459","17881","99495","163930","3781","38365","72503","114525","25301","8958"
"20204","11","서울시","CS200003","예술학원","79474116719","303224","65292751012","14181365707","14669480441","14582912871","13561289137","11580983673","10898084890","9593089945","4588275762","26619136","3033533391","14043175792","26885760452","28981521627","6503506321","31888173795","46604764982","624821312","6028368620","13267537893","39240469588","16680787589","2650953785","266561","36663","62641","59884","53959","47358","42719","27201","9462","57","7864","57269","123180","101947","12907","117566","183430","3339","26089","74287","151715","35870","9686"
"20204","11","서울시","CS200002","외국어학원","77500116174","244120","66861920426","10638195748","15946059102","14370612654","13146503891","12994974222","10403770557","6658762857","3979432891","154837861","10759772342","13715972716","25360449900","24167582983","3341500372","32952977046","43286538437","229508890","2109783593","13785785917","44790122339","12799833738","2524480995","199948","44172","50031","43903","37921","36519","31574","27753","16419","351","24541","42741","79134","85726","11627","100161","141734","1216","11656","32366","141275","48917","6457"
"20204","11","서울시","CS200001","일반교습학원","471141157595","1623897","381105795911","90035361684","90494478063","82083814003","74349077974","72804773861","61373652010","57280500712","32754860972","978368547","29013091349","67772906428","152075775105","189601581851","31699434315","201724271249","265932311399","926943871","4816254077","34734885317","314889486682","101045783510","11240800425","1314196","309701","316495","289414","240769","261031","206487","196209","113492","3654","137684","268138","521688","600833","91900","676192","942782","6910","25152","157143","1064255","328827","36675"
"20204","11","서울시","CS100010","커피-음료","410261723897","53882799","310708523949","99553199948","58296641724","61020875211","61505595467","66637014233","63248397314","55413861401","44139338547","4026192248","62581338534","134744788411","101492892323","86798352410","20618159971","165359015365","191373165040","6584280932","117846383606","101413382702","69638732587","44430638181","16818848218","42007470","11875329","8287457","8401974","8401874","8737249","8178916","6544877","5330452","321130","12067246","17235869","12334162","9839838","2084554","24066353","26656159","1138866","18313476","14445927","9336111","5649123","1838918"
"20204","11","서울시","CS100009","호프-간이주점","257077487291","5530829","173739584765","83337902526","29102174237","31316256843","32840000085","37279180074","43201973526","49804611903","33533290623","75880909047","2766329368","5303814990","4933971782","64943055563","103249406541","158912120367","74133100427","2960961878","84068128563","58307092945","40252101098","32729794591","14726678176","3722904","1807925","645484","658741","696089","795205","927385","1050551","757374","1376478","83241","300428","164721","1528378","2077583","3324063","1933644","84066","2142888","1242761","807213","677987","302788"
"20204","11","서울시","CS100008","분식전문점","232961727478","22557325","174178052601","58783674877","32648464387","34429642466","34652463490","37087717427","35359764831","33673310983","25110363894","5974267376","18708190187","72415845164","42181773679","75032116816","18649534256","104757180190","102965803828","4731276431","49453669223","48325994761","51801963181","36622709559","16787370862","17115693","5441632","3310660","3445569","3426945","3579689","3352830","3094556","2347076","412754","2329472","6965982","4127314","7171523","1550280","10501220","10971215","598961","5573248","5180081","5140630","3492576","1486981"
"20204","11","서울시","CS100007","치킨전문점","87138090487","3887432","62079104844","25058985643","10036317465","11183751418","11835916272","14312615311","14710504378","13895894269","11163091374","6030483044","305127997","3764754031","6283206003","43325784576","27428734836","48246016483","31470422299","1290890422","16639112026","16333960949","21327494446","17205119172","6919861770","2729041","1158391","438577","495960","516400","624549","653555","629038","529353","204137","21876","218613","337143","2002372","1103291","2169113","1551855","76300","848441","771006","941887","765229","318132"
"20204","11","서울시","CS100006","패스트푸드점","129810487714","11763758","92029447014","37781040700","16110740310","17405344444","17889852954","20347479900","20276029406","19616433637","18164607063","2572285734","7207068171","35682295276","24163665970","47994861946","12190310617","63447650112","52541201003","2699106308","34174857752","27729167688","25543659273","18529936366","7312123719","8508747","3255011","1583902","1662948","1677723","1822903","1761271","1709470","1545541","252361","1001152","3197492","2262910","3975470","1074373","6070661","5233109","342231","3760473","2759438","2242108","1569294","630190"
"20204","11","서울시","CS100005","제과점","215770842372","21751199","160667138432","55103703940","28684645319","30038558133","31728556930","37657493944","32557884106","30513760627","24589943313","249285207","33162482575","51508310728","51795531549","65078059003","13977173310","80438146101","111820720427","2037005998","37707847885","47096866272","49023878992","35727188105","20666079283","16140737","5610462","3108885","3150037","3207242","3487614","3186959","3051151","2559311","24161","3878537","4801603","4890074","6591309","1565515","8273933","12629009","297146","4795356","5202304","4920420","3592842","2094916"
"20204","11","서울시","CS100004","양식음식점","229185719954","5954933","160093369633","69092350321","24929957228","29781139265","31420858642","35802629220","38158785278","40269734344","28822615977","10951568420","1647822994","61008192885","34846404335","88536665683","32195065637","95175354094","88461628070","2498315106","60334040758","54451113207","32661342333","23342235591","10349935251","4275406","1679527","743052","816140","854717","912585","948912","943542","735985","174005","118544","2146573","1033676","2020262","461873","2557080","2829760","128931","1993125","1497737","921118","615102","230811"
"20204","11","서울시","CS100003","일식음식점","203958667998","5388441","160255552533","43703115465","27843919097","31285325123","32402656112","34698949995","34024702206","27300919587","16402195878","6039691860","422333563","58134089536","18919249684","84361273012","36082030343","91261263701","56984906297","1834226946","43347267833","40971862737","28753618701","21936573277","11402620540","4265035","1123406","797396","851244","865201","895208","855986","659986","463420","95166","32069","2322900","682518","1853429","402359","2559912","2129037","116573","1651834","1212933","825290","607813","274494"
"20204","11","서울시","CS100002","중식음식점","182652376822","6540156","134089808817","48562568005","23557161130","26328495841","27135063702","29209206258","27859881886","25872531308","22690036697","3252656105","1559300390","67276698410","24273530669","71361768148","14928423100","86470714385","53355585159","1615599261","28373145139","35284185213","33778634117","25888997547","14885725077","4895176","1644980","889095","978273","1006854","1041880","979074","858701","786279","87053","82608","2970932","1043860","2092437","263266","3515845","2263273","119611","1320916","1376583","1356294","1029813","575950"
"20204","11","서울시","CS100001","한식음식점","2348946454498","77505614","1762562265452","586384189046","321744823442","342631822561","351491160306","376085983934","370608475209","339352202353","247031986693","88071013425","48445287876","625819488574","245421082704","1001820361972","339369219947","1195490017905","679549641239","13071221925","366671551948","414134989893","416283192680","400555680074","264322242956","60037083","17468531","11776427","11936985","12065201","12417991","11840479","9872775","7595756","2194402","2616337","30379091","9888191","25731886","6695707","42453871","26822310","797025","15151681","15162053","14865880","13986716","9312826"
"20203","11","서울시","CS300043","전자상거래업","182758604470","3160198","139455313141","43303291329","26622788877","28637793769","28371266756","27614297564","28209166175","25846962423","17456328906","2901631667","15299103390","38265474621","69140088405","47867454422","9284851965","72709090321","97701721635","1135187124","27091642303","36952215437","43613187745","35321871119","26296683141","2159555","1000643","367453","420796","436042","439412","495852","566750","433893","68841","300008","691801","968954","930318","200276","1128604","1957350","54986","879809","673612","742539","473702","261310"
"20203","11","서울시","CS300036","조명용품","421798852914","4245532","379287311172","42511541742","79481036685","72275965383","74350855811","72778251139","80401202154","35340543182","7170998560","94689156","81551125313","128153688731","161465431187","50314186228","219732299","210467781285","93597933854","87306598","12768916465","34395018080","94502032084","101912888474","60394018831","3594059","651473","733436","744729","713225","691459","711210","521338","130135","2861","915072","1235857","1453679","633695","4368","2362612","976232","3538","190242","525494","779863","987579","851850"
"20203","11","서울시","CS300035","인테리어","40930675646","664444","34600764111","6329911535","7933068790","7197963750","5975715634","7231446872","6262569065","5275051774","1054859761","66680229","7433698658","12131674452","14803056046","6203279553","292286708","18337380280","14954365333","8563514","1693405576","4325901561","8950450367","9766819782","8547233758","523885","140559","97579","109610","103214","106089","107393","102077","38482","890","143633","180943","206549","128054","4374","322958","248886","993","41522","80335","123490","163906","161768"
"20203","11","서울시","CS300033","철물점","51545875128","1327542","43053757248","8492117880","8439985875","8416891087","8490589809","8797840002","8908450475","7350879149","1141238731","36215951","13450172042","14420054541","16199864857","7327927285","111640452","25133659872","15721905848","15750857","1961611910","4895625630","8691594918","13383341468","11906609357","1103487","224055","214004","226217","220539","220170","222557","176037","48018","496","358696","356191","387993","220574","3592","723121","309822","2150","98274","171666","228311","290308","242186"
"20203","11","서울시","CS300032","가전제품","311727419387","897897","198754426351","112972993036","43498797931","38880041797","38353195648","36693246881","41329144094","58186300468","54786692568","778754162","17153548192","80385454273","114938759507","95082185005","3388718248","159472938631","138701392758","204417368","18985629353","54932181828","84621861975","77059386353","62370891041","589259","308638","127039","117383","116621","110603","117613","163645","144993","2262","59370","233392","306613","283482","12778","486919","377818","1722","79256","160165","204742","216984","201869"
"20203","11","서울시","CS300031","가구","253374228741","758780","162000148058","91374080683","32440092416","27368867268","33749835748","38076673440","30364679186","50805189414","40568891269","2154988","11419450985","62928626370","107493829630","70734745877","795420891","107626109831","126556755130","64509912","13434924060","53316513425","58281833214","62652225102","46433568790","594559","164221","112812","116746","121426","118677","124898","105853","58368","17","138613","214072","256038","147388","2652","383263","314550","282","94927","155359","157867","180109","109276"
"20203","11","서울시","CS300029","애완동물","16454360887","599101","10917705096","5536655791","2114761690","2202395477","2386335080","2060829328","2153383521","3033625568","2503030223","133624135","910350397","3410688650","5178606564","6063020348","758070793","6472630853","9783782681","82239529","2695956690","2946590825","4028692607","3944960890","2557972995","423195","175906","83934","88614","87711","79677","83259","96495","79411","2515","27180","119566","176420","242124","31296","214573","381543","4682","101384","106873","126907","155827","100433"
"20203","11","서울시","CS300028","화초","44054337096","977244","34430585444","9623751652","6616728483","6844852604","7228284477","6340746876","7399973004","6378482257","3245269395","293248095","6595076381","12625606766","13795212785","9826858904","918334165","14720573010","16538915324","122421377","4272394072","6853783522","5804221253","7785861989","6420806099","730133","247111","124588","145361","148595","136408","175181","159374","87737","1143","109746","262182","293214","293707","17252","401884","472480","7019","202760","227803","151366","160589","124792"
"20203","11","서울시","CS300027","섬유제품","34031233807","391040","25100931891","8930301916","3683312919","4797831087","4792566121","6048406269","5778815495","4732700955","4197600961","0","5211962024","8200752756","12833958592","7389012308","395548127","12776204875","18849872121","146307863","2109516991","6138396399","5490490839","9094529926","8646834970","297944","93096","49854","59907","59814","68108","60261","63761","29335","0","45849","95755","143516","101162","4758","136013","237126","5235","52792","53244","52633","109480","99763"
"20203","11","서울시","CS300026","완구","28535183177","527789","16275725429","12259457748","2844768344","3065619623","3407052895","3070157735","3888126832","7395177398","4864280350","5369092","1885996169","7285229589","9095881878","9295944826","966761623","16909515905","10876123870","174652342","3567239575","9723181493","9405116065","2198288430","2717161868","299155","228634","54103","57005","60107","57522","70418","130405","98229","36","22368","115832","179488","189136","20929","318599","205770","3394","69556","210657","148534","38874","53352"
"20203","11","서울시","CS300025","자전거 및 기타운송장비","57602206593","408880","37969099937","19633106656","6696590550","6827071563","7457221675","8142519133","8845697016","11341561841","8291544815","515805","2376462067","15090573568","19175516543","20549523693","409614917","42903004351","11691264227","137866686","4507160387","12850891942","16859774569","12926353105","7312221892","266630","142250","45597","52066","52034","56153","60780","83925","58325","32","27986","106847","135764","136448","1803","295282","94804","6192","41682","79097","111340","89477","62290"
"20203","11","서울시","CS300024","운동/경기용품","216128998007","1473057","152322912559","63806085448","27519002061","29278454443","32048377484","31701662541","31775416030","35260431681","28545653767","138511810","11619633670","53231600044","81817510380","67442089727","1879652376","128360080537","67701081685","952489059","16361023875","34444218931","54062496073","52848256791","37392761831","953194","519863","166332","191495","190058","193791","211518","287744","232119","2051","95004","391475","521883","443622","19022","883053","536461","9662","161392","240903","302405","382795","322371"
"20203","11","서울시","CS300022","화장품","817041300875","25489922","651683290659","165358010216","130274751397","133588731043","132426457581","121927076344","133466274294","95215964162","70142046054","4196075606","56128783294","190627865935","231260570937","270250766684","64577238419","225657732421","551192704431","8805959570","213289888425","190789515171","165012381009","130623724083","68328645373","18801323","6688599","3455760","3795162","3847628","3672958","4029815","3760704","2927895","40489","1112074","4867302","6182121","10670040","2617896","6130207","19250646","585463","11158764","6173156","3464251","2794093","1205130"
"20203","11","서울시","CS300021","문구","275265194480","10431718","255414865020","19850329460","47419378177","56350786058","49430415962","50650535124","51563749699","14171706280","5678623180","7260775","42535068354","90525910593","101101071511","39640679962","1455203285","76084118575","54070481102","1928435320","14118736974","20741514324","33284938761","36013556380","24067439734","9004289","1427429","1745620","1869937","1813079","1798809","1776844","969017","458412","378","1291816","3059533","3356355","2593831","129805","3963541","4298328","337629","1708267","1718915","2223396","1430386","843257"
"20203","11","서울시","CS300020","서적","100632403156","2544653","80874017659","19758385497","15596824067","17617988606","16411484267","14726785822","16520934897","11207233109","8551152388","372278","8225582772","25689444658","39130298820","25864229114","1722475514","37898273760","49338216780","1848682949","10252690435","15792836183","29806389504","22299034833","7236856640","1868243","676410","375322","382199","369456","360748","380518","386303","290107","69","139291","604699","810301","905507","84786","1045358","1426930","126449","434898","417756","818980","490937","183279"
"20203","11","서울시","CS300019","의료기기","211654666276","522064","204693093790","6961572486","36913138520","45325110334","37405760832","40268735703","44780348401","6144611328","816961158","242106007","41499633172","65617612770","82464165290","21004927106","826221931","148462964615","44926423120","234893533","3242499909","18300933682","53297088184","62113791677","56200180748","462925","59139","91034","99773","87024","92647","92447","47672","11467","2241","92270","179242","185566","58373","4372","286788","220077","3260","25283","53728","98762","127525","198309"
"20203","11","서울시","CS300018","의약품","1349355943941","62983785","1208121535668","141234408273","280179524872","252374528644","222204499298","224751949301","228611033553","121200186475","20034221798","288187398","279233934713","410966826446","413713455007","234213719631","10939820746","697222089961","601723386434","2460452413","92329353534","191584791622","294141606313","323637615181","394791438717","53716629","9267156","12048930","11124804","10027490","9728348","10787057","7698350","1568806","18729","11868635","17090249","18132450","15095215","778507","29525475","33288775","364108","8956092","11516285","12925216","13636438","15416060"
"20203","11","서울시","CS300017","시계및귀금속","189499753506","613335","140605112163","48894641343","28793327405","29358405108","29077790432","27333604655","26041984563","29621254138","19273387205","0","9421153172","58974206611","78446543675","41733586573","924263475","94643110906","78937786611","775982688","25536739677","39494463861","40057239992","38313641897","29402630894","454046","159289","84629","89891","94527","90052","94947","100700","58589","0","25915","153180","232998","189565","11677","257132","328713","11364","165128","137265","102434","93810","75862"
"20203","11","서울시","CS300016","안경","93694968208","1090220","66151872189","27543096019","12975407673","13727250134","13363771541","12230580451","13854862390","17296684517","10246411502","911266","3865506608","22521862653","29903114929","35115944420","2287628332","44141920007","48680098852","826382277","17971266370","17442009018","22245052667","21855208924","12481916134","795983","294237","156113","164545","158183","149151","167991","180216","114021","26","48306","238491","319030","448880","35487","409504","676403","30823","350787","205862","206541","187754","104129"
"20203","11","서울시","CS300015","가방","25849220064","532172","17713842847","8135377217","3041207508","3149344566","3218845712","4674069173","3630375888","4550449897","3584927320","132823158","772446755","5550287232","9445002256","9115852740","832807923","9520843120","15032027383","310371428","6302755526","5132401211","4705473031","4584945548","3516923754","351216","180956","63788","70424","70406","71097","75501","98423","82533","124","12605","119361","174755","202760","22567","181402","341920","9318","156318","119833","87218","81770","68866"
"20203","11","서울시","CS300014","신발","130693690196","1579875","86690886990","44002803206","15623449564","19523610241","16339952118","16892612380","18311262687","24416841351","19585961855","43075036","7955600367","33045784984","40344496028","45421776389","3882957392","63049284870","61398095425","1451540475","33939777255","28525995328","19866637772","21804205795","18859223685","1063250","516625","186822","208359","219537","215845","232687","294357","222268","1041","89855","356010","510103","566333","56533","714797","823948","21540","421488","315882","220245","293867","265727"
"20203","11","서울시","CS300011","일반의류","1508813177157","27114115","941396648536","567416528621","159907063053","178552267732","210475834747","184949095384","207512387620","310059791153","257356737468","4128569847","34506086851","326175087761","536178879628","556328247000","51496306070","557099726670","921053227468","10931184513","266352486291","344995261914","337913491111","313088431631","204871718254","17207250","9906865","2926639","3276907","3822667","3402526","3778511","5282298","4624567","188205","689233","6074706","9001547","10083155","1077269","9613476","17400226","333284","5862726","5887487","6199279","5453781","3277115"
"20203","11","서울시","CS300010","반찬가게","634239814974","19754576","541480078340","92759736634","102538019949","119636893916","107127445931","100930931850","111246786694","71974150279","20785586355","70257923350","154032571241","170719602008","144552221350","77556974102","17120522923","270669944466","256526824443","424332197","30570286451","98986695202","123483696116","136631712052","137083653196","16508034","3246542","3163085","3402763","3494462","3181288","3266436","2201636","1044906","1132668","3851023","6006043","4308459","3897203","559180","9615846","8559471","56778","2596693","4168136","4120286","3916370","3316685"
"20203","11","서울시","CS300009","청과상","629656376279","18506706","477106347646","152550028633","77911020656","111520582545","103566095048","85995506716","98113142681","95550910530","56999118103","12310949031","141079539936","170529496424","177010114444","118716804679","10009471765","260228916939","309081455581","156375725","13069280378","71656139405","94055246304","142597384922","247775945823","13318945","5187761","2290580","2847811","2828281","2580685","2771588","3065395","2122366","68242","2641920","4922105","5771221","4720522","382696","7686829","10313845","14223","666107","1935225","3193261","4643209","7548661"
"20203","11","서울시","CS300008","수산물판매","870472088821","15180484","491639575405","378832513416","76648056768","94508332639","123706634604","79507194957","117269356437","231468930425","147363582991","20880606434","140536777494","188331938329","230980841672","262179164183","27562760709","464011340996","322783940453","503176490","67980583020","156981019666","164485748725","182885815243","213958938324","8748077","6432407","1418268","1680781","2106728","1478453","2063847","3806452","2625955","238621","2049535","3406013","4388982","4696323","401010","7767717","6746408","13432","1234601","2539462","2843213","3506710","4376700"
"20203","11","서울시","CS300007","육류판매","787190892232","16443477","596705737884","190485154348","108638975038","127253931123","127550534600","103807596698","129454700425","124751532107","65733622241","12164503065","144052227483","199582871601","230637965601","187219143994","13534180488","337716681205","395325721448","360772252","24938921470","89727622904","143091135917","219201286809","255722300424","11738830","4704647","2152791","2399855","2523464","2140345","2522375","2895313","1809334","111323","2032772","3629637","4641496","5720269","307980","7005116","9107801","21244","912480","2232662","3321212","4635322","4989972"
"20203","11","서울시","CS300006","미곡판매","97427163613","1958633","83623637283","13803526330","15704576256","19121469498","18166290687","14653702260","15977598582","11508783239","2294743091","4112991147","27591277335","26430759817","25623251964","12573865332","1095018018","38887002270","49761841376","12960041","2231239084","7874787263","12149936434","25814235808","40565685023","1597268","361365","327442","330571","326766","293077","319412","266446","94919","80763","463238","499939","544997","331358","38338","861153","957105","1215","53132","148221","244786","523508","847387"
"20203","11","서울시","CS300004","핸드폰","73888354701","1564868","56954449131","16933905570","10151205115","14562733482","11796244059","10138019138","10306247337","11919113962","5014791608","183169789","4221705695","17791626517","25506386821","25651509528","533956351","36334010784","26860506105","331357047","9833364651","11475215337","17384484957","14369737862","9800357032","1210480","354388","251680","230343","250570","225418","252469","227063","127325","1390","103936","397326","471410","564718","26088","819221","700314","38826","333416","274559","342184","321242","209305"
"20203","11","서울시","CS300003","컴퓨터및주변장치판매","1195781159173","17966541","1046293859298","149487299875","213026887043","223603051167","183941859208","214139218632","211582843248","97545588892","51941710983","2066163048","167864959482","346771244834","468597563336","204184541728","6296686745","472709157251","218254711844","4878554963","88414913027","123702194344","241395259012","151141775288","81431172466","14545060","3421481","2882113","2915376","3017286","2805422","2924863","1859484","1561997","471588","2928205","4304872","4656991","4039967","1564918","7123325","9700226","1827479","7474774","2295593","2560801","2062167","602723"
"20203","11","서울시","CS300002","편의점","1150538081311","189633995","849863990242","300674091069","160384668565","167207791841","176393028382","165746525771","180131975683","160125445794","140548645275","139428571282","189116441117","154000519531","152347624444","293552911516","222092013421","747507610078","379619030067","16074041738","313985351365","315806732499","246511086076","163443979703","71305448755","142492190","47141805","26869164","28392571","29586369","28074248","29569838","24985240","22156565","19843074","36527039","28479552","26507271","45913024","32364035","121408518","66412887","4529040","61194558","51069034","36233688","24510215","10284861"
"20203","11","서울시","CS300001","슈퍼마켓","976962026876","71921177","711959295187","265002731689","140241026194","143936105129","149740806769","132616997803","145424359292","149199214699","115803516990","14774752183","98356832066","177370423261","224381508915","352274711750","109803798701","450126798139","481498107427","3528672371","90760089885","157944036355","233765787941","244606884204","201019872686","52697972","19223205","10261529","10613510","11046513","10078231","10698189","10489237","8733968","1197074","6979228","11925958","14530545","27086349","10202023","36955862","34012333","720196","10942972","13949956","16371192","16289306","12694575"
"20203","11","서울시","CS200037","노래방","44676010777","1104559","29102370027","15573640750","3932096570","5682399271","6318337903","6120034036","7049502247","9175812234","6397828516","23817302308","1372626417","211487356","617670195","4185498330","14471426171","35140160421","6936333752","482679351","6600013642","7996176495","11343352038","11215997308","4438290447","708721","395838","123869","134593","140394","137026","172839","219665","176173","358876","15182","26871","73394","243125","387111","740520","348194","92026","501284","194695","128521","124416","47782"
"20203","11","서울시","CS200036","고시원","2285935714","50700","1638693071","647242643","247871896","207546447","408658967","427620971","346994790","343526133","303716510","646749362","145955856","335985410","238340182","510233368","408671536","1890007541","375797257","57777617","564840343","368837355","452388626","361420257","460540601","32179","18521","5953","5817","6412","7410","6587","9172","9349","16494","4261","4547","5463","8726","11209","40789","9455","1892","12433","10969","9664","6826","8458"
"20203","11","서울시","CS200034","여관","44647632217","1114891","27366185574","17281446643","5034184040","5189335645","5957802984","5095527272","6089335633","9224681782","8056764861","12864614930","2754151801","2999579579","5344549779","10955873467","9728862661","31273158036","10287442573","756647159","15212482744","10109026792","7528013512","5400032169","2554398222","691478","423413","127329","130866","148853","135651","148779","220513","202900","252197","61849","111316","167601","299379","222549","801448","277889","22910","458909","251670","161039","125566","59270"
"20203","11","서울시","CS200033","부동산중개업","7097686245","362243","5718429661","1379256584","1051696441","1437993598","1046365977","1249232859","933140786","1147760257","231496327","187713302","1609698421","1374077275","1891175764","1679844556","355176927","4196341195","2070052447","0","612328669","1746927724","1070505896","1893488803","943142549","288386","73857","53896","57729","59875","55418","61468","46161","27696","7962","52687","96462","105156","79250","20726","195844","112949","0","45020","95186","80484","53219","34887"
"20203","11","서울시","CS200032","가전제품수리","18139096545","216921","16401621886","1737474659","3700594207","3423325693","2839658176","3106547674","3331496136","1587295044","150179615","9597579","3199831443","5273966670","6398503385","2992258310","264939158","8356656816","6403635032","24651709","882490594","2738067863","4001865152","3739380180","3373836358","195775","21146","41654","38844","38319","37495","39463","19341","1805","87","38893","67716","77076","32311","838","108840","86126","414","12586","34378","47455","49389","50733"
"20203","11","서울시","CS200031","세탁소","21929774723","1406375","18010185246","3919589477","3967432350","3707803194","4016412198","3204234966","3114302538","3520151756","399437721","257765250","3074882981","4959707416","5971206253","7143882510","522330313","9211652099","9996868332","46672091","2807382338","5306399768","5240953702","3957628410","1849963557","1125349","281026","245290","227826","257214","191105","203914","249436","31590","11934","189573","305357","370571","486216","42724","707649","644375","6270","241034","349353","351487","282216","121680"
"20203","11","서울시","CS200030","피부관리실","40545788265","231105","32174787703","8371000562","5431293288","5994198543","6581135263","6610490231","7557670378","6423520768","1947479794","435617667","1349621340","8472792181","12158694288","15224065310","2904997479","9174037963","30411348215","144361088","9081250972","12074948474","8169236603","6953389399","3162922856","179412","51693","30481","34029","36420","37406","41076","37769","13924","3536","8071","50193","69171","87545","12589","59760","167684","1491","73235","69286","38785","30009","14657"
"20203","11","서울시","CS200029","네일숍","13904512857","190910","10379540161","3524972696","1688677890","2042165482","2111700243","2106604149","2430392397","2488524357","1036448339","85826048","168464489","2834009456","4260410575","5719631109","836171180","2084406561","11651554983","69697548","3110763320","4291867104","2936436209","2164087875","1163004846","141816","49094","25311","27195","28216","28686","32408","33041","16053","553","4716","42727","56950","78237","7727","41542","147698","2008","54372","57780","37676","25284","12115"
"20203","11","서울시","CS200028","미용실","216046234908","5175031","138007992508","78038242400","22924149038","24779003391","28975161500","27607953680","33721724899","49123943611","28914298789","301616397","4764906770","49229210909","71823088547","83615458618","6311953667","86625055878","127048625861","1732464899","44062321390","53516506236","49863821649","41142690767","23356206746","3415159","1759872","623628","614508","703549","676245","797229","1050696","709176","4565","193940","1275608","1625228","1987633","88057","2943956","2212608","72871","1079317","1170734","1212022","1052926","568731"
"20203","11","서울시","CS200026","자동차미용","10303290074","153110","8219397973","2083892101","1593703302","1679500148","1787516733","1608193065","1550484725","1372899099","710993002","50967299","1634045795","2528967252","3376464736","2469406354","243438638","5566507904","2219106663","2332962","549552235","1996174591","2058243437","1850231250","1328713268","114374","38736","23374","23737","21067","22010","24186","21811","16925","385","28068","42457","51854","27289","3057","86908","33794","100","9891","32987","33894","27217","16596"
"20203","11","서울시","CS200025","자동차수리","233896813725","1425278","195081673993","38815139732","37435130726","40678778196","38351294745","37878596287","40737874039","36806174331","2008965401","71167037","33720235158","62158385310","81355338051","55596871094","994817075","150054273065","52250649368","42441458","9853097540","39846031943","52323489088","56106636618","44123627735","1182125","243153","241437","246447","224863","224888","244490","224530","18623","582","264768","409213","484618","263010","3087","943650","320887","1119","78577","258058","319972","328693","277938"
"20203","11","서울시","CS200024","스포츠클럽","76727564543","268659","69034673600","7692890943","16135443367","15276454887","13461285747","12006204081","12155285518","5689898693","2002992250","432129590","6498956824","10627971145","16986815932","30265218312","11916472740","36107875907","38282001693","331631694","23680761874","18139082844","12897986639","13572874747","5767591360","230924","37735","55467","50154","45428","40414","39461","23378","14357","3384","25691","40493","56205","104862","38024","147963","116388","2858","101602","62931","37994","41151","17825"
"20203","11","서울시","CS200019","PC방","63001233383","13220197","41723000762","21278232621","8617854185","8258163908","8611447242","7525877368","8709658059","10894676765","10383555856","11598232367","3898557817","5775235729","10332576385","18050887127","13345743958","52950118242","9985959291","4734797102","41478125328","10193747231","3041221564","2761663232","726523074","8820458","4399739","1783963","1766516","1829495","1600856","1839628","2253343","2146396","2280460","808412","1215609","2284519","3880594","2750603","10974646","2244420","1427416","8566351","1900733","606026","586326","132217"
"20203","11","서울시","CS200017","골프연습장","59706026527","1176655","41022784508","18683242019","8666273850","8077928367","8156668946","7421014779","8700898566","10022480509","8660761510","2824233700","6651670295","9582607814","12851317560","18496723338","9299473820","38171504981","14182460486","33476088","2399196080","10573001211","16160741890","16551633388","6635819778","745766","430889","143464","145893","157270","145240","153899","224668","206221","60714","115680","187271","244442","362225","206323","873177","216898","1034","48200","214429","354878","353851","117659"
"20203","11","서울시","CS200016","당구장","19184667241","994130","13641157657","5543509584","2654446132","2733179028","2944568054","2572746496","2736217947","3228456178","2315053406","2276748211","468920333","1174948355","2699298390","7212380026","5352371926","14984195964","3718900757","303293098","3077904487","2978008454","4370163000","5539295163","2434506111","689736","304394","129055","131532","143924","131557","153668","173791","130603","120985","9427","45725","131273","370309","316411","869653","108824","34842","152688","124440","225027","303323","138139"
"20203","11","서울시","CS200008","한의원","213725562377","5959377","174925742742","38799819635","39495500287","37095834697","32564363726","29571207237","36198836795","35691607590","3108212045","39871543","25085491742","74339266297","67365331059","46456950738","438650998","82312928885","129367955230","293897243","16693899093","35633298045","52126778482","53335805755","53597205491","5067390","891987","1104798","1018771","984060","869205","1090556","805409","86578","1268","960732","1950229","1735024","1305400","6724","2680710","3262963","16559","436757","813816","1160922","1476956","2038670"
"20203","11","서울시","CS200007","치과의원","542562240473","3997273","480302635317","62259605156","97425251761","105188017760","94266776526","81465564084","101957025186","60520496711","1739108445","248240","68997804416","183407713869","178666960357","110231887541","1257626050","268224268377","272082960753","760551102","51251203846","81176498651","124114421820","141139449875","141866135708","3491437","505836","753337","760019","672660","577854","727567","492732","13104","21","675249","1215818","1382482","719851","3852","1981448","2008647","15296","507065","694340","958650","909132","905625"
"20203","11","서울시","CS200006","일반의원","1287136250520","33888780","1098191503886","188944746634","239636950090","233820914080","195204584474","192585297052","236943758190","182244254301","6700492333","222230635","281173623479","406164651618","393006936698","205118564675","1450243415","482911240263","800486174182","3864021147","195026007115","267942739410","281926887159","302324071909","232313687711","29385221","4503559","6814946","6158317","5193561","5183584","6034813","4310740","192819","452","8417561","9561070","10911802","4982407","15488","15505248","18354735","213202","4034099","5976771","7340065","7633859","8661981"
"20203","11","서울시","CS200005","스포츠 강습","54335552600","249617","50767112006","3568440594","11667635719","10528762996","10611783423","9016204432","8942725436","2781975773","786464821","60018360","3720007331","9565669105","12342480490","23065107291","5582270023","19283999087","34115173423","162661094","7926452733","12962185047","20139612312","8499566950","3709436117","232523","17094","54135","47790","47870","43413","39315","12846","4248","294","10779","48933","66447","104440","18724","97087","146764","1591","43966","62044","98674","26117","11480"
"20203","11","서울시","CS200003","예술학원","80549098150","318617","66338063602","14211034548","12946408519","14627614785","13959077281","12724577489","12080385528","10097908605","4113125943","119605251","2777925693","13680242285","27434749526","29613958825","6922616570","31954442703","47677742789","507478368","6135137079","13026435806","41338609063","15963154126","2661371047","281106","37511","57241","62787","59908","53765","47405","28549","8962","212","8760","59348","128060","107246","14991","125810","190756","1989","29791","73570","161428","39469","10307"
"20203","11","서울시","CS200002","외국어학원","84174499179","254286","72507724150","11666775029","16421366937","15129590001","14579416861","12318103495","14059246856","7508912624","4157862405","160916098","13736277259","14257802498","25839809937","26856841957","3322851430","36466768522","46449302674","279897305","2810271721","13553421933","46808378470","16758052106","2706049661","209399","44887","47338","43694","42524","36649","39194","28781","16106","457","30553","43508","78189","89998","11581","105527","146714","1680","18472","31706","138858","54692","6830"
"20203","11","서울시","CS200001","일반교습학원","486804834679","1676982","391348207071","95456627608","86121199681","84632863864","78724241853","67925485705","73944415968","61145151125","34311476483","750856176","35753173550","67044423401","145038600696","202070340574","36147440282","209588115627","274016965198","1577777147","5663635915","33286071865","316793483498","114371674423","11912437970","1347999","328983","303836","294524","274827","231345","243467","208458","120525","2675","164262","257670","489528","656368","106479","707695","964057","10806","31402","153781","1077889","362180","35698"
"20203","11","서울시","CS100010","커피-음료","469960251738","62991568","358041828487","111918423251","63576019950","72226178443","73952258749","71528720618","76758650727","62174001609","49744421642","5439956354","69654256501","148566735095","114183000879","104421040445","27695262464","192831318537","223693882556","7459349137","138135713839","117051982165","80661356656","52816557133","20400241976","49510071","13481497","8984979","10060246","10191952","9945231","10327663","7420147","6061350","436065","13665038","19170458","14438987","12413142","2867878","28266026","31273661","1250055","21361226","16962551","10876461","6790832","2298500"
"20203","11","서울시","CS100009","호프-간이주점","308336030592","6825987","213247675125","95088355467","33684669065","40516092759","44519555216","42707144865","51820213220","57032921220","38055434247","100674520067","3495689652","5528144757","4861074650","61022941004","132753660462","190869022266","90796709839","3313551770","99822122979","71281203458","49611037612","40805327587","16832139607","4709236","2116751","789600","882140","974368","924866","1138262","1236356","880395","1877970","100619","331389","182580","1538194","2795235","4082216","2423951","98512","2593329","1546052","1026558","869400","372304"
"20203","11","서울시","CS100008","분식전문점","235448689497","22798296","176946114225","58502575272","32275262234","35224973669","36518254200","34805245234","38122378888","33293681488","25208893784","7544517385","18304027196","72843787814","40193842502","74836692248","21725822352","107017874876","105031476329","4442204110","50084172835","49743838427","52893764399","37144641284","17740133393","17413945","5384351","3230512","3492765","3579522","3459263","3651883","3044424","2339927","512879","2318355","7029345","3956179","7219762","1761776","10664942","11111933","559290","5580164","5284017","5210704","3570824","1571793"
"20203","11","서울시","CS100007","치킨전문점","101977745614","4316801","72293759065","29683986549","11504388146","13346244150","14755063369","15150795851","17537267549","16354443363","13329543186","8813016438","351133778","4119801012","6725869863","46451906780","35516017743","56916725565","36984607427","1279162316","19306873923","19698327056","24744303294","20586691416","8285974973","3003660","1313141","485486","556686","614086","615700","731702","705959","607182","287958","23402","237032","344441","2079717","1344251","2408993","1733134","72699","929269","865703","1035043","870332","369075"
"20203","11","서울시","CS100006","패스트푸드점","139920419939","13031873","98267588798","41652831141","17469875949","19023459751","20036360772","19668239594","22069652732","21377219266","20275611875","3238768770","7915711624","38002503165","24878877048","51545695824","14338863508","69913105417","57471785388","2638772724","37511731665","30835946213","27765520034","20347746532","8285173671","9456570","3575303","1732592","1881897","1935658","1883320","2023103","1871277","1704026","317934","1120993","3489369","2415772","4379755","1308050","6829944","5774506","345986","4166723","3114059","2479144","1757279","741264"
"20203","11","서울시","CS100005","제과점","203566194638","22099244","148412441719","55153752919","27366084948","29269139544","30892492223","28739858236","32144866768","30116975225","25036777694","303169929","33959719223","47762068718","46226942129","60494919190","14819375449","76700441790","109238008282","1899770771","36414081509","44934175309","46704151276","34710897210","21275373978","16365484","5733760","3083802","3271040","3414093","3172996","3423553","3099136","2634624","29272","4223505","4811315","4704911","6604609","1725632","8377844","12941330","278316","4814857","5241789","4945563","3726672","2311977"
"20203","11","서울시","CS100004","양식음식점","232246294386","6333261","163260802581","68985491805","25597099131","31157468605","33457887532","33124028592","39924318721","40211758981","28773732824","12922395384","2451754681","59899807806","32401727330","85085859780","39484749405","97997512644","92368013157","2299840593","62075128933","55512089640","34585339183","25170751579","10722375892","4614889","1718372","780724","907786","953307","923555","1049517","969408","748964","200250","122137","2218827","1036977","2151345","603725","2743852","3034646","127188","2140971","1602978","991476","672094","243728"
"20203","11","서울시","CS100003","일식음식점","203375990809","5732256","159990907240","43385083569","26849729142","31147000427","32728619391","32774473541","36491084739","27177026292","16208057277","7937446031","460066282","57944906910","17888152762","76596460173","42548958651","94278238814","60323371566","1679002042","44913094620","43259876481","30139759338","22723925351","11885901059","4574941","1157315","808737","911581","936809","923682","994132","682509","474806","123587","35292","2475583","691423","1905721","500650","2729013","2330566","109065","1766066","1334053","889110","658801","302571"
"20203","11","서울시","CS100002","중식음식점","182634749699","6676508","133452394751","49182354948","23067018004","25953906814","28250550758","27011598587","29169320588","26211701140","22970653808","4250051557","1825136495","65171340631","23399507534","69135557672","18853155810","89344641670","55155915273","1477280261","29272415195","36673490148","34371135914","27246889786","15459345642","5000409","1676099","890155","975874","1053109","1011312","1069959","883334","792765","112085","89019","2961658","1026620","2145026","342100","3644617","2342153","112512","1376051","1440874","1382108","1072272","602945"
"20203","11","서울시","CS100001","한식음식점","2468791860721","81922540","1842834962398","625956898323","322294110650","358410317898","377804301781","373374091324","410952140745","361304964833","264651933490","117322426499","48983084043","636010889164","236796767246","997545649094","432133044675","1283510844947","742240260686","12155964281","385401873466","448994746548","450091160958","436911238601","292196208420","63365254","18557286","11721506","12530253","13022283","12660714","13430498","10507310","8049976","2955346","2720868","30998012","9836554","26604916","8806844","45211532","28749917","748147","15880010","16284741","15779212","15037140","10232204"
"20202","11","서울시","CS300043","전자상거래업","176359901414","2962000","124434282682","51925618732","24491292219","20845213768","26930550053","25402624315","26764602327","30375159307","21550459425","2646201812","14738428459","37781321720","61458264057","50343947345","9391738021","74472691326","89562653413","865770419","22993907643","37911584813","40420803713","34342669464","27500586929","1993861","968139","362268","378760","408075","391825","452933","554440","413699","75530","247347","622313","900071","923993","192746","1058712","1841832","49304","805841","694625","649763","442406","258608"
"20202","11","서울시","CS300036","조명용품","427010687468","4168605","378762081856","48248605612","80943650935","72783570453","84145169402","60890928559","79998762507","41146913083","7101692529","240007213","99660063226","116397743332","162198969036","48306814667","207089994","230757448145","93606589161","29915030","7699959071","36475457186","102500425412","110342100100","67318128272","3479157","689448","756539","699217","687601","645103","690697","558423","131025","2156","898403","1196965","1406481","661385","3215","2371097","928542","1793","152045","519255","775983","988279","862065"
"20202","11","서울시","CS300035","인테리어","45190655518","704822","36276623406","8914032112","7480860087","7850454365","6634661878","8044829334","6265817742","7414652132","1499379980","5757783","9630755361","12594978074","14725686874","7876844969","356632457","20779381988","16388130676","27167228","1544845089","4392640383","8328761671","12599758666","10274504109","548086","156736","110656","110076","112082","111506","103766","114689","42047","171","148031","193510","223784","134484","4842","347157","260808","1348","40848","86812","120317","178389","180274"
"20202","11","서울시","CS300033","철물점","49637003440","1267179","42132417602","7504585838","8725052046","9064597728","9059086130","8394524775","6889156923","6357281563","1147304275","74347331","12390134221","14984725459","14689191214","7359786742","138818473","25666059393","13219736422","9125922","1739045664","4840451617","8352513578","12857942982","11086763930","1038924","228255","220341","204341","205197","204671","204374","175800","52455","766","326949","356890","361208","218258","3108","710488","294275","1123","86622","177643","216995","289379","232978"
"20202","11","서울시","CS300032","가전제품","350375728975","1032594","222032588144","128343140831","52827592664","40165976366","44999576869","37517818551","46521623694","63272086202","65071054629","908343302","18386995616","82723488909","131748009752","112704603330","3904288066","178228648659","158411158149","266221148","22666532192","60475662254","88918595159","92210260050","72102598427","655546","377048","150143","121608","127447","125164","131184","192059","184989","2757","63844","255878","365012","330210","14893","568273","432271","1958","89441","178578","236363","269279","224921"
"20202","11","서울시","CS300031","가구","263634892576","768656","163831150883","99803741693","27825335163","35833761983","30398705058","39503288618","30270060061","52638081758","47165659935","1453925","12062442242","67798281603","107672680639","75798477525","301556642","126876770840","118907933242","38517699","11460059524","43867464463","57624658739","74892484652","57901519012","565170","203486","113395","112374","111815","111170","116416","130072","73414","22","111059","222617","276542","155700","2716","360718","339005","936","96909","167181","151419","155975","127297"
"20202","11","서울시","CS300029","애완동물","18669793034","613968","12614000527","6055792507","2872758491","2166156374","2524469846","2650286335","2400329481","3152263751","2903528756","15100316","826613610","3597770374","6047791539","7150817292","1031699903","8483890899","9921868936","76621545","2898254167","3621565787","4748516499","4380973636","2679828203","422790","191178","88082","82669","82760","83975","85304","104888","86290","553","24212","124459","183178","253015","28551","244414","366695","4255","104057","109405","133110","159376","100905"
"20202","11","서울시","CS300028","화초","69250546401","1840172","53425829860","15824716541","8448785380","8828296411","9990783043","12687233228","13470731798","9773916576","6050799965","293507076","8779772904","18473481675","22199036118","17699617133","1805131495","24855402290","28690375347","354988982","7825735753","12270971213","11092082086","11721840098","10280182020","1366804","473368","202245","206143","217568","347786","393062","286782","186586","2631","173748","459849","554834","596400","52710","766242","928987","23827","373111","446741","320313","298600","232632"
"20202","11","서울시","CS300027","섬유제품","43541300848","474745","31523480405","12017820443","7876813829","5680613334","5601670811","6229011809","6135370622","6534533477","5483286966","0","3434727103","13439054934","15457638403","10952703405","257177003","17228579028","22259243185","71678162","2142148422","5495630856","7335667979","11487961452","12954991279","351431","123314","64683","69759","70042","71630","75317","78785","44529","0","44015","126317","177233","123932","3248","188838","259312","2501","45985","63570","69635","126095","140387"
"20202","11","서울시","CS300026","완구","29641852262","514420","18108868740","11532983522","3157095137","3861827325","3440901093","3882650211","3766394974","6856635044","4676348478","582340","2614054971","7200857132","9554996754","9157746765","1113614300","18040259558","10233548926","130059962","3421238663","10371977294","8750961200","2625947069","2973415607","302612","211808","51234","68458","52502","65450","64968","118125","93683","23","25245","120440","176476","172968","19268","308081","201967","2870","60009","201671","153125","37306","55061"
"20202","11","서울시","CS300025","자전거 및 기타운송장비","75441335156","516211","47118535693","28322799463","9311310980","9372482091","9184287748","9416502553","9833952321","16758769131","11564030332","0","3108689753","18207080608","25790491701","27334791129","1000281965","54704106415","17255134106","283415712","5972338088","18252709141","22597346088","15490351041","9363080449","324944","191267","63208","57609","66761","67063","70303","112514","78753","0","30402","127875","179643","175237","3054","374517","122058","6724","49725","111410","152446","100956","75310"
"20202","11","서울시","CS300024","운동/경기용품","251935427588","1757897","171602103103","80333324485","30238115030","34300645038","35716254004","35566646910","35780442121","44292326792","36040997693","141058255","11340266567","63778942001","97674999957","75912357194","3087803614","155632680870","73797756116","752437851","14513519872","41003437928","64690453458","59524819397","48942852021","1102912","654985","208169","217952","219198","224056","233537","359186","295799","2483","103395","462926","649920","516302","22871","1090309","608485","9058","158411","273956","348064","472278","436868"
"20202","11","서울시","CS300022","화장품","815038590511","26091542","638902934189","176135656322","128358795178","129240977160","125157521069","127841493148","128304147634","100424796545","75710859777","4287550078","55731416195","185923653737","221324605300","280769646393","67001718808","225519282190","559650475441","7932892287","209595002750","192083660933","166771539855","139980805670","68805901613","18930164","7161378","3738645","3636377","3716741","3888406","3949995","4007765","3153613","43486","1114784","5006858","6387923","10860222","2678269","6645113","19344720","520634","10974433","6512321","3654782","2982346","1345367"
"20202","11","서울시","CS300021","문구","287157678408","11611394","260435052348","26722626060","55315068506","53412227070","52411195502","50849749158","48446812112","18103271001","8619355059","28450733","40237629131","91154291235","107396431427","46888304464","1452571418","81482896239","63909948916","2249921343","15804798641","24239886579","43063756160","40826977316","19228675857","9785447","1825947","2046850","1979461","1968987","1958190","1831959","1183200","642747","1765","1313556","3298078","3869215","2975384","153396","4622055","4850153","370874","1896160","1965554","2760669","1594099","884925"
"20202","11","서울시","CS300020","서적","104434403687","2732928","82939112977","21495290710","16263151342","16244433822","17341969867","16197478066","16892079880","13088591556","8406699154","4953700","7806250612","27388068316","38624275515","28230728221","2380127323","43691380493","52592908307","1945451150","10388303475","16971941461","34546977370","24038149214","8393466135","2017171","715757","426441","400968","415261","386251","388250","402345","313412","123","183211","632738","872002","949969","94885","1191957","1473701","123958","446246","411132","888917","609474","185932"
"20202","11","서울시","CS300019","의료기기","230577056195","530663","220493635607","10083420588","37518142958","49140118239","53046649731","39889391952","40899332727","9411074447","672346141","245219081","47584350934","75895216831","93250241344","13135976725","466051280","174325284644","43801455705","49543288","2614267252","13340908258","61993104714","74729523002","65399664924","474351","56312","97043","95316","97076","90217","94699","45898","10414","2673","93917","180196","188246","61467","4164","301789","215581","969","24098","51991","99836","132256","208217"
"20202","11","서울시","CS300018","의약품","1490567565465","85912726","1278560967162","212006598303","309970189516","243825948007","249043170305","227124159128","248597500206","179672487384","32334110919","255388355","292981634882","447291770873","447838029773","288064915084","14135826498","785970035333","655696653988","2632702018","109056247799","228445857422","346540321708","353178020041","401813540333","69004232","16908494","16177711","13022606","13276195","12827475","13700245","13841414","3067080","21985","15221477","24059814","24434901","21174830","999719","42128971","43620886","438291","13296113","17488313","18485008","18094429","17947675"
"20202","11","서울시","CS300017","시계및귀금속","194721530822","649506","147460931731","47260599091","33784434251","28953268581","28465933195","28916854311","27340441393","27810625919","19449973172","0","10550171200","54589266280","78491329439","50425656071","665107832","95922602716","83323960981","568024337","24820750706","38960488979","40832383648","39090152608","34974626506","482578","166928","94910","90063","97421","99622","100562","103600","63328","0","24761","172743","239395","203751","8856","282676","337395","9176","151703","151620","115288","108150","84124"
"20202","11","서울시","CS300016","안경","115279442067","1207607","76600823370","38678618697","15424825212","14901573194","15875115872","14724534283","15674774809","23835345110","14843273587","5033750","4637832061","27182335789","37195475520","43378621114","2880143833","60879808836","53549119456","746993031","17883913744","21479422258","26682903131","28576230559","19060156619","847031","360576","172264","162064","172123","165372","175208","218521","142055","26","50848","262842","358013","494711","41167","516758","687440","28846","336363","233814","232150","231323","141751"
"20202","11","서울시","CS300015","가방","28034570609","564261","18958526317","9076044292","4259520163","2772184350","4125225833","3978030414","3823565557","5486764704","3589279588","11666585","1457399095","5253358652","9893064261","10728555631","690526385","11238299323","15579379143","116989854","6517251485","6156620357","5570956400","4744031588","3711828776","372779","191482","73860","67630","72787","73158","85344","103372","88110","235","13584","123614","190816","217378","18634","200507","353433","7533","153128","135014","88472","90510","79284"
"20202","11","서울시","CS300014","신발","164244539663","2096176","101748800606","62495739057","18133711333","19564851258","19708831681","22668290479","21673115855","35661003598","26834735459","489862073","6673804877","39290019534","53887616710","59095271888","4807964581","82249008396","75899582145","1183947000","37261571795","37047911193","26311279701","30653047099","25690833749","1321629","774547","242600","253636","261274","284391","279728","430394","344153","2684","91168","475316","695163","761938","69907","998526","1059081","19396","488047","421757","320191","412578","395639"
"20202","11","서울시","CS300011","일반의류","1714608880015","29415150","1045942584565","668666295450","183629602416","202269191254","215874235351","219708216399","224461339145","360482129345","308184166105","5480793867","35425125242","376523130497","618324749816","626602372912","52252707681","710802344350","980394963261","9827472494","265922793077","384981616821","398402527858","372069616707","259993233044","18043534","11371616","3241173","3426195","3759483","3770732","3845951","5992011","5379605","195911","710863","6447286","10156812","10868509","1035769","11604815","17722510","270474","5600351","6367555","6981389","6109685","3997861"
"20202","11","서울시","CS300010","반찬가게","598223186452","18668517","501089366864","97133819588","100119347877","105732608027","91832809418","97567715819","105836885723","76597434400","20536385188","70929961078","137910256640","154815213959","138706090065","78541823730","17319840980","266529562515","232232503778","389554919","28502364022","92788521889","120683965546","124924901289","131486107609","15454725","3213792","3254804","3063484","3049054","3062082","3025301","2203255","1010537","1081362","3455992","5740722","4139184","3735112","516145","9425752","7702127","47090","2385656","3827542","3882456","3752180","3233191"
"20202","11","서울시","CS300009","청과상","543076994714","18941551","397939102639","145137892075","71877293735","89084594123","77110874116","82358599730","77507740935","94047289996","51090602079","8052104291","135539374113","147226491280","146063879828","98148395302","8046749900","239436631252","276083447472","129020966","11580889691","71496911922","78603623775","126819938985","226891033264","13116571","5824980","2439788","2560332","2615806","2771316","2729329","3499124","2325856","70420","2533170","4972194","5979585","4967796","418386","9104665","9478541","12090","672972","2121306","3335953","4732893","7708185"
"20202","11","서울시","CS300008","수산물판매","844826695568","14759089","454087859170","390738836398","69991648523","84523526215","82153330620","93584416188","123834937624","237791291596","152947544802","21858585276","127716366069","177469484202","222253701645","266510439786","29018118590","483115703578","290188733680","417019313","64435648801","153692829545","169856108902","177495602367","207407228322","8166747","6592342","1323332","1505000","1528474","1685241","2124700","3898135","2694207","247024","1829476","3204952","4244328","4816567","416742","8225879","5924917","11211","1154534","2439192","2895232","3438606","4212010"
"20202","11","서울시","CS300007","육류판매","659663035496","15388370","496278644312","163384391184","88406111737","101572324835","95906601106","97651025824","112742580810","111583275816","51801115368","10508765152","109600616368","151928328294","196463403133","177212662048","13949260501","312414111312","308106165966","272212111","22781803433","77845708425","132341715083","181982405609","205296432627","10795286","4593084","2051950","2038226","2085507","2141387","2478216","2886061","1707023","105077","1637907","3104511","4336569","5860286","344020","7291659","7779285","16274","870829","2226959","3258532","4297561","4400822"
"20202","11","서울시","CS300006","미곡판매","95132523224","1942868","79279219823","15853303401","18488071374","14750230607","13658628336","15315275847","17067013659","13265644066","2587659335","3551050118","27154142552","23225163228","27309004566","12525294678","1367868082","40046574599","45256464656","31650249","2577069504","5622153679","11374459676","25950831212","39746309589","1559431","383437","329231","294242","287892","318390","329676","280169","103268","83321","434487","463196","556674","361129","44061","939191","852998","1263","55427","161384","269849","525811","778380"
"20202","11","서울시","CS300004","핸드폰","81784748136","1474637","62508501338","19276246798","13776011349","12695900862","12309622678","11153332183","12573634266","11225461482","8050785316","2267340","3823945144","20886079908","30156967628","26657166470","258321646","40661167743","23895537657","459595003","6847099780","13523153962","17527970299","18039722977","8159163381","1133836","340801","249738","219494","224158","213389","227057","213592","127209","142","87056","363612","470033","536708","17086","800658","626478","32064","288166","250701","326701","321150","208344"
"20202","11","서울시","CS300003","컴퓨터및주변장치판매","1184664264398","18150527","1012290034439","172374229959","218806143766","197046902326","209387304944","169348940462","217700742941","115092293407","57281936552","1169079108","115786480753","315143331734","524368039469","224982372632","3214960702","529992766610","251367972510","2438049109","85495214669","128246614480","293063124066","187019792484","85097944316","14723019","3427508","3233767","3064563","2910464","2761106","2753119","1799235","1628273","563238","2342545","4203135","5017368","4294791","1729450","7614990","9558346","1365888","8223419","1967602","2548202","2419937","648287"
"20202","11","서울시","CS300002","편의점","1050457509609","176572511","770945293498","279512216111","152789626472","150446571778","152506751242","153044385863","162157958143","148467047995","131045168116","131211943311","169607634362","140867591264","142711453076","264104025119","201954862477","688235163026","342137178121","13324394413","283113946744","294874710467","225980693639","148707793464","64370802476","131334966","45237545","26214081","25836735","26056811","26255985","26971354","23934027","21303518","19011269","33371061","26522476","25112153","42360951","30194601","113636785","61386656","3852490","57277948","48605525","33576428","22495827","9215237"
"20202","11","서울시","CS300001","슈퍼마켓","928329928115","67862117","665139342230","263190585885","135278440953","130011100845","130965826351","130282366441","138601607640","148728753834","114461832051","14628085375","88355359468","163943424332","216439334086","340217766410","104745958444","452422140331","432088296722","2947372011","83600933651","153582068642","225466138714","231921692278","186991823356","48959207","18902910","9962816","9668610","9667169","9672167","9988445","10335756","8567154","1164029","6323743","11058617","13882638","25722454","9710636","36097096","30957752","613959","10260632","13470576","15719383","15303113","11687127"
"20202","11","서울시","CS200037","노래방","69825111206","1628507","46484921090","23340190116","6649967713","9925999673","9352633726","10000466653","10555853325","13339897405","10000292711","36725209956","1888073090","345510219","885425681","6500696297","23480195963","55013638391","10646199038","664141668","9971986425","12819078698","18132519445","17331598091","6740394535","1051348","577159","179580","209258","208502","213969","240039","315961","261198","563932","26056","34986","94782","332417","576334","1106500","497483","106961","719667","316516","201564","185447","73820"
"20202","11","서울시","CS200036","고시원","2436756122","49031","1612777750","823978372","397166151","279208726","306303704","233481933","396617236","446791826","377186546","757310188","180972127","429143751","231231331","389294779","448803946","1655069835","759335003","12160894","579970718","608550583","381160776","593762520","238799345","30510","18521","4138","6366","6522","6677","6807","9652","8869","19074","4496","4833","5481","5983","9164","36598","11793","424","13627","11668","8334","8367","5970"
"20202","11","서울시","CS200034","여관","44893659291","1069173","27093894298","17799764993","4942429821","5318840921","5402965701","5419559311","6010098544","9349384996","8450379997","13729807810","2985654019","2965059309","4640284899","10801021009","9771832245","31337157909","11097766623","563574997","14869002528","10392969125","7607798693","6283608909","2717970286","648105","421068","118644","129670","131957","128403","139431","217897","203171","267700","56500","96471","153732","287085","207685","773041","262675","17356","430817","252615","154660","121536","58730"
"20202","11","서울시","CS200033","부동산중개업","5173581805","326702","4114938476","1058643329","873266725","590334050","828865676","740322534","1082149491","815617350","243025979","45563030","777942762","1619296644","1361526109","1124916255","244337005","3142849773","1635977909","1232170","752168435","1325462357","727337732","1009789243","962837745","255207","71495","47665","48442","60153","42867","56080","40967","30528","6867","37211","91894","94193","79121","17416","192294","96532","282","47820","101275","59115","42548","37790"
"20202","11","서울시","CS200032","가전제품수리","16030590098","187899","14002947579","2027642519","2910040954","2734626842","3072826925","2902474377","2382978481","1689457256","338185263","0","2260321501","5510451387","5034807648","3098739607","126269955","7893938743","6480968114","18860695","807185097","3185064500","3743884021","3169930840","3449981705","167421","20478","37874","31785","33695","34614","29453","18488","1990","0","32000","57876","65617","31836","570","100266","71642","212","10972","29640","42345","43335","45401"
"20202","11","서울시","CS200031","세탁소","35654423995","1736439","27624832685","8029591310","6177138922","4474668719","6926723786","5103005885","4943295373","7538166377","491424933","168189008","4442738586","8420129045","10118455891","11843538467","661372998","15855847426","17133469604","48423649","3769000257","8252946740","9156575031","7999555892","3762815460","1350722","385717","300784","221111","339474","244163","245190","354877","30840","9372","219879","392688","469493","602883","42124","876134","807889","5539","255376","413536","448862","379457","181251"
"20202","11","서울시","CS200030","피부관리실","39993685279","223943","30872452483","9121232796","5967247988","5690992994","6072765527","6128428439","7013017535","7220017608","1901215188","347795536","1723690917","8532647065","12221224889","14293061503","2875265369","8865310242","29751996507","77680417","8777808628","12515815800","7578754922","6619493771","3049456722","170668","53275","31772","31547","33947","33904","39498","39210","14065","2878","8161","49419","66781","84894","11810","60231","159874","998","64985","70994","37398","29747","15983"
"20202","11","서울시","CS200029","네일숍","13699089739","193718","10085258572","3613831167","1842658178","1806566513","2093646380","2142895922","2199491579","2556158893","1057672274","65649391","119999543","2851252771","4077764137","5688431780","895992117","2375951008","11129463313","44553484","2845192759","4238863355","3112575988","2244057577","1020171151","142122","51596","27405","25722","27115","29966","31914","34786","16810","491","4192","41939","57715","80848","8533","46759","145889","1497","53322","59159","37692","28815","12164"
"20202","11","서울시","CS200028","미용실","224247996932","5280155","141205218353","83042778579","24004950769","24674126794","28283565728","29685342412","34557232650","51821539523","31221239056","319634033","4719080502","49602406200","73587684367","88606988396","7412203434","93818938370","128420500926","1434405162","42015666689","57182704744","53311432391","44191242211","24103778830","3419719","1860436","654458","591137","685142","694137","794845","1104912","755524","5272","190756","1267656","1649895","2067873","98703","3061515","2203784","62881","1041669","1212418","1256808","1102200","589298"
"20202","11","서울시","CS200026","자동차미용","11536131816","176243","8920006408","2616125408","1718615980","1508119692","2091294593","1542348884","2059627259","1619941785","996183623","27741411","1744741267","2506643204","4416065812","2569456886","271483236","6261067863","2882833693","263791","569708533","2634082833","2555420572","2031879691","1352232739","127411","48832","28197","22260","26378","25694","24882","29329","19503","357","30577","48221","60887","32637","3564","102064","37545","29","10682","39066","38781","30366","20677"
"20202","11","서울시","CS200025","자동차수리","235541053522","1432865","194127413332","41413640190","40730689313","36611012375","37973333588","38200231521","40612146535","38930608586","2483031604","49608260","33858206901","61875197331","83244582951","55785536818","727921261","152428573169","53734073999","23324756","8942487738","40413651604","52241237788","56742976433","47798225385","1170025","262840","255674","220974","231963","222048","239366","239325","23515","532","262087","404819","490978","270971","3478","952696","321851","1046","70098","253292","320944","339206","289916"
"20202","11","서울시","CS200024","스포츠클럽","81565054101","283438","72646632093","8918422008","19594781477","14951794119","13160838523","12755759662","12183458312","6034965047","2883456961","328771900","6862986098","10924399185","16784275579","33973373282","12691248057","38078435061","40083573628","301159784","23224671155","21664183840","12848031461","14230487360","5893475084","242487","40951","64480","52132","46284","41321","38270","24868","16083","2898","27605","41147","56643","114649","40496","157212","120381","2092","103136","74624","37078","43263","17410"
"20202","11","서울시","CS200019","PC방","85572125670","17708490","55809096193","29763029477","10875235847","10831279134","10726042248","10975898909","12400640055","15174009580","14589019897","15876266586","4913961633","7426847083","13536040924","25165627702","18653381742","71579784230","13950458215","5687486461","56626868805","14342684480","4163723426","3816358268","893121002","11596910","6111580","2250572","2252825","2232402","2284752","2576359","3118494","2993086","3100843","941820","1527216","2986540","5359571","3792500","14647036","3059489","1772818","11547431","2639648","804552","777168","164911"
"20202","11","서울시","CS200017","골프연습장","61878124837","1258603","42589455097","19288669740","9368002673","8737353730","8306249392","8070141554","8107707748","10077777027","9210892713","2912179755","7200083575","8861386399","13052058310","19684386533","10168030265","41258948147","13498582310","14666206","2202138817","10873990881","17654197528","16753009970","7259378470","789954","468649","150332","160965","157375","158446","162836","236803","231846","64578","116382","198972","260151","386680","231840","956019","209230","801","44665","223436","390602","375643","130081"
"20202","11","서울시","CS200016","당구장","22294542164","1168244","15628092203","6666449961","3118782648","3214847618","3038008961","3103594612","3152858364","3721264488","2945185473","2676749846","435828933","1472845951","3050514216","8303614253","6354988965","17730020530","4056321907","298957746","3374523003","3824671174","5234364121","6172403134","2881423275","794986","373258","151148","156233","154298","155916","177391","203759","169499","142415","10106","53609","147529","436551","378034","1031600","121354","36179","174958","157446","270674","350026","163699"
"20202","11","서울시","CS200008","한의원","223746328508","5755399","179257361030","44488967478","43520474808","34929074590","33181517935","29476508602","38149785095","41454848012","3034119466","19068096","27452460438","79070777193","67939256781","48740113296","524652704","92325263004","129961470765","204253022","17496669722","37801286469","54881734523","55639101025","56263689022","4877925","877474","1146856","903540","946755","827818","1052956","792043","85431","1107","892255","1900134","1662716","1293474","5713","2742495","3001285","11799","406076","812919","1155755","1451327","1905902"
"20202","11","서울시","CS200007","치과의원","539920900911","3975281","473315836770","66605064141","104841529217","100028463827","92023051204","76465904601","99956887921","64544601588","2060462553","2078121","66668488958","183669935040","176342362546","111863599248","1374436998","276308766576","261490456288","709186549","48517716123","80634628277","122689085160","143000621718","142247926733","3453827","521454","803720","710452","663864","548582","727209","506353","15101","35","656311","1216249","1368843","729439","4404","2041816","1927168","13011","475332","691515","959445","901856","927796"
"20202","11","서울시","CS200006","일반의원","1185138719242","31787321","1007082305940","178056413302","233355653170","192478497202","178421838788","174723514637","228102802143","172345151944","5711261358","99140416","252225611879","375208501193","364134808133","192366259919","1104397702","454705726867","727733713300","2904243542","175223421733","252323586234","254682084155","273651187988","223654908125","27485405","4301916","6883347","5040211","4908577","4830993","5822277","4113670","188246","387","7824102","8939166","10222165","4787500","14001","15231025","16533160","153644","3586078","5736910","6976733","7131143","8179669"
"20202","11","서울시","CS200005","스포츠 강습","51326006220","232177","47495514371","3830491849","13102863949","9539673596","8972910144","8558376612","7321690070","2929376500","901115349","17922212","3034347462","8452030003","12596235579","22471103035","4754367929","19962356481","30592378167","90301445","8244221857","13904756952","18171932708","7164572799","2978948869","214311","17866","57130","42441","41307","36214","37219","13715","4151","163","9432","45478","61335","97318","18451","94178","132930","967","43470","60932","84415","27399","9912"
"20202","11","서울시","CS200003","예술학원","70639951134","292678","58298826867","12341124267","12391572970","11932480863","11632895491","11296755138","11045122405","8935678836","3405445431","9947852","2406008438","11861856709","24202189043","26773080902","5386868190","30799938020","39368710651","433877380","5870614525","11817622184","35750404340","13766810859","2529319384","253201","39477","54783","53836","50590","48249","45743","29967","9510","35","7380","53993","117086","101241","12943","127027","163905","1552","29577","66810","145216","38490","9277"
"20202","11","서울시","CS200002","외국어학원","87807325634","273106","73846857236","13960468398","17619629362","14654633587","14697192775","12609573862","14265827650","8623947355","5336521043","108662101","14351854219","14957147720","25740245890","29124440765","3524974939","40868197089","45957295357","187699308","3491796008","12767000288","48478601029","19338298637","2562097189","219616","53490","50597","42972","45670","39595","40782","33209","20281","333","34174","47193","80219","99404","11783","120399","150600","1436","22558","33749","145089","60735","7432"
"20202","11","서울시","CS200001","일반교습학원","489788645093","1676578","390650730067","99137915026","90260015972","77904114638","76738165854","67367090315","78381343288","64399075587","34738839439","649240888","31364605734","67448526983","140999681672","212518641579","36807948237","230819611046","256667432005","1469314415","5275380400","33002370608","314483359008","121016890254","12239728366","1332998","343580","311714","253197","272419","222769","272899","219020","124560","2387","130412","271489","487057","676565","108668","768552","904639","10025","31994","149928","1064741","377389","39126"
"20202","11","서울시","CS100010","커피-음료","481950669160","64403070","360423456246","121527212914","67454112527","70785583913","74462216312","72651037185","75070506309","66438641784","55088571130","6485731170","67752937879","150666801936","118860973067","108055856173","30128368935","200753648304","227754839349","6831329284","143174262748","122362510621","81445906633","53778509066","20915956973","49624402","14778668","9759454","9797916","9934550","10015068","10117414","8067893","6710775","551140","12993930","19522623","15273760","12929465","3132152","28989188","32060516","1205606","22450256","17363645","10749599","6945507","2335036"
"20202","11","서울시","CS100009","호프-간이주점","327541837112","7294506","225315646281","102226190831","36046283230","44289854923","45213732176","46308603697","53457172255","60125442829","42100748002","110536339181","3293487913","5534374606","4924944702","55919795522","147332895188","202892889851","95971719248","2961119156","102936885085","77298833344","53430824694","43975553295","18261518825","4990199","2304307","864969","960360","976087","1008660","1180123","1318665","985642","2083198","92355","351992","191052","1447243","3128666","4392355","2563778","95786","2720473","1710653","1102416","935949","390936"
"20202","11","서울시","CS100008","분식전문점","241434950542","23137177","178098505789","63336444753","33410422907","35193622749","35663917809","35922556735","37907985589","35585339441","27751105312","8124430652","18038215099","72685420240","41067034258","77408732383","24111117910","113028162966","106409886473","4075092688","52159451753","53488690233","54052548943","38226239584","17436026238","17358087","5779090","3363781","3446437","3456456","3511401","3580012","3228925","2550165","557489","2210468","6980052","4063640","7411760","1913768","11062244","11112629","504341","5752349","5545982","5248569","3591426","1532230"
"20202","11","서울시","CS100007","치킨전문점","111858709194","4654010","77905998848","33952710346","13124089151","14887984138","15373561137","15724706049","18795658373","18529649157","15423061189","9922867245","392250855","4557270122","7290402374","49235259538","40460659060","64060365751","40086761965","1226639924","21359474805","23289952737","27362988339","21998247350","8910269845","3195738","1458272","540373","610619","632706","631014","781026","777927","680345","325770","26141","264112","360663","2177914","1499410","2667706","1823224","67486","993463","1002575","1124392","915406","387583"
"20202","11","서울시","CS100006","패스트푸드점","139090207431","13045647","96632350452","42457856979","17673051756","18945341845","19159076943","19675525317","21179354591","21631646145","20826210834","3295796396","7364783537","36880206143","24734460759","51918197516","14896763080","71666938390","56823549071","2161328400","37117265291","32223023742","28253185545","20355702843","8379981702","9343821","3701826","1783917","1843956","1852961","1904516","1958471","1923212","1778614","332536","1074579","3452512","2430565","4398816","1356639","6928111","5740961","293279","4163229","3203961","2501007","1763543","743985"
"20202","11","서울시","CS100005","제과점","199610586941","21768215","144734401134","54876185807","26726754874","28303036530","29130768303","28177377408","32396464019","29753628454","25122557353","361482592","31520195037","45918358703","45792653068","60514829940","15503067601","79218961200","104197824151","1640666094","35163132212","45041697686","46354203168","34563480104","20653606055","15960860","5807355","3096012","3150822","3236738","3133626","3343662","3118956","2688399","34452","3931593","4674757","4752196","6599113","1776104","8702686","12319885","233882","4591056","5224353","4966383","3733335","2273617"
"20202","11","서울시","CS100004","양식음식점","232432907772","6411376","161220345465","71212562307","26317298537","31341718443","32142872506","33435425493","37983030486","41252301277","29960261030","13343981721","1578531873","60407924415","32833886138","83064636145","41203947480","101015062998","91901311525","1770891845","60437450952","58515795982","35753393908","25341829284","11097153570","4612522","1798854","819626","905761","926810","944740","1015585","1002398","796456","208842","113548","2230656","1048174","2164069","646087","2843995","3038136","101273","2142395","1699164","1000751","684691","253863"
"20202","11","서울시","CS100003","일식음식점","208111292496","5847291","161177687968","46933604528","28818913119","31144573654","32210680366","32991250160","36012270669","28992977224","17940627304","8660512246","418032599","58082746766","18501238436","75384735225","47064027224","98268957122","62141320231","1318272811","44764213724","45987484883","31503877095","24262487339","12573941419","4602096","1245195","884816","894148","913216","932573","977343","722437","522758","137685","29706","2490772","703512","1916672","568944","2814868","2380734","86896","1800128","1414328","907805","677448","308984"
"20202","11","서울시","CS100002","중식음식점","178581563860","6556782","129333471903","49248091957","22515092184","26060612419","25933237710","26057070812","28767458778","25928054778","23320037179","4506292202","1711702393","62706223915","21934999415","67401451392","20320894543","90057685138","52498865430","1124988683","27915147467","37355306490","34409666866","26820477003","14930964028","4860553","1696229","867095","980400","982357","976377","1054324","878643","817586","116338","86550","2879316","983256","2121165","370157","3661549","2257451","90375","1345178","1473957","1365939","1056414","587189"
"20202","11","서울시","CS100001","한식음식점","2558782966153","83734227","1885755128909","673027837244","341636149750","371406084816","372716175935","381129023992","418867694416","383963047850","289064789394","131181374932","45412176050","632460670017","234888097512","1010419013643","504421633999","1365546144577","757276429046","10723957281","392279851587","489633107772","475276367195","454658231227","300250951969","64036595","19697632","12408109","12625308","12700058","12823730","13479390","11006041","8691591","3341267","2619681","31032609","9755786","26740820","10244064","47029366","28946149","681068","16216002","17322455","16204045","15293870","10258026"
"20201","11","서울시","CS300043","전자상거래업","159980526098","2461938","124834776922","35145749176","20805410322","25441847047","23268915060","28327535977","26991068516","22553667324","12592081852","2342578622","11855446912","41761607486","55651260079","39345683461","9023949538","57916104417","90501775954","829570168","22337857930","27046755134","37815149483","33925832763","26462714904","1717438","744500","327062","324086","341761","357554","366975","416015","328485","68006","172211","492371","772206","771353","185791","860429","1542864","47270","691890","497303","551663","385750","229401"
"20201","11","서울시","CS300036","조명용품","386465179470","3794831","348079905537","38385273933","73514997418","67002661638","63447821014","73705000144","70409425323","32511712302","5873561631","4408920","77565401896","108227815254","152536493496","48072050297","59009607","208926883702","84082390307","9376211","5504818648","31142786838","97941283873","103390561364","55017331643","3211335","583496","670980","613615","630466","665041","631233","483863","99633","80","763717","1097002","1329589","601799","2644","2050902","883636","1103","153751","484398","706736","893577","694987"
"20201","11","서울시","CS300035","인테리어","32946473378","603751","26896535562","6049937816","5456145858","5141691178","4892774344","5736666901","5669257281","4409650239","1640287577","4834455","5659456139","8516087023","11336212762","7112829841","317053158","15226069226","11061065433","14759179","1964163320","3758080769","6513759557","6791493282","7244863439","461654","142097","94070","92507","88004","93652","93421","99393","42704","141","102640","161550","197989","132589","8842","280836","234051","1237","60593","81596","105771","130942","134718"
"20201","11","서울시","CS300033","철물점","49811712620","1066944","41890275832","7921436788","9534986921","7584395157","8207545895","8748886605","7814461254","6798133597","1123303191","28117535","11727139954","14994491131","16546894489","6335715687","179353824","24301437138","15592229620","10215103","1876342790","4426912016","8950973329","13255589007","11373835709","884669","182275","182693","176398","165330","183302","176946","145555","36720","163","275421","316589","316606","155742","2423","558189","254352","759","75941","139327","179021","231924","185604"
"20201","11","서울시","CS300032","가전제품","309575060533","871777","188900896157","120674164376","45549719823","35187596394","35265644160","35733626806","37164308974","58976034682","61698129694","663385119","13476878636","71947796883","117753167194","102482470654","3251362047","163782417686","131885662592","277949027","16734941226","59348811549","81510337685","80934644461","56861396330","555432","316345","120737","105154","106907","108573","114061","158046","158299","2747","47058","215997","310792","282573","12610","484593","357789","2359","78496","172126","200912","214683","173799"
"20201","11","서울시","CS300031","가구","212340296592","559224","131826641482","80513655110","26242932841","31360462263","25000986174","24326699542","24895560662","41122006990","39391648120","2716901","11334991662","50146480797","91644193800","59039080622","172832810","94120737639","100528450185","2511574","8675151560","39679791302","52640559707","58890522189","34758421387","410859","148365","74630","83649","83630","88156","80794","89927","58438","31","68131","164460","199588","125578","1436","233721","269749","128","71085","129362","108044","120694","74129"
"20201","11","서울시","CS300029","애완동물","15605825924","539523","10556833844","5048992080","2142525373","2044206181","1955564725","2323920892","2090616673","2758967648","2290024432","22272302","647144785","3498583984","4993845052","5485260029","958719772","6638625972","8570810873","72920660","2429968887","2900447345","3488903583","3847893175","2469303201","381294","158229","78083","75527","72898","77723","77063","87216","71013","566","19340","108220","171365","215410","24622","193670","342658","3276","92285","97586","111181","142178","89810"
"20201","11","서울시","CS300028","화초","51138315311","1283806","40165607910","10972707401","7233067236","8108627787","8407009130","7947828261","8469075496","7196784436","3775922965","364026326","6654315256","15365878931","16349796746","11234087414","1170210638","17541882030","19649024318","185991250","4762569888","7995312220","8357126151","9033020999","6856885853","940887","342919","171057","182678","178020","193492","215640","215659","127260","1596","117252","433445","373109","339651","18753","538748","629781","12152","271344","314872","234928","201814","133416"
"20201","11","서울시","CS300027","섬유제품","33826653458","281559","26694478993","7132174465","7378749963","4009282645","4954232658","5576614560","4775599167","4413939687","2718234778","0","3781687777","8846472731","11939459175","8840236046","418797729","10648603686","18786172066","89183000","1524410155","5718919084","5266919773","8727056856","8108286881","217861","63698","42563","43018","43850","44095","44335","43902","19796","0","32264","76469","103888","66460","2478","97771","166467","3324","29224","34136","45920","75273","76375"
"20201","11","서울시","CS300026","완구","27157590618","478871","15357159154","11800431464","3229014628","2964747761","2582481414","2959509384","3621405967","7512398947","4288032517","1690340","1499790803","5836594442","8759127604","9923108639","1137278790","16904395102","9191143213","163975852","3913446161","9347954074","8307459614","1955578384","2407124227","265683","213188","51741","46135","51288","52450","64069","124221","88967","36","16322","96837","158651","183244","23781","272928","202228","4069","76307","191160","141128","25612","36888"
"20201","11","서울시","CS300025","자전거 및 기타운송장비","34286659126","222269","21335601336","12951057790","4632956830","3229191573","5073897124","3978491768","4421064041","8583930774","4367127016","0","2030887260","8897432033","11444290970","11696650421","217398442","24250582432","7310577687","156170908","2718796544","7452892435","10240457746","5919396889","5073536457","140266","82003","29119","23861","27363","28069","31854","51413","30590","0","13545","61731","82018","63628","1347","154258","52287","4279","22352","43391","61163","42796","32564"
"20201","11","서울시","CS300024","운동/경기용품","189034211825","1112427","133120990970","55913220855","26496010447","23790981425","27240024279","25215119740","30378855079","32253879455","23659341400","173257371","8160487598","48543779301","70476535102","58418088768","3262063685","110231836355","58892746131","867428246","14992988307","34510531632","50229436929","38286308696","30236934835","705828","406599","129400","133589","135214","149492","158133","221591","185008","2892","61188","284642","429702","314377","19626","678813","391630","10727","135764","211081","254120","261218","197504"
"20201","11","서울시","CS300022","화장품","821740680049","25850436","653934050655","167806629394","125615455555","130387238486","126969845106","131842940567","139118570941","96295754591","71510874803","5597301277","53790648222","182557759998","229710626448","276993135912","73091208192","216537701595","566956558746","7862861069","211219513899","186560036965","169307400831","138161890386","70379963450","19002715","6847721","3659379","3739226","3741028","3881914","3981168","3752622","3095099","87910","1071739","4839016","6348608","10713159","2790004","6144050","19592961","528918","11203431","6384291","3544564","2846661","1229077"
"20201","11","서울시","CS300021","문구","283757928257","10155264","257158777998","26599150259","47487477411","50965774430","55234314226","51816914125","51654297806","19829045797","6770104462","25673539","43597237143","84090857135","110553977782","44263652017","1226530641","77666338576","65574338433","1740680414","16258688379","21668584371","43444470881","37639222081","22488994466","8744399","1410865","1758495","1773639","1716454","1809871","1685940","957825","453040","2593","1207885","3027126","3417854","2383376","116430","3762292","4087257","250817","1687914","1673192","2112615","1322125","802823"
"20201","11","서울시","CS300020","서적","118782927679","2521597","98027054699","20755872980","18658208124","23613380872","20151330848","19195950460","16408184395","11979863414","8776009566","44474323","10294839474","34378203252","43920280876","27979091586","2166038168","41364737017","57348055665","2116181053","11671927635","14909946037","35545978878","26596960471","7871798611","1899519","622078","390358","386398","360091","396019","366653","352261","269817","155","147470","614261","814459","855181","90071","1042787","1402333","114298","456260","368073","796901","525606","183980"
"20201","11","서울시","CS300019","의료기기","221678888520","529147","213195134123","8483754397","37224642344","35697048386","47167027035","46023206514","47083209844","7761791988","721962409","560368562","41278902550","77604931532","84385358572","16409083424","1440243880","158895052836","41289601421","23969027","5663850517","9699111592","62160118926","61663862503","60973741686","472894","56253","98979","92903","86676","96191","98145","46827","9426","3563","86649","174974","191661","65351","6949","287347","220204","513","26060","52466","107604","124376","196529"
"20201","11","서울시","CS300018","의약품","1338658921374","75946621","1185041428980","153617492394","237695488597","226953382399","227894539043","240499255485","251998763456","129044681879","24572810515","357310055","276063399158","402691800824","413937375885","233659107588","11949927864","657237058378","618881488082","2407619762","96657301678","196094246152","304472419086","312624756096","363862203691","63492988","12453633","14365034","12924687","11310956","12454835","12437476","10194326","2259307","24455","13819326","21814655","22288858","17113141","886186","35009509","40607547","391050","11181348","15391886","16676427","15879145","16097171"
"20201","11","서울시","CS300017","시계및귀금속","179686794745","628859","133291021270","46395773475","25854626142","26865868065","25560256504","26314756273","28695514286","27816069662","18579703813","0","8999975272","45465560907","74868564037","49336580615","1016113914","91848836903","72062531143","861769430","26022009147","35091572055","33706489772","35596294897","32633537402","448979","179880","87769","85957","87685","90517","97051","112896","66984","0","21793","146141","234479","211598","14848","260959","341941","11852","179912","147012","103250","93182","67698"
"20201","11","서울시","CS300016","안경","95105062031","1081248","66964774953","28140287078","13832002049","13106864037","13007487351","13604253299","13414168217","17622316529","10517970549","0","3545360446","21907091480","31059625862","36193349219","2399635024","44756728994","49440133599","768943573","17336952495","18704293997","23318763506","21922208419","12145491202","786161","295087","158786","153605","154300","161626","157844","176983","118104","0","42903","234527","323493","441532","38793","403544","673677","27850","341041","212917","209881","187781","97744"
"20201","11","서울시","CS300015","가방","21625724186","461919","14631885708","6993838478","2423002916","2472940131","3554830595","3250184026","2930928040","3996624239","2997214239","33686477","585937061","4560346653","7094320776","8412383014","939050205","7845225384","13175941974","157261430","5188921878","4957883528","3999648695","4001430891","2716020944","300945","160974","55477","51434","63007","61302","69725","87039","73935","194","10055","94425","149901","187608","19736","166253","288495","7005","137455","120679","73907","65547","50158"
"20201","11","서울시","CS300014","신발","126246350603","1288549","82738383795","43507966808","16717058980","15928660184","17418952171","15047552867","17626159593","24232304648","19275662160","48096735","5192665946","27780470285","42079768637","46496633353","4648715647","58122323561","59945180495","1168314892","33558138805","29983102072","18958549683","20876388368","13523171519","844357","444192","157770","158508","167658","179012","181409","242683","201509","1100","55432","269142","425567","481611","55697","575499","661165","16849","376625","283584","181454","218340","159822"
"20201","11","서울시","CS300011","일반의류","1457759602229","22402705","902680812050","555078790179","154031272212","167013516071","185766350216","188952593034","206917080517","299086878941","255991911238","4462619325","32642862287","302845421232","541830968559","527699956752","48277774074","561939916721","872821382135","10245572506","242910870215","322772060126","348186468754","314579165132","196060376000","14204346","8198359","2528621","2638158","2975161","2909621","3152785","4298934","3899425","177158","537799","4760727","7635807","8391326","899888","8033871","14281929","257404","4833268","4787293","5380232","4507299","2550438"
"20201","11","서울시","CS300010","반찬가게","556219893920","17813334","471533629208","84686264712","91069950771","96490436271","84791358426","98201042838","100980840902","66630993177","18055271535","65334509743","130237542739","142386839063","132005724471","68525599768","17729678136","241162668759","221375064633","195232229","30081080847","86802557432","111154415555","124194442375","110096934444","15027152","2786182","2964933","2999411","2834473","3123658","3104677","1888583","897599","992539","3209299","5750207","3949328","3429994","481967","8647382","7681813","21862","2385815","3761961","3769545","3563877","2825687"
"20201","11","서울시","CS300009","청과상","471060480633","12452451","360754641878","110305838755","60031156884","80737821285","59447716947","82124397646","78413549116","73297157133","37008681622","8145752413","118811773726","118659184828","136423633676","81079439789","7940696201","187312636220","231011740246","94135749","8388739525","73212756048","70858537850","101757157902","164018853807","9012872","3439579","1636703","1726073","1700040","2004624","1945432","2122327","1317252","63526","1399228","3178121","4105981","3377083","328512","4918575","7135298","9987","489483","1574700","2443995","3090373","4445832"
"20201","11","서울시","CS300008","수산물판매","722284409731","11934727","414990954792","307293454939","64101255872","61704377365","81521823101","81596687210","126066811244","189661152254","117632302685","19406122835","91073276563","154503857846","192361814286","240630906754","24308431447","383752596564","269715185126","210846449","58533236668","129966683676","143623267298","153923563763","167210183839","7057535","4877192","1152317","1119657","1356284","1437578","1991699","2910625","1966567","198726","1262481","2565022","3623866","3949547","335085","6045899","5311599","7506","967685","1989082","2303552","2794741","3294930"
"20201","11","서울시","CS300007","육류판매","723564160409","15399425","560344325311","163219835098","97457453354","101745689552","107079005691","121779865240","132282311474","108069834820","55150000278","10232653148","110636980773","181808996840","226608066527","180754900592","13522562529","303745163162","373144057875","243659828","21769595145","76267777552","130629925512","199546514470","248431845429","11120589","4278836","2004149","1999595","2142729","2380546","2593570","2633049","1645787","104433","1507813","3294939","4670151","5497914","324175","6332628","8736465","14336","814967","2100814","3271245","4310794","4556997"
"20201","11","서울시","CS300006","미곡판매","83871448459","1520001","72680411242","11191037217","14960434713","15831468913","12785371306","14275239873","14827896437","9528588085","1662449132","3009524589","23324357649","20600953254","24088650397","11434033275","1413929295","31929263113","43521631120","50223598","2455709238","4248291731","15301345329","21102130148","32293194162","1254072","265929","262747","237032","231483","252436","270374","201796","64133","97858","303557","365863","441266","261608","49849","680794","733074","1982","44280","140781","246799","426207","553815"
"20201","11","서울시","CS300004","핸드폰","69235032664","1297345","53538900619","15696132045","11878732871","11268825583","9691810100","10299588067","10399943998","10773946472","4922185573","430180921","2807152817","14514630658","28363685901","21925011839","1194370528","29850196434","25002480044","451774725","8928131510","10087290406","15111261149","13228354427","7045864269","1002999","294346","207406","197460","193412","202326","202395","193394","100952","7492","64095","317096","426756","459549","22357","671926","584575","31479","302504","230560","286993","248726","156232"
"20201","11","서울시","CS300003","컴퓨터및주변장치판매","1130536095883","12986356","954063396113","176472699770","181328013805","208459152395","196716432034","183136096720","184423701159","115663441291","60809258479","1427294997","105984576222","355442305810","474705089850","187855982219","5120846785","543435704297","250310072052","3749594368","86348596594","135665392877","293549395176","193914355750","80518441592","10664918","2321438","2381525","2227043","1957281","2150464","1948605","1356520","964918","230126","1794231","3375877","3879489","2784786","921847","6094084","5884585","534436","5236657","1940170","1980278","1709541","577585"
"20201","11","서울시","CS300002","편의점","961849390780","159614772","706513903017","255335487763","136580996059","139035700040","138136085554","141340334679","151420786685","136118838398","119216649365","121965674900","153990663083","129582523400","128054183496","247209793385","181046552516","616887334148","324240259804","11308787707","263749717683","274815968673","205390004737","129959192590","55903922565","119204265","40410507","23209394","23683972","23565801","24136460","24608638","21381054","19029453","17519652","30105977","24077651","22112597","38984608","26814287","101170493","57023811","3165689","53009205","44657342","30013344","19475161","7873556"
"20201","11","서울시","CS300001","슈퍼마켓","908171127292","64085294","661584587570","246586539722","131594801767","127267923481","128998387827","131925044745","141798429750","139569348987","107017190735","14277390786","79005184237","165610689554","221492920669","329141388223","98643553823","402478259462","462614403957","2738069795","83185854408","152410216913","224727355710","223714365933","178316879945","46567540","17517754","9331818","9112733","9092269","9280656","9750064","9581343","7936411","1093887","5398652","10617668","13691457","24394068","8889562","31936925","31305685","498336","9837855","12961951","14992475","14194399","10757612"
"20201","11","서울시","CS200037","노래방","81409296602","2151170","54649200680","26760095922","7571590770","10490183271","11767765882","11599028351","13220632406","15642774168","11117321754","39384798900","1952910982","462533731","1297080678","8998019898","29313952413","61271893156","13046664457","658447659","9567855057","13327312990","20622157980","21535886312","8606548248","1418719","732451","244898","260934","289431","289235","334221","405863","326588","593510","34245","67616","170489","529273","756037","1364199","745469","152531","957973","376565","260342","253887","108395"
"20201","11","서울시","CS200036","고시원","2101526551","49647","1179037539","922489012","212738880","178363445","242055417","152048591","393831206","484054948","438434064","676840135","154968424","197677914","258675465","428362169","385002444","1503200081","561827777","19467530","694858069","480833682","392994623","356237146","120636804","29189","20458","5448","4805","5937","5143","7856","10295","10163","16771","3910","3137","6299","9174","10356","37731","10941","579","13521","13290","9355","7067","4857"
"20201","11","서울시","CS200034","여관","47721539270","1092788","29085326962","18636212308","5565855505","5290695752","6281605815","5740368620","6206801270","9667885551","8968326757","14516280986","3115762392","2701673747","5271472186","11940436536","10175913423","32940687308","10505324921","566638685","15445027604","11534837706","7576300055","5716367887","2606840313","671966","420822","125332","127484","138833","136181","144136","213169","207653","270369","64275","96274","152919","294796","214155","789043","263793","15771","425617","264584","163982","124913","57984"
"20201","11","서울시","CS200033","부동산중개업","4488378570","309254","3781294005","707084565","1012407087","976192904","495338889","637850941","659504184","449790483","257294082","39068842","588160773","1242965694","1120942125","1100959941","396281195","2771408659","1287579624","2194102","623479251","1232960758","840717171","698525676","661111330","244668","64586","48418","50282","44651","47266","54051","38444","26142","4594","35762","86172","93541","71182","18003","178812","105774","95","36600","116662","70486","41193","19556"
"20201","11","서울시","CS200032","가전제품수리","10204805077","144852","9130463119","1074341958","2016708931","1726553157","1742596491","1908075557","1736528983","1025027548","49314410","8709576","1576551208","3406041374","3413278801","1789964471","10259647","5828563965","3613282406","13134357","657714363","1841265949","2673462769","2105259147","2151009774","129750","15102","28731","26783","23899","25857","24480","14550","552","6","22633","47294","54591","20146","182","81201","54289","223","9679","23576","31352","35510","35149"
"20201","11","서울시","CS200031","세탁소","26395358997","1407196","20843194724","5552164273","4220790171","4188996994","4265663007","4434889352","3732855200","5244580565","307583708","52767578","2968613313","6491468620","8199721223","8242536904","440251359","10710655756","13014633618","55486518","3109721760","6264298567","7003964247","5149013579","2142825551","1086693","320503","233563","200817","246858","209592","195863","298523","21980","6449","169772","333984","401126","465232","30633","690164","669808","5340","215320","345567","378954","295727","119045"
"20201","11","서울시","CS200030","피부관리실","34861956236","189197","27320031980","7541924256","4716993874","5395858298","5034583082","6351829756","5820766970","5893601449","1648322807","420652964","1499444353","7495514354","9795409918","13193818062","2457116585","7483898787","26461366903","85572860","7631799061","11101878017","6168429029","6000908807","2956313056","145802","43395","26075","26973","28054","32180","32520","31575","11820","3252","7715","39803","56184","71376","10867","49055","136410","804","54220","56965","32929","25375","15160"
"20201","11","서울시","CS200029","네일숍","10151444407","149022","7584897056","2566547351","1383951169","1488885021","1404480453","1675526248","1632054165","1803044069","763503282","66052170","119541883","1921706710","2997478398","4310968648","735696598","1590349140","8440350385","41645808","2312480754","3195094197","2184938082","1362527870","933890357","112274","36748","20475","21660","20680","24238","25221","25168","11580","530","2660","32368","43328","63247","6889","35638","112492","1375","44550","44139","28362","19437","10269"
"20201","11","서울시","CS200028","미용실","194676213054","4636030","124043509428","70632703626","21394063385","21481032231","24093821150","27080813968","29993778694","44051941724","26580761902","277525259","3822963248","41760998335","63991281292","78643311592","6180133328","78602081489","114222373460","1507913830","37524618315","48847131265","46597693985","38026015921","20320316764","3044610","1591420","576213","530407","588858","653852","695280","942284","649136","5267","144546","1087450","1479102","1832452","87213","2632355","1986846","56258","957355","1070547","1100110","952647","482255"
"20201","11","서울시","CS200026","자동차미용","9854037632","162863","7577496109","2276541523","1289206851","1627598792","1420396262","1490851324","1749442880","1695099232","581442291","81910630","1542193197","2522914201","3277345208","2219618499","210055897","5990476980","1779236788","394074","409783779","2466282839","2037532019","1558894359","1296826698","117329","45534","22423","20322","21997","26062","26525","29205","16329","440","26320","48979","59436","25660","2028","95216","34376","5","9856","36704","38006","27710","17308"
"20201","11","서울시","CS200025","자동차수리","199837406520","1250324","163987129862","35850276658","32190381068","32270891426","31203557593","34327142313","33995157462","33851884206","1998392452","59783688","28069268600","52543884973","70715299190","47624775463","824394606","128411113100","44644431011","32670223","7159186598","34110321269","45379411312","47725484191","38651607732","1017559","232765","207987","200611","191805","212895","204261","214346","18419","638","214508","360745","444267","226782","3384","814610","280601","977","60327","225357","280315","288312","239917"
"20201","11","서울시","CS200024","스포츠클럽","72919879043","269475","65144757474","7775121569","13601377375","14161830711","12879514044","12764045067","11737990277","5500572254","2274549315","391988060","6449078329","10865980589","14315893466","29264328251","11632610348","34633533748","34948000522","244833222","18884036893","18302508844","11964870687","14619135179","5566149446","226170","43305","50901","48806","43124","44499","38840","26977","16328","3011","26211","41877","54513","106136","37727","146664","116491","1922","87202","65927","41124","47586","19378"
"20201","11","서울시","CS200019","PC방","98289321838","20339487","64935877834","33353444004","12855264361","12156871488","12796287788","12856985058","14270469139","16820161793","16533282211","17866905696","5867591873","8715840373","16017686299","29175344451","20645953146","81459596470","16813729785","5999822584","65506068549","16404255237","5024909741","4403956941","934313205","13540610","6798877","2650255","2551894","2689204","2686747","2962510","3435147","3363730","3468490","1183476","1799475","3483036","6223964","4181046","16561959","3776637","1896825","13391328","2944461","1013617","915897","176466"
"20201","11","서울시","CS200017","골프연습장","48868273913","981436","32775307756","16092966157","6941160479","6869668818","6332412560","6322509625","6309556274","8357907266","7735058891","2606290563","3585795927","7116780672","10701964828","16045286291","8812155632","33503923052","9101069919","11141945","1235230920","7739248211","13408767945","14017259825","6195127034","616464","364972","120047","121656","121974","122622","130165","182110","182862","54453","61151","145876","209058","312426","198472","736921","148390","640","28837","163373","292204","293956","106289"
"20201","11","서울시","CS200016","당구장","21647881413","1138190","15124514388","6523367025","2963425427","2996769645","2904837767","2943377926","3316103623","3537292306","2986074719","2827441216","539231886","1269200039","2814256465","7896231705","6301520102","17193756679","3845585701","305134247","3146349315","3502982019","5203012802","6136739281","2745334443","775354","362836","141844","150510","151763","155701","175536","197169","165667","146113","14249","52511","144523","418821","361973","998141","122590","36236","179073","151165","267637","338351","148266"
"20201","11","서울시","CS200008","한의원","199291341028","5062856","159744014131","39547326897","36518015922","33497522707","28426451033","29024702611","32277321858","37006960383","2540366514","9259804","21361945156","70151412802","63379258163","43844317330","545147773","76124830777","121660672424","199105917","14385891801","33903920173","50498750377","49842015007","48955819907","4288301","774555","942704","850584","800700","824256","870057","709539","65016","923","702455","1668276","1532848","1152400","5954","2306173","2742909","11957","356202","725562","1022396","1296420","1636530"
"20201","11","서울시","CS200007","치과의원","523154362523","3705358","456709848048","66444514475","96393544988","102200350568","85318568761","80732484306","92064899425","64689035946","1755478529","4361927","63433175511","179428400384","172781543974","106265573954","1241306773","257073061439","263514730639","630614369","46084674186","76588580401","122985059558","142465129056","131833413814","3228013","477345","704990","716069","597412","573403","636139","465067","12278","21","595248","1142622","1289761","673557","4149","1824257","1874250","12151","450586","624752","915575","869277","826165"
"20201","11","서울시","CS200006","일반의원","1194642348631","34142740","1019380262393","175262086238","218936040562","211876848183","169770217564","204066669399","214730486685","168854227306","6407858932","79506658","252846589757","372621745921","374606849842","193042675453","1444981000","445539721146","745594550295","2773001895","170671067997","244725162968","269390364723","291753257266","211821416595","29498058","4644682","6801962","5895657","5056485","5908921","5835033","4412020","232662","269","7999623","9790791","11255128","5080332","16597","15576229","18539404","142186","3861563","6437989","7828841","7566753","8278310"
"20201","11","서울시","CS200005","스포츠 강습","48453594923","186996","44825746197","3627848726","9369808334","8740307771","8220024814","10755718681","7739886597","2735104354","892744372","57085936","2788774109","7500726807","12255257708","20887605536","4964144827","15763623425","30560089621","81931909","6476573987","12559078292","17814726874","6795266168","2595619248","174180","12816","41637","33927","31627","35648","31341","8943","3873","150","8423","25630","50823","84143","17827","69852","113444","773","22145","45768","85678","21401","7520"
"20201","11","서울시","CS200003","예술학원","63810353371","277919","55212939197","8597414174","11191202525","12078958890","10336604777","11681728405","9924444600","6564515938","2032898236","62835764","2084256893","10129131913","22889039547","24272070603","4373018651","26069169919","37127591953","265376598","5244105015","9852832269","33204064589","12122927111","2507456290","248871","29048","52587","53795","46497","53411","42581","22029","7019","111","7285","47292","113650","98702","10879","109942","165258","1374","23598","60077","146314","34312","9559"
"20201","11","서울시","CS200002","외국어학원","70118331158","245043","60030357652","10087973506","12724097303","11648390940","10669452542","12853892232","12134524635","6388024145","3699949361","84276747","9415511193","13226407091","21005550083","23126933584","3259652460","29355435593","39389399774","146813952","3327231439","8799585106","38400547118","16050396504","2020261254","203823","41220","46450","40259","36289","43361","37464","26941","14279","256","29875","51704","69184","83527","10497","98667","143332","1711","26006","28202","123920","54235","7927"
"20201","11","서울시","CS200001","일반교습학원","440746498398","1527646","363279657284","77466841114","79781439893","74432413225","66910730162","71517936266","70637137738","51318476054","26148365060","404639448","32309048899","68644160582","136639777096","173538923214","29209949159","186897108181","250659486071","1122927470","4977208866","25496387930","285061291995","110032339772","10866438227","1256119","271527","302486","246072","234029","238029","235503","176597","94930","1759","165890","255331","450749","566873","87044","635135","888746","7065","36972","127291","973934","343742","34883"
"20201","11","서울시","CS100010","커피-음료","426436848525","54212472","323277733966","103159114559","59913536679","65060864076","63927626657","66792670030","67583036524","55806377410","47352737149","6056323271","58956090421","131266115693","103008796345","98540756824","28608765971","172738731391","202136120639","4857210290","124024873285","108741134167","72609217818","46507843763","18134572650","42145508","12066964","8057836","8445031","8378808","8663708","8600125","6511995","5554969","536972","10665679","16358357","12657987","11140321","2853156","23844613","27302079","823335","18534447","14848114","9166102","5754315","2020225"
"20201","11","서울시","CS100009","호프-간이주점","317362458877","7084226","216193133099","101169325778","34356766302","41264126980","43532192248","44404075495","52635972074","59434020825","41735304953","111598910647","4051217458","5019079620","3870546810","51027176936","141795527406","196645042091","92296575868","3773950313","101177255031","73866777735","51275665055","41514766965","17333202838","4785553","2298673","821474","886654","952310","969346","1155769","1300374","998299","2183287","112732","319719","159385","1312252","2996851","4261828","2502226","126126","2764803","1638498","1021477","855627","357563"
"20201","11","서울시","CS100008","분식전문점","229864879261","21665843","171443649115","58421230146","31730090920","34108795589","33649208075","35283919651","36671634880","33109671808","25311558338","7951333020","15552738769","67049156446","40012038445","75640933438","23658679143","103263462825","103501997751","3849786393","51843012666","50095528002","51102565203","34670094583","15204473664","16455370","5210473","3143993","3303044","3261999","3385595","3360739","2903847","2306626","558592","1922254","6375162","3881016","7053120","1875699","10045463","10683501","485563","5666381","5208218","4897549","3187162","1284102"
"20201","11","서울시","CS100007","치킨전문점","99412736887","4211834","70001132667","29411604220","11772323830","13114987930","13815390083","14417723780","16880707044","15690149662","13721454558","9230393443","283293087","3945271690","6321620964","43097864741","36534292962","54694259238","37618733955","1300901377","20453802168","20385986681","24425270745","18715579317","7031452923","2929185","1282649","495629","553469","578415","593584","708088","672004","610645","307374","18116","230669","324241","1949871","1381563","2322727","1733694","71558","949466","894248","1030361","798374","312417"
"20201","11","서울시","CS100006","패스트푸드점","135536249294","12516512","94535828653","41000420641","17283266421","18147614024","18840535098","19404670184","20859742926","20607587952","20392832689","3524647244","6956410676","34820408979","25126980983","50397214010","14710587402","67433299367","57183853481","2138096719","37142792857","30858145781","27358419594","19538316738","7581381154","9038841","3477671","1735219","1762742","1791621","1861547","1887712","1788959","1688712","359670","1006882","3215500","2363623","4232579","1338258","6462192","5679512","284538","4125310","3024244","2383093","1653649","670942"
"20201","11","서울시","CS100005","제과점","194511342848","20703483","141534506911","52976835937","26160771909","27172463354","28185577635","28842194308","31173499705","28709357565","24267478372","399848017","28498856985","44965593192","46104524490","59756769797","14785750367","73555167411","103292445127","1441681773","34210120567","44152810740","45379394153","32694669893","18968935363","15241177","5462306","2969323","3006769","3035251","3061371","3168463","2913077","2549229","35883","3485778","4479089","4665242","6366476","1671015","7870700","12084808","212784","4457592","5041400","4772868","3439293","2031546"
"20201","11","서울시","CS100004","양식음식점","222364467099","6263642","153979130260","68385336839","25280943783","28768668182","31568919554","32097844403","36262754338","38917940092","29467396747","13634454272","1631601927","56525021460","31938318862","79427922392","39207148186","94800600219","90731798451","1661878204","61789815408","54372062287","33722092827","23746658719","10239891267","4481549","1782093","786387","852348","912831","931413","998570","964086","818007","285241","109376","2092475","1031053","2090046","655451","2711405","3054550","91984","2207701","1627388","961552","643848","233453"
"20201","11","서울시","CS100003","일식음식점","185182731342","5334511","144861396614","40321334728","24830636936","28029305855","29065032318","30323101184","32613320321","24331342395","15989992333","7863803147","379001870","51822575136","16898980485","66794735476","41423635228","85900736526","56574952597","1169049366","40811393922","40823087804","28430262029","20634391336","10607504676","4251570","1082941","782494","840548","847947","882637","897944","617833","465108","128910","30001","2242315","668996","1750424","513865","2504184","2230991","75688","1687015","1294938","831731","586049","259769"
"20201","11","서울시","CS100002","중식음식점","166674696284","6147967","123611513766","43063182518","21317955787","24517426023","25073842692","25912237649","26790051615","22715146393","20348036125","4172689270","1322863796","59176954667","20872740740","62426603605","18702844206","80776916031","50356988947","1072544044","26650909552","34431692017","31667424180","24074889814","13236445375","4653673","1494294","831323","939969","940376","968900","973105","779048","715246","109041","72611","2703939","956403","1967589","338384","3319805","2186870","81898","1306935","1381434","1268276","958709","509442"
"20201","11","서울시","CS100001","한식음식점","2371151574761","77583263","1777243408223","593908166538","316931898669","345106696645","355677023416","370029901388","389497888105","338649373457","255258793081","127882605981","43745398986","583998625217","215326363979","936357818286","463840762312","1226621223918","712903695032","10711856316","370543092288","450564578038","435444051847","408625220114","263636553759","60181826","17401437","11437516","11959458","11959797","12358906","12466149","9680649","7720788","3299118","2404690","28768002","9051194","24708593","9351666","42331990","27573884","662120","15473061","16191835","14998691","13721378","8858570"
"20194","11","서울시","CS300043","전자상거래업","194462862945","3225496","142524658506","51938204439","22496001628","27806278516","27192613071","33786510280","31243255011","31945983364","19992221075","3229579206","13157248593","45300059097","69841047656","50670733456","12264194937","67329554388","108373160294","1659847370","28499618291","38171503193","39843939103","38942695863","28585110868","2107086","1118410","347032","413119","402496","448866","495573","655066","463344","75248","212627","717962","1026399","957550","235710","1085598","2044456","101934","919572","748432","674673","445128","240313"
"20194","11","서울시","CS300036","조명용품","444115704911","4238494","398695775027","45419929884","80936923562","89715711028","60140845483","78932802459","88969492495","38748149531","6671780353","0","82055780344","128651472283","174195545230","58252327129","960579925","222785769494","103366959347","121131334","8492033161","45242997960","104724053203","109160919356","58407547619","3607152","631342","770916","744544","666968","699656","725068","518674","112668","0","874502","1236972","1517534","601412","8074","2249927","991488","5134","198158","538615","760384","985160","753319"
"20194","11","서울시","CS300035","인테리어","43654177012","689348","34796210801","8857966211","6626413922","6490884978","7784435567","7657025257","6237451077","7198834340","1659131871","15822167","7655813094","11549174816","16174391793","7994987961","263987181","20262283889","13940782093","49863504","2644407875","6353971871","6335765838","9107832099","9724595192","536299","153049","106257","112130","100137","108907","108868","107517","45532","526","122570","181285","238986","137024","8957","317488","263295","2749","80013","92689","117573","148338","139887"
"20194","11","서울시","CS300033","철물점","68022278688","1186025","56897925968","11124352720","11857230849","11543670336","11432745074","11193702817","10870576892","9482427117","1641925603","53813203","14859088570","20813003794","22944954908","9121781858","229636355","31920483987","22205911708","35395661","2716845810","7029456660","11770560316","18581082479","13993021586","986717","199308","201168","220605","181739","189309","193896","158957","40351","607","314516","350555","343663","173579","3105","619568","288785","2546","88705","155965","217372","251973","191791"
"20194","11","서울시","CS300032","가전제품","321776672041","905901","206250230689","115526441352","47450063365","42536866420","41031105210","37728138053","37504057641","56564332600","58962108752","462841129","14699606142","78947174481","124167226942","100712966179","2786857168","158217217743","144126153668","396656209","19256463346","56977381635","81512091858","83763381833","60436124418","601778","304123","130425","119221","116600","120307","115225","153546","150577","2222","57318","236442","324816","274389","10714","488636","379255","3010","80983","163509","203182","225857","191285"
"20194","11","서울시","CS300031","가구","235635095283","555453","158362697565","77272397718","32130178552","32197017891","31992399381","29499882689","32543219052","43356590240","33915807478","8745101","11754262118","60826608082","97343879576","64807815121","893785285","104669530407","112307534463","20275852","12172899945","45752001809","54554551079","55018184553","49459151635","415436","140017","81910","93635","76249","80990","82652","80168","59849","50","52376","176614","201180","122453","2780","214786","290885","850","79672","120433","109087","113332","82294"
"20194","11","서울시","CS300029","애완동물","15554739511","605541","10391913841","5162825670","2079245406","2187762868","2044364151","1941265282","2139276134","2894067550","2268758120","48128420","724824850","3177823957","5078774957","5577713513","947473814","6284093202","9112150733","99691293","2780124863","3196253657","3493069459","3861834790","1965269873","418631","186910","84518","89433","79346","80325","85009","106441","80469","611","21538","119073","187161","242878","34280","215417","387609","6707","111972","112719","136132","152825","82662"
"20194","11","서울시","CS300028","화초","57814527003","1305481","44471806239","13342720764","8280065557","10695828614","8176900763","7869968022","9449043283","8835852708","4506868056","476287447","7771806306","15395234393","20204192518","13095354968","871651371","20096499817","20852814943","247379358","6624174186","9340729542","8770106704","9338392890","6628535587","970938","334543","174712","215913","188303","181010","211000","205458","129085","1816","109688","436434","375084","358650","23809","542056","619378","17369","356484","307861","199742","169353","110599"
"20194","11","서울시","CS300027","섬유제품","48369106308","417621","37545220324","10823885984","9514004647","6921693101","6815569620","6408913667","7885039289","7329667060","3494218924","0","3095761419","14387870263","19719632440","10764237932","401604254","12815036881","30664628006","187631488","2653642906","5824635910","6785465121","10361419235","17666904142","314920","102701","56773","61656","61094","67559","67838","65485","37216","0","38042","107348","158213","107136","6882","130321","259835","5175","51409","52814","71523","107887","101376"
"20194","11","서울시","CS300026","완구","29433725382","636331","15862030228","13571695154","2398054002","3238456270","3815272860","2745250387","3664996709","7228230538","6343464616","3582679","825665350","6278774729","10302270753","10499492882","1523938989","18313082671","10358378363","181046107","3092921978","11031905171","9122943201","2288276701","2954367878","330424","305907","50621","68265","78269","62566","70703","164294","141613","72","14571","135287","213097","238270","35034","359657","273618","7522","73919","275086","184368","39173","53213"
"20194","11","서울시","CS300025","자전거 및 기타운송장비","29200662988","236925","18064426442","11136236546","2638257017","3651138539","3584143155","4353229981","3837657750","7954699588","3181536958","0","1469779635","8710823791","9686182318","9175439362","158437882","21576861820","4728165771","124551740","2573362334","6044904259","8039770909","6265956013","3256302085","160544","76381","29431","30128","34218","32644","34123","49105","27276","0","15700","63380","84720","72103","1022","165541","50274","3444","22302","39285","64061","52529","34169"
"20194","11","서울시","CS300024","운동/경기용품","256370782058","1459430","168782349314","87588432744","30276286391","34579507468","33282737487","36256692009","34387125959","46255776090","41332656654","134408190","11714191451","59875315047","104959177565","74215853198","5471836607","143646141463","81505600567","1006787026","26121816209","45474863561","63870648012","52148466500","36529060061","905726","553704","156956","183832","185459","185870","193609","297872","255832","2761","81926","370303","564663","413115","26662","855115","531028","13572","185668","256501","340948","340920","248497"
"20194","11","서울시","CS300022","화장품","923186399867","31391795","719675507790","203510892077","145242829658","155069283888","130005930471","146937772090","142419691683","115895613215","87615278862","6809260838","57416179904","200385451778","253934397547","313706214818","90934894982","242332448279","643570076324","15856828780","253867576019","212185719991","197672442598","138885548104","67420637255","22693448","8698347","4430081","4737212","4301497","4466661","4757997","4826949","3871398","126931","1308294","5849559","7508021","12772801","3826189","7191630","24054533","1085812","14149902","7068098","4436178","3204940","1301039"
"20194","11","서울시","CS300021","문구","380453524121","12537458","345812602567","34640921554","68812410049","80951141655","57577991464","68073477556","70397581843","24520208129","10120713425","50662546","56280334658","112364073815","147826492431","62274092317","1657868354","105056120468","77601907276","2475410172","21191906578","28513360291","56951843790","46709023219","26816483719","10496940","2040518","2137802","2344394","1934106","2007867","2072771","1344453","696065","3997","1478201","3665188","4174468","3048680","166924","4533212","5274724","417737","2205733","2105828","2756787","1501705","820116"
"20194","11","서울시","CS300020","서적","117551546856","2426320","95327164338","22224382518","19607277125","21961237360","16564851329","16103442277","21090356247","12836175267","9388207251","2208604","6834211129","33420788629","48649367835","26164413419","2480557240","38232495907","48580585675","1528169780","11039189302","19748216060","27023656342","19955740942","7518109157","1776346","649974","356764","392088","329691","334128","363675","370460","279514","202","152446","593930","781812","803353","94577","975118","1356709","126815","454764","431411","743838","396815","178178"
"20194","11","서울시","CS300019","의료기기","208957088792","563025","199577238613","9379850179","33518502027","50103782511","30689897883","40489855652","44775200540","6945524580","2434325599","566147318","32801715754","72701717961","87374280340","14765080790","748146629","142198029058","50104217166","74713987","5263585923","16462042068","59905984051","51281541519","59310692619","495633","67392","99007","110542","84956","102498","98630","47836","19556","5392","93232","193866","200644","62619","7272","307986","241512","1647","25954","63601","118007","129966","210402"
"20194","11","서울시","CS300018","의약품","1218375473280","66896116","1080706582043","137668891237","250786070132","240391543821","157517154344","205474980928","226536832818","116659205983","21009685254","310871920","240676749077","388551030736","361126875104","215856181783","11853764660","606460686947","556349226876","3362079063","89618404217","189550393797","272161364968","285342772408","322774899344","56463353","10432763","13572336","12079985","9074272","10223677","11513083","8634925","1797838","26217","12289134","17952190","19499036","16145661","983878","30748581","36005074","553366","9605751","14465409","15456590","13268038","13404515"
"20194","11","서울시","CS300017","시계및귀금속","233227982415","802049","182899436086","50328546329","38931181218","41975120317","34815059996","31516783080","35661291475","29688029049","20640517280","0","11083258379","61119231011","91750411183","67082434427","2192647415","115761765078","93872256576","954447777","27454383375","48168902727","47537973051","46926927786","38592636802","581010","221039","109503","121344","114040","110307","125816","137059","83980","0","33371","185970","295353","263586","23769","322283","447483","18852","216044","180494","148343","122774","83308"
"20194","11","서울시","CS300016","안경","105523603176","1259077","74171812479","31351790697","15491519074","16382020211","13708627869","14252991623","14336653702","19336111064","12015679633","3547392","4244214100","24857052473","34082260701","39195294393","3141234117","48551233039","56020381456","1327015677","19916435186","20202722878","26741740915","22028878384","14352027598","907410","351667","183417","192730","165751","175663","189849","214238","137429","50","52457","270127","363046","517793","55604","454002","801196","52116","408365","234757","254143","196383","109362"
"20194","11","서울시","CS300015","가방","32907330937","660440","22465905271","10441425666","4021991132","5148528829","4630155959","3828941646","4836287705","6011087319","4430338347","23663692","920157378","7136676411","11148795602","12234449426","1443588428","10619357965","20961953388","336208602","7554915917","6869187870","5973666735","5896551227","4950781007","430266","230174","86065","86970","84533","78390","94308","125481","104693","293","16819","133785","207111","263265","39167","223395","426135","15754","189444","158331","106748","100836","78423"
"20194","11","서울시","CS300014","신발","185404722787","1905071","120856559669","64548163118","20780946740","24302436071","23541665294","21737056323","30494455241","38551456736","25996706382","559256466","8921382224","47413501499","60475458884","60311448416","7723675298","87217432969","88606205024","2940717335","46186823432","42560216526","31921195922","30444767337","21769917441","1235646","669425","213117","243704","247881","251571","279373","387685","281740","1961","74946","444006","635197","653169","95792","831603","1024034","37515","510367","392991","313996","332822","267957"
"20194","11","서울시","CS300011","일반의류","1985273803157","28347226","1251905652729","733368150428","207667248567","253116270459","268935108833","261663634572","260523390298","392756591590","340611558838","8794475437","43151925927","429403926437","705932205307","711332757814","86658512235","736610587052","1210021144854","19732875166","351323679349","441966671466","456068789133","410235490776","267328871410","17813148","10534078","2973286","3574871","3819184","3667711","3778096","5626359","4907719","251063","682628","6184449","9404024","10396095","1428967","9832014","18409307","494710","6280571","6154542","6889595","5292489","3129479"
"20194","11","서울시","CS300010","반찬가게","667937155403","20614557","561207729793","106729425610","109054047589","129990154435","94798944112","110340805380","117023778277","83206580396","23522845214","93307529881","150800154035","161197191187","160247762279","77821766204","24562751817","281052594641","259005242806","1179889683","44230199564","104133709643","133647467532","141104429869","115762466019","17321492","3293065","3573810","3833696","3218683","3344215","3351088","2203276","1089789","1159489","3644945","7127029","4456408","3635782","590904","9615370","9286940","244231","4084222","3959080","4179890","3821380","2613603"
"20194","11","서울시","CS300009","청과상","457167620584","11092613","352905288117","104262332467","65646607819","74998278845","58856224027","74264857623","79139319803","70402216320","33860116147","13116906341","127564157263","131154809853","118894280854","59359872436","7077593837","166851409204","258535230390","163434378","8541397975","96109504713","60704503148","96880893389","162986852772","8086368","3006245","1481318","1782317","1538982","1668474","1615277","1866098","1140147","56690","1381564","2862442","3681854","2791506","318557","4290107","6447476","13698","488446","1453391","2115494","2793408","3873159"
"20194","11","서울시","CS300008","수산물판매","888990353341","13659838","531242409735","357747943606","85728080235","108958989296","102008800077","103556544709","130989995418","221230442935","136517500671","23280427996","106674993262","160554631753","220688349245","341883456973","35908494112","451902369335","309675275231","743372098","90250244141","150311520945","160566460773","179510370026","180195676588","8035493","5624345","1300028","1690282","1577133","1558178","1909872","3398871","2225474","244329","1387330","2722705","3749552","5056604","499318","6871682","5864689","19281","1573656","2354994","2559153","3047285","3182006"
"20194","11","서울시","CS300007","육류판매","615394766385","13521753","472483739890","142911026495","86221516406","108985898148","82544646462","85641226705","109090452169","97406371866","45504654629","12840330657","105995320272","150947175880","187546144439","145467411370","12598383767","260681088346","314388485692","362957392","22481541651","67947930974","121252922834","180826287311","182197933865","9678921","3842832","1872022","2115321","1745604","1809444","2136530","2375082","1467750","118944","1394774","2758768","4082482","4847488","319297","5467325","7711398","22550","818117","1956894","3034451","3816332","3530403"
"20194","11","서울시","CS300006","미곡판매","94190578941","1611062","80778084807","13412494134","14942302523","20716569461","15651750058","14650551990","14816910775","11389481793","2023012341","4629989328","25517788170","21220646834","28745190932","12174710432","1902253245","31782397486","52396516687","23280451","2597375453","5759772323","19119165468","26889996023","29789324449","1326453","284609","268846","293822","253992","264400","245393","212049","72560","92800","356720","387111","439617","274116","60698","712496","768282","1752","49761","164941","287875","495872","480572"
"20194","11","서울시","CS300004","핸드폰","86082301678","1632420","66211907363","19870394315","13694885149","14148677647","9114677966","16240685009","13012981592","12713935341","7156458974","338842699","4649588733","24397816771","29602192539","26151418661","942442275","39690492630","30222103317","737165873","13738268173","13849536436","20637870522","14380302930","6569452012","1251554","380866","265838","245461","219346","248804","272105","241192","139674","4054","99803","395272","506059","592926","34306","801133","762281","57133","393950","296113","350669","303287","162248"
"20194","11","서울시","CS300003","컴퓨터및주변장치판매","1208682559291","21256354","1055987015174","152695544117","213568552816","210174609050","212078059857","194130956888","226034836563","99075789224","53619754893","1719643212","150508153113","335525144093","506925853949","205997829885","8005935039","500105606566","232260531645","7434424301","90310477915","130691284425","275340636393","156134137469","72456920043","18080048","3176306","3941829","3905733","3280343","3419929","3532214","1743052","1433254","477779","4244528","5711112","5706647","3860345","1255943","9157151","10945156","3045743","8852904","1872546","3069644","2575289","686407"
"20194","11","서울시","CS300002","편의점","1012174880713","179924637","738361909097","273812971616","143695203120","156522462644","141598847774","142642455535","153902940024","144100149322","129712822294","133321634467","167097877184","133266815752","129554748179","250678533012","198255272119","642450103090","348855329581","19057906326","310026696490","277652372702","208802076457","126328601013","49437779678","132967792","46956845","25720359","28360159","25639747","25972956","27274571","24792033","22164812","20284452","34699104","26482607","24417375","42762100","31278999","111487736","66852166","5554657","65346627","46817877","33053168","20173443","7394099"
"20194","11","서울시","CS300001","슈퍼마켓","847413977607","64546719","621380864092","226033113515","125994356901","132610632077","116877170633","119149714813","126748989668","127811106688","98222006827","15785554561","81677855393","152409052469","201367977670","296075708100","100097829414","367599054831","425699056711","4878408827","87807108445","146068901663","208022417370","198995244483","147526030770","47295433","17251286","9542984","10147773","9070917","9113416","9420343","9423828","7827458","1232481","6128959","10707532","13248854","23556061","9672832","31853631","31641825","1162630","11639156","13102072","15135149","13383427","9073042"
"20194","11","서울시","CS200037","노래방","108507511048","2773910","72054105565","36453405483","10393569208","15750951803","15071874998","14398018751","16439690805","21700767402","14752638081","50185288676","2192351156","660027764","2026377423","13059226724","40384239305","80659668935","17438354616","1021336437","12401061778","17745056360","28083918695","27785552777","11055467439","1823788","950122","307874","372657","364156","355675","423426","531580","418542","731647","42515","105791","238718","690148","965091","1703772","1006074","247070","1184162","424369","363044","341925","149222"
"20194","11","서울시","CS200036","고시원","2567986722","55123","1619127241","948859481","444422953","308036701","293241596","322271508","251154483","436761605","512097876","750877803","249146823","117563950","275265145","559718560","615414441","1934538778","546714509","32070949","833396481","487017547","422557974","477169085","229041250","35251","19872","6570","7388","6614","7099","7580","10354","9518","19176","3060","1770","4806","10074","16237","44564","9152","712","15547","14486","9213","7267","6490"
"20194","11","서울시","CS200034","여관","67363660114","1345941","41127793624","26235866490","8014043216","8100774074","7901644912","8176700530","8934630892","14378120089","11857746401","19668651048","4533178077","3802372324","6806050983","17537093415","15016314267","42378445573","14316208685","929644538","20927653968","14006348883","10387186663","7546199547","2896968986","830812","515129","145958","165592","171339","169107","178816","270086","245043","335310","80688","109052","176443","359447","285001","946670","331420","28748","534468","299632","203473","150210","61551"
"20194","11","서울시","CS200033","부동산중개업","5266847639","354250","4163130430","1103717209","888240606","943066801","999713911","655054348","677054764","482822768","620894441","59766848","791651538","1299181221","1675267955","994402345","446577732","2657637988","1979712906","8612908","720678915","1247828257","1112175715","807363884","740691220","260204","94046","47116","58563","48178","49577","56770","51165","42881","3689","35305","108733","96970","84777","24776","204282","127662","2365","58314","114549","82572","47779","26370"
"20194","11","서울시","CS200032","가전제품수리","11659518535","164149","10329490372","1330028163","1982150161","2030754050","1616030221","2168782394","2531773546","1260529188","69498975","30618","1957994782","3882742819","4434737572","1377336013","6676731","6587948971","4191431156","10378320","638443166","2126912722","2823985593","2659803323","2519857006","145641","18508","32624","30773","25441","27705","29098","16734","1774","6","29906","54405","58448","21153","231","87186","65203","263","11152","28121","38144","37305","37391"
"20194","11","서울시","CS200031","세탁소","28826022666","1655164","22996460669","5829561997","4953768224","4673282243","4374962367","4200165052","4794282783","5516667326","312894671","59385402","3766096603","6637525841","8039970508","9643825425","679218887","11863916079","14086573344","113271504","3902876325","6896853436","7131038123","5531351030","2375098990","1295720","359444","288513","258943","267102","232321","248841","337369","22075","6681","222861","374007","450326","561172","40117","800329","802825","9257","287291","414356","432943","323641","135676"
"20194","11","서울시","CS200030","피부관리실","40895755095","229822","31653045366","9242709729","5658556462","6765320364","5899919833","6331518042","6997730665","7145518657","2097191072","702277184","1773619299","8703371036","11475061339","15351339482","2890086755","8607301035","31413152847","228821175","9552679590","12449381181","8269631106","6510982459","3008261057","173726","56096","31896","35064","31071","35223","40472","40004","16092","5526","9681","51380","65140","84792","13303","58681","167240","1645","71089","66653","40455","31013","15066"
"20194","11","서울시","CS200029","네일숍","11856801203","174834","8899489952","2957311251","1702328305","1788768836","1696065170","1676420328","2035907313","2044403700","912907551","75483477","194005897","2394482124","3546134296","4880546908","766148501","1844249203","9835894813","86179100","2733486106","3574953519","2748743084","1586391352","950390858","128683","46151","23383","25576","23074","25867","30783","31004","15147","664","2974","37248","54108","72354","7486","40506","133207","2657","51270","52115","35041","21706","10927"
"20194","11","서울시","CS200028","미용실","214243590216","5132574","137341253648","76902336568","23041154703","25529391269","26539558420","29001515844","33229633412","48389281514","28513055054","389108798","4718027997","47646862902","69723590192","84720175226","7045825101","83464067422","128913053214","2415198277","42639724217","52666829986","53129968891","40190325612","21334775077","3356791","1775783","615170","629548","640990","687933","783150","1064572","711211","7185","174007","1215574","1601908","2028482","105418","2823234","2293308","93929","1128387","1161170","1252578","988317","492096"
"20194","11","서울시","CS200026","자동차미용","9510986211","162940","7580558805","1930427406","1406904980","1756595603","1273212054","1418305144","1725541024","1351522657","578904749","27748506","1403720933","2490576619","3616910304","1825313789","146716060","5393855375","1916709756","1049623","418168823","2202331830","2047660893","1434302352","1207051602","120516","42424","23546","24718","22411","21556","28285","27713","14711","293","28329","48942","60205","23094","2077","91438","34898","32","10572","38657","37593","24557","14917"
"20194","11","서울시","CS200025","자동차수리","226326225193","1384000","188077139030","38249086163","36940226298","41669859927","35046587010","35422783325","38997682470","36398538375","1850547788","91646365","32340105382","62786606377","79990768684","50306353645","810744740","141232079493","52607105145","35898526","9732331335","38511231139","51010735782","52696222986","41856302899","1131019","252981","241034","240445","201060","214069","234411","234230","18751","747","248177","409276","484737","237447","3616","892252","317467","724","72334","250599","318070","311716","256349"
"20194","11","서울시","CS200024","스포츠클럽","82390929006","292671","73767289856","8623639150","18514671774","17045293997","12724091404","12975415472","12507817209","6149486863","2474152287","305210305","6659234794","12378377691","17491928003","33576447223","11979730990","38161911574","40560669941","385252132","20067822919","19222473411","16715471235","15914582541","6417181794","248731","43940","62845","56096","43711","44800","41279","27366","16574","2290","31273","45962","58717","115612","38817","154903","131335","3187","88318","67518","54808","50805","21611"
"20194","11","서울시","CS200019","PC방","91427181241","19709323","60339482386","31087698855","11280736710","12147365789","11744157296","11832095389","13335127202","15975762502","15111936353","15514694688","5089536071","9301551084","15206112062","27203429799","19111857537","75169370299","16247088951","9650266280","58738134459","12299773279","5712827811","4227791074","787666348","13066927","6642396","2436718","2625930","2544504","2568245","2891530","3413942","3228454","3060663","1003957","2044477","3568374","6064317","3967535","15880172","3828724","2906281","12255964","2246340","1249595","901987","148730"
"20194","11","서울시","CS200017","골프연습장","46270140124","934696","31890095811","14380044313","6557358855","6917528306","6341089210","6435802003","5638317437","7410262034","6969782279","2438913887","4530872101","7343700571","9544094039","14391392716","8021166810","30446575388","9057208259","16866318","1364717159","7720173710","13258701978","12057675166","5085748488","605292","329404","110407","124876","124703","120126","125180","167396","162008","52116","83949","140441","185390","297332","175468","665598","142122","409","29763","159443","284999","246790","86359"
"20194","11","서울시","CS200016","당구장","20206710610","1055030","14139414594","6067296016","2783626314","3060424375","2666490024","2592227379","3036646502","3387282167","2680013849","2504974089","484869723","1342244799","2779351159","7129699856","5965570984","15574586103","3974458776","390663233","3199176347","3625695199","5030518044","5283729511","2019482890","714611","340419","130045","150642","137467","138345","158112","190750","149669","136661","14369","53249","137387","372255","341109","911812","125709","43848","172958","149063","263223","292325","116106"
"20194","11","서울시","CS200008","한의원","219908103890","6025733","174254218791","45653885099","40363526522","39530753711","27725970197","28699269681","37934698680","42450866051","3203019048","28411494","23873341907","77944113916","69630668657","48033322680","398245236","83863075341","134505283435","312583054","16061519650","39216962871","55760004290","53776911483","53240014935","5113826","911907","1174326","1097222","872337","872596","1097345","835735","76172","1826","856086","1951565","1834861","1375857","5538","2660793","3351020","17616","432911","891380","1308718","1526984","1834155"
"20194","11","서울시","CS200007","치과의원","535171346050","3974125","469747752779","65423593271","105583704452","108953110104","79935090286","76004152364","99271695573","63713625119","1709968152","70926","66791006152","180216584092","175580973613","111214414467","1368296800","261219168939","271440917009","1222153340","49059282868","81385033031","122803875599","140919099584","137270689739","3443469","530656","800868","803839","570123","550908","717731","518672","11984","7","644166","1191869","1382532","750956","4595","1950956","2016162","19174","493554","716380","985487","884435","868102"
"20194","11","서울시","CS200006","일반의원","1300552471459","42563539","1095500605827","205051865632","255697167037","244194275825","164078221236","188582369032","242948572697","196044862257","9007003375","66986124","270668032353","412159716001","401971059249","214448309910","1238367822","490096771213","804802441203","6155412058","179179336613","272088203509","317712495970","295155028193","224607789063","36485347","6078192","9071930","7698656","5562056","6465939","7686766","5704015","374177","357","9971302","11700161","13859126","7007833","24760","19061344","23463253","417783","4880959","9242233","10789805","8548661","8645149"
"20194","11","서울시","CS200005","스포츠 강습","65444386451","278912","60834510377","4609876074","15228340807","14139657672","10143233444","10126575740","11196702714","3614662545","995213529","53409895","3814477351","9563764040","16011814079","29406433588","6594487498","22831900871","41233085803","151952684","7916674972","18577152873","25734073733","8046344913","3638787490","255951","22961","64192","60570","42608","40503","48078","16172","6789","374","11344","33393","78884","129937","24980","107391","167632","1197","25635","79595","129408","26888","12291"
"20194","11","서울시","CS200003","예술학원","92712301824","398700","80030693820","12681608004","16765185043","19284555480","14167874215","14085481343","15727597739","9775323192","2906284812","66532597","2849979622","11723013844","33094484740","37614843096","7363447925","38093531579","53697550486","660973453","6767584718","17593603556","48642137737","15108776548","3018320293","357242","41458","79133","84054","62196","62207","69652","32270","9188","164","9715","52192","167481","154408","14740","161502","232533","2920","30243","105964","207063","36601","11240"
"20194","11","서울시","CS200002","외국어학원","85772663254","278771","74042981912","11729681342","17104896514","16804364934","12171725817","13473689353","14488305294","7666164785","4063516557","82830982","12668475677","12505281256","26735496423","29810248464","3970330452","35719993845","47480833970","323403294","4391880605","15748787755","46439929738","13204911084","3091915343","228806","49965","53334","52180","38717","38919","45656","34023","15942","324","31556","46889","81266","105460","13276","112736","162805","2237","25977","40893","148944","49140","8343"
"20194","11","서울시","CS200001","일반교습학원","484109848565","1714603","388512349584","95597498981","86973978077","89917905161","63615663726","67687705153","80317097467","62671763717","32925735264","493079223","28443640322","62559784919","138288142226","217879907342","36445294533","202391888730","278894937370","1132453328","5875527426","46393702864","330818322094","85298040194","11767236415","1369997","344606","311819","318041","222066","227470","290601","221328","123278","1909","118376","258734","499743","725699","110142","705755","1004124","7843","36173","199040","1144707","286832","35283"
"20194","11","서울시","CS100010","커피-음료","494842049400","62635344","366713345893","128128703507","66742348702","80019484090","71054021821","72090193494","76807297786","70437533739","57691169768","7837610023","65439916907","147525945286","117315850188","118380270431","38342456565","193308954986","240445739117","9619100941","148753445380","116877496767","84528135311","53092883814","20880723598","47829236","14806108","9065991","10388117","9168328","9403101","9803699","8083421","6722687","683305","12063922","18620484","14383950","13221500","3662183","26487815","32750951","1670048","22862700","15590232","10594305","6347691","2173556"
"20194","11","서울시","CS100009","호프-간이주점","368080238450","8164781","248389932367","119690306083","39658954279","50962053410","48564086790","49659270512","59545567376","71235090474","48455215609","126751949783","4202801638","5921324966","5014058125","60176986815","166013117123","220682952524","107743611999","4580000964","117094790074","79873528692","60347743011","47182411577","19348246172","5417981","2746800","901367","1089984","1067105","1070284","1289241","1571734","1175066","2538354","120233","370832","199195","1516950","3419217","4792264","2959716","154072","3274809","1791149","1202028","945591","384337"
"20194","11","서울시","CS100008","분식전문점","265402620796","25836876","194167627708","71234993088","35393454238","41413860502","37416627163","38528070888","41415614917","40162987223","31072005865","9520203639","20129778497","72999892752","46362366100","87605437479","28784942329","115947639922","123171321847","6655074730","63948586956","56799065467","59303574278","36446111339","15966609338","19215029","6621847","3617870","4116312","3722850","3808016","3949981","3720015","2901832","686056","2405648","7172740","4656391","8508123","2407918","11577833","13231133","888129","7359992","5941995","5829605","3441863","1347318"
"20194","11","서울시","CS100007","치킨전문점","109339582382","4555103","76756180359","32583402023","12229288557","16191231234","15200113605","15022504933","18113042030","17957023866","14626378157","10887267220","323380981","4001857052","6407557658","45200438891","42519080580","58913247197","41249947303","2012873986","24244377905","22074377052","26920613504","18381415209","6531192760","3165018","1390085","504465","677172","624651","614690","744040","744719","645366","359524","18531","238466","323033","2032865","1582684","2465756","1910527","116657","1155048","941805","1113731","768228","280855"
"20194","11","서울시","CS100006","패스트푸드점","154526464550","14954309","106465179574","48061284976","18771940947","22800797067","21092451421","20984448993","22815541146","24704261061","23357023915","4371641043","9121693294","38549806805","28337098816","56544565713","17601658879","74548904026","66444474871","4207390694","47285551015","33740495063","29896780515","19052425547","6810736060","10642495","4311814","1978652","2260660","2084330","2114914","2203939","2261385","2050429","448865","1303893","3729648","2815979","4976981","1678943","7482217","7067787","587035","5449411","3350752","2753318","1756193","653253"
"20194","11","서울시","CS100005","제과점","213621979642","22346643","156111107823","57510871819","28373858065","36412517517","30080808996","29008002492","32235920753","31358479930","26152391889","515032894","32895772608","47689394199","48923779047","64898797352","18699203542","77271562566","112982509009","2610982060","40655326511","47276817732","48974385838","32676387076","18060172410","16363348","5983295","3129657","3614851","3197730","3124967","3296143","3238501","2744794","47695","4037988","4713599","4834974","6682777","2029610","8266148","13200682","406813","5406706","5344117","5116025","3360731","1832459"
"20194","11","서울시","CS100004","양식음식점","288358431517","7896370","197953995490","90404436027","31665460717","41939284398","40006429924","38947859163","45394961288","51782110369","38622325658","18452195716","2022172409","68394973573","40570713644","103689295465","55229080710","115831608604","119395987586","3583782359","78911541955","65888828092","44948265638","28613236936","13281941274","5487059","2409311","934998","1157341","1103619","1084503","1206598","1318377","1090934","400590","140453","2495239","1323326","2671620","865142","3263583","4036856","202501","2873201","1921710","1256857","773130","272994"
"20194","11","서울시","CS100003","일식음식점","224175272519","6175371","172954801966","51220470553","30665299113","37024010918","32548079646","34705573194","38011839095","31515994150","19704476403","9316801236","467521783","57694662735","20167499406","84154806455","52373980904","99652187010","68685485664","2489126674","48136668245","44446260922","34702609100","24568393761","13994613950","4801176","1374195","878319","1033163","916490","953498","1019706","793491","580704","156045","31192","2480637","794586","2100726","612185","2810640","2701159","172142","2050393","1349417","984333","660491","295038"
"20194","11","서울시","CS100002","중식음식점","210064576214","7346885","151502758792","58561817422","26710626076","31775654713","29285414393","30450426479","33280637131","31073373094","27488444328","5617875869","1732263080","65669545546","26252163770","82459718574","28333009375","98189157343","65909983745","2239355548","36934522163","42055920124","38854048038","27984580909","16030753035","5404902","1941983","962096","1144242","1067376","1082033","1149155","1012842","929141","144401","94534","3003223","1163107","2462419","479201","3837880","2806999","168482","1796940","1588191","1499205","1043633","548465"
"20194","11","서울시","CS100001","한식음식점","2898347277241","91194268","2134989073165","763358204076","386177935248","446422626537","409805976663","426079282197","466503252520","439125753848","324232450228","154687605880","52942724956","675030770414","267421096535","1168020731683","580244347773","1437331480675","891754237051","20071369919","462687864801","521080706232","533133940847","475134960971","316975896961","69484261","21710007","13302855","14746391","13401121","13648123","14385771","12125915","9584092","3973086","2966478","32765005","10846437","29371689","11271573","48262400","34374731","1347495","20024637","18153616","17970765","15358105","9782259"
"20193","11","서울시","CS300043","전자상거래업","183787023811","2904735","134483912773","49303111038","29920019331","28679892170","28613102862","24553357334","22717541076","27543687676","21759423362","2079991902","17982187277","44892444218","62124769958","46445302030","10262328426","65647745585","98468605948","1491974171","26685635537","36020847321","38171977377","35310489937","26417506289","1869104","1035631","374968","340922","363559","376035","413620","568006","467625","61682","203328","631354","882713","905705","219953","1015576","1799253","76414","831683","671835","616004","401572","216791"
"20193","11","서울시","CS300036","조명용품","414206259727","3699431","370754406557","43451853170","92959089950","74253827138","84565407636","51686366497","67289715336","35267107918","8184745252","137298895","86197967553","109349901421","166164375023","52124326555","232390280","218953753575","96178599186","81369825","12230287038","44512962805","110644149073","91751812412","55911639234","3169801","529630","773177","660147","628643","535800","572034","429706","99924","1927","797465","1053246","1235506","603946","7341","2000757","841134","3498","185886","466944","701417","838835","645312"
"20193","11","서울시","CS300035","인테리어","43531138989","666700","36143077699","7388061290","7855573638","7935225374","5846125273","6128804571","8377348843","5653873960","1734187330","13795374","7966288560","12279955062","13738018444","8579861461","953220088","20072063621","16321606303","65099031","2702600032","5722950593","8372511073","11557620195","7972889009","521398","145302","110257","107537","103883","100055","99666","98415","46887","411","118902","166979","207924","156892","15592","312678","264872","3294","83931","95447","118643","142467","133778"
"20193","11","서울시","CS300033","철물점","40794271409","1054675","34168115307","6626156102","7591826213","6215615679","7439404146","6165758583","6755510686","5765955190","860200912","14812202","11404200776","11171847185","12141932861","6001325314","60153071","19305338098","11564879714","21872487","1990753096","4464616399","7971490184","9861674805","6559955273","889934","164741","202188","179329","180320","159626","168471","129576","35165","288","294214","284319","293965","179257","2632","534648","245898","1511","79097","144269","192676","210082","152950"
"20193","11","서울시","CS300032","가전제품","325850157438","864804","211276775196","114573382242","51840752247","42490460726","39045246008","39302205379","38598110836","56772333811","57801048431","465254008","16812529118","79120181624","114051024889","112274184762","3126983037","166361613682","144055939848","298156083","20618336665","59525810968","83036821906","86532866332","60405464400","582082","282722","138167","114538","111366","111607","106404","146043","136679","1696","60195","224845","287855","279115","11098","466048","358827","3513","82399","155074","195136","214461","174275"
"20193","11","서울시","CS300031","가구","218695282291","608016","138244754416","80450527875","34313515163","29274849122","25811728124","20305745052","28538916955","42256555425","38193972450","2675744","9016161682","56294684018","85720488320","67008764370","652508157","92864569022","110124057078","666626129","9549099875","43760985917","51763966273","52010730165","45235405494","357486","250530","79123","74710","71368","59439","72846","165231","85299","28","36466","167812","224874","174407","4429","238660","330645","6712","138921","135219","104244","111083","73123"
"20193","11","서울시","CS300029","애완동물","15428175845","579450","10439629393","4988546452","2416680096","2093801492","1975262403","1996024115","1957861287","2807823347","2180723105","15482040","756864273","2914371892","4596468573","6286637220","858351847","5893045057","9256641713","91013148","2626919481","3380289071","3326085150","3877035024","1848344899","405262","174188","92300","79952","79147","78593","75270","93588","80600","572","24241","111959","160434","248413","33831","201782","375384","5560","111184","107946","129182","144811","78474"
"20193","11","서울시","CS300028","화초","43164066921","1075146","34287281244","8876785677","7561511061","6324980206","7317967254","6243858879","6838963844","6015452659","2861333018","184674788","6681383705","13391391492","12067626910","9461047129","1377942897","13980780445","16876239094","151124618","4844404410","6520158117","6989859504","6232056374","6119599275","802435","272711","166340","151725","160165","148512","175693","161752","110959","837","97406","374182","292214","288898","21609","437763","537450","12784","296740","259551","159516","145283","101322"
"20193","11","서울시","CS300027","섬유제품","43667501361","473774","33939394330","9728107031","7082336350","7438220131","7480259443","5651752645","6286825761","6511970782","3216136249","0","4277158968","13603421133","14978557364","10351176810","457187086","12437769610","26683631124","312437663","3257957137","6323720273","7861275257","11251778805","10114231584","360773","113001","71256","69853","70936","76845","71883","71689","41312","0","57875","120878","160326","126690","8005","147764","297498","8163","71857","68168","80357","120741","95979"
"20193","11","서울시","CS300026","완구","29050817819","701165","14901053317","14149764502","2936660033","2383940110","2696433918","3159640981","3724378275","7764728422","6385036080","2601381","882536853","6359003074","9956615029","10451397745","1398663737","17251283443","10686892977","246123064","3206563032","10723480894","8730786443","2214008268","2817214724","355434","345731","65693","61107","70179","76159","82296","186563","159168","31","22938","146448","230441","261104","40203","387756","308124","8041","94246","284676","208671","42754","57498"
"20193","11","서울시","CS300025","자전거 및 기타운송장비","42180973194","369748","24402523237","17778449957","4261497530","4592807031","6164797788","4574518791","4808902097","11073097677","6705352280","37883009","1221894879","11427710449","13630779490","15098814305","763891062","31398826071","8923852580","125255238","4903516680","8722608581","11936780060","8708863165","5925800320","232969","136779","52122","42929","48183","42999","46736","80540","56239","48","19479","92638","119697","134807","3079","267660","87469","4266","43005","75822","102039","77526","52495"
"20193","11","서울시","CS300024","운동/경기용품","199023929365","1444320","138196542925","60827386440","30390712089","27391431257","26608087252","27137955462","26668356865","33783956930","27043429510","92462681","11083854271","50357585058","68082462448","64197127745","5210437162","120646962560","60038133664","1393465654","17810181990","36727015937","57655184640","40332420055","26766369103","893399","550921","177400","173559","173079","173935","195426","301616","249305","2189","102493","360560","496773","453418","28887","866586","524169","21068","209473","269271","353278","321019","216631"
"20193","11","서울시","CS300022","화장품","890751077010","31881843","695514776910","195236300100","157179509790","137734045120","133952360144","130682503574","135966358282","107332787717","87903512383","7903634748","56535886215","189404854244","238048637225","305134812622","93723251956","224528914621","621794506982","13701725403","247595757430","203493432810","180897267332","133910030844","66724831740","23255686","8626157","4932123","4537235","4463457","4533624","4789247","4642853","3983304","135108","1390947","5760551","7279854","13204238","4111145","7067337","24688501","972480","14426804","7359339","4465931","3250545","1280725"
"20193","11","서울시","CS300021","문구","313532280488","11375073","285532876440","27999404048","66847548651","58438038770","58787629899","49064744894","52394914226","19749037065","8250366983","44171970","44803106541","94616623124","120808543584","51353507466","1906327803","85085249625","68646033316","2465383861","17958107174","24632555821","48066489660","40276649100","20332097351","9689500","1685573","2235552","2002451","1948857","1735426","1767214","1078569","607004","5673","1423487","3191465","3547372","3017564","189512","4188487","4802373","427958","2018898","1905066","2513218","1400935","724747"
"20193","11","서울시","CS300020","서적","126502373546","3023254","103984255822","22518117724","24634012519","17810365706","21389448057","20106114722","20044314818","12642288527","9875829197","15333868","11653904732","36003196070","44777391536","30295824553","3756722787","43942268769","60090237644","3096683192","13476571385","17606511773","35535297808","26353920036","7963522219","2230871","792383","506460","446186","437610","415633","424982","421262","371121","389","245775","738461","894759","1006155","137715","1211459","1730123","180818","552546","467235","971943","584768","184275"
"20193","11","서울시","CS300019","의료기기","193815306320","598501","185630345485","8184960835","39857462200","41649702145","32777550416","25660222467","45685408257","6492384352","1692576483","408299850","28585906395","60719469104","87291775162","16053018343","756837466","130218453761","45086444165","128783263","3024074128","12697926642","58044668768","48031590103","53377855014","501968","96533","111772","103028","103963","85601","97604","69292","27241","4058","103396","203334","210825","70219","6669","323484","258873","2035","29683","73572","127660","148100","201314"
"20193","11","서울시","CS300018","의약품","1158341984852","60077541","1038039549399","120302435453","269735760300","198167041267","195325596991","164303700897","210507449944","100838685212","19463750241","326757647","237412340206","342446970891","361030350943","205383055278","11742509887","585678199015","522746930086","3062715008","83756794392","176143604490","253504035493","275903791071","316053976993","51196686","8880855","13440916","10110491","9720522","8315380","9609377","7212294","1668561","26157","11609319","15697910","16776418","14963958","1003779","27374238","32571376","477842","8801281","12692517","13404871","12132314","12436754"
"20193","11","서울시","CS300017","시계및귀금속","211209705316","753755","157198234670","54011470646","37159145399","35078493683","27749367672","28060827606","29150400310","32790240944","21221229702","0","6407256652","59840798715","79867591151","63447576465","1646482333","103783729197","98382232414","628081443","25426471702","43718991411","49005904554","40220742592","43161649938","541523","212232","120738","110605","101272","98361","110547","126628","85604","0","33535","186378","269057","245608","19177","298814","428436","13120","204559","173294","135933","112279","88069"
"20193","11","서울시","CS300016","안경","109874196150","1301298","77110799581","32763396569","18052708784","15436778732","14991122203","14306263085","14323926777","19036828274","13726568295","12952765","4801706794","25732173795","33245472855","42473438219","3608451722","50563713976","58315633598","1248856172","20741710239","20307407439","28156936031","23981529170","14443763295","940847","360451","213689","187819","185336","174238","179765","207490","152961","108","57917","276383","359587","546791","60512","477606","819925","46353","420545","238523","264479","214440","113174"
"20193","11","서울시","CS300015","가방","30000678329","595664","20980990214","9019688115","4491340901","3845555113","3337294419","5027800172","4278999609","4828893379","4190794736","15892097","1232258130","5972298802","10702946722","10551553955","1525728623","9453002825","19205089497","358278082","7108747195","5638197845","6310828699","5549549998","3692490495","390649","205015","73369","75057","73305","86844","82074","102281","102734","323","15142","117955","197210","226565","38469","204750","379893","12928","173472","133230","103254","89709","72042"
"20193","11","서울시","CS300014","신발","157974195189","1864269","98880021042","59094174147","24047454186","18649439970","17614381215","19276053517","19292692154","33831443916","25262730231","72323712","9079918850","34499909568","51318138202","56038192076","6965712781","75973931884","75014006578","2582090737","41816053200","34656153948","25779843781","27230683663","18923113130","1206143","658126","254900","230751","229697","242449","248346","363437","294689","1587","81348","401526","585289","694367","100152","834330","992647","36418","543691","380480","290122","319441","256833"
"20193","11","서울시","CS300011","일반의류","1675042374707","32005693","1044856512238","630185862469","195362557681","197164053446","207443266423","217758275921","227128358767","332908368408","297277494061","9521988935","34773310070","357284102177","572314591795","625027483152","76120898578","610607403006","1041601509721","16367657506","311146917683","383341411013","393556548474","338479847145","209315612952","19922922","12082771","3672029","3795035","3957352","4198886","4299620","6339841","5742930","250310","729310","6861932","10205758","12283340","1675043","10988922","20927217","526212","7330723","7086770","7790082","5872595","3309680"
"20193","11","서울시","CS300010","반찬가게","602063854808","19388823","514168744065","87895110743","120065897409","105448543954","101690774038","88521026516","98442502148","64352291718","23542819025","81647000902","151159043118","143950090269","135071321220","72420849472","17815549827","253617064915","240999823965","685900648","34031688609","87905751455","122764827439","137117194951","112111525773","16426740","2962083","3680640","3367774","3296558","3058050","3023718","1887420","1074663","1029754","3749375","6434311","4028434","3574325","572624","9219334","8575176","129831","3155006","4085078","4109366","3678455","2636725"
"20193","11","서울시","CS300009","청과상","440734539555","11063647","343462692858","97271846697","57913041615","66124298259","83099085581","61815905594","74510361809","61929243017","35342603680","8298930579","102625161616","118071238811","115126135280","86529670234","10083403035","173395562702","205901020487","125007113","9863781856","57496177788","67378686356","101744301718","142689080095","8267481","2796166","1570955","1635212","1726962","1703473","1630879","1667760","1128406","65903","1608206","2699036","3198239","3106256","386007","4352178","6252184","11975","462628","1397456","2207587","2863360","3661426"
"20193","11","서울시","CS300008","수산물판매","562915144384","9160845","355555221069","207359923315","61688549241","63850278643","64982011386","83322729138","81711652661","129671146680","77688776635","18619799484","93765885415","111185761352","133559394534","185672798011","20111505588","285931770268","205193641469","691401947","40441560181","92650302940","105025581221","116534493722","135782071734","5744499","3416346","1028330","1005131","1091682","1308686","1310670","1981262","1435084","185321","1204175","1902361","2402761","3157774","308453","4514659","4104642","8752","738602","1509641","1758269","2106954","2497098"
"20193","11","서울시","CS300007","육류판매","649943272790","12572823","520528486661","129414786129","105617134329","98472012087","121989745433","99528238737","94921356075","82224346114","47190440015","11894794955","118308029196","160037425155","181410214534","163717175589","14575633361","274486925011","326669478187","304517346","19439144971","65620842334","118494159738","192762865903","204534872926","9288256","3284567","1838058","1692297","1996038","1938543","1823320","1938389","1346178","119745","1555111","2556158","3371580","4629356","340873","5055095","7188686","18556","701938","1734812","2768499","3588171","3431809"
"20193","11","서울시","CS300006","미곡판매","83826833378","1492577","71651366502","12175466876","16092436314","14461298731","16084369518","12619022516","12394239423","10094838061","2080628815","4657893161","24204059187","19471975766","20896831322","12325888281","2270185661","32130154381","43183480223","5365373","2319576400","5964317971","15078980974","24691082694","27254311183","1252306","240271","283195","255677","253803","236580","223051","173021","67250","68936","358978","324871","374831","299944","65017","664328","703149","829","53098","128558","286683","437615","460692"
"20193","11","서울시","CS300004","핸드폰","81072516689","1784454","64505498329","16567018360","15226778177","11346308479","13353669220","9893276182","14685466271","9905483728","6661534632","428620033","5479061633","20228387672","28053325092","25246733630","1636388629","39609482193","29518878898","579660836","12698807683","16322047012","18882958423","12563552188","8081334950","1368359","416095","327138","267219","284545","237227","252230","259320","156775","7493","113043","426696","557929","638005","41288","897848","826742","43898","428307","335170","400632","346956","169631"
"20193","11","서울시","CS300003","컴퓨터및주변장치판매","1105147893469","19369097","968103132589","137044760880","224926094797","204893306034","187401616126","164920809220","185961306412","84760323714","52284437166","1368001731","151041513276","317543860090","436229649533","195405561747","3559307092","477998622865","219821028925","5775642232","81098196256","142090500783","260248441012","140880854490","67726017000","16242569","3126528","3954894","3310198","3062512","2851773","3063192","1755621","1370907","351039","3946844","5121078","5206000","3688117","1056019","8019150","10363976","2747598","7395179","2107948","3073058","2511987","547353"
"20193","11","서울시","CS300002","편의점","1040806093948","186620708","762811099572","277994994376","159292414063","148871109586","151002438049","146980975234","156664162640","145897780581","132097213795","138641053863","173654929135","137202009846","134989190079","251193891173","205125019852","662687494954","356890095454","17730723308","306773534545","288194251331","220156803356","133340440692","53381837178","138293149","48327559","29281819","27501832","27288890","26426939","27793669","25303655","23023904","21285459","36087950","27334525","25523066","43559182","32830526","115922984","69063992","5316407","65689900","49301457","35037385","21525805","8115987"
"20193","11","서울시","CS300001","슈퍼마켓","866664951999","66863733","636101184465","230563767534","137106892409","123543353320","125430775563","123907124107","126113039066","127460954345","103102813189","15712610408","88873382665","153521162481","191464701053","307417020492","109676074900","379623140753","437211527694","4329784392","85938043031","148785513574","216702693268","207900680972","153178166829","49015097","17848636","10630647","9644187","9593741","9508348","9638174","9601474","8247162","1332056","6671938","10874929","12942444","24375223","10667143","33074373","32740623","1035246","11398731","13688677","15905968","14088335","9698017"
"20193","11","서울시","CS200037","노래방","96495411038","2367200","65519948645","30975462393","9863567067","13171278250","13848864524","14471954857","14164283947","18051769787","12923692606","47277113161","2011517190","727500548","1639862146","10105279188","34734138805","73016959949","15038617825","886612134","11689774031","16753543812","25882367706","23796474478","9046185739","1556565","810635","280668","290363","310969","319323","355242","445052","365583","693519","36383","76823","180380","534660","845435","1474416","840155","181188","997092","393073","324339","296213","122660"
"20193","11","서울시","CS200036","고시원","3635373145","51773","2131999110","1503374035","509970123","204011556","467334101","420823365","529859965","752235426","751138609","793586750","449236190","334759478","598244631","997089385","462456711","2481036640","1118694185","65918414","1127338269","1028559608","661955273","429958566","286000693","30619","21154","6152","5394","6948","6008","6117","11682","9472","18503","3651","3666","6509","9513","9931","41698","9619","639","16389","11940","9602","7201","5547"
"20193","11","서울시","CS200034","여관","64876353458","1356822","39580804311","25295549147","7751958315","7505424009","7860165807","7858098717","8605157463","13392203500","11903345647","19498948999","4602486586","3541827658","7678317241","15479626651","14075146323","42557979046","14477198784","904202585","21514499100","14158567229","9988939923","7269781627","3199187368","827573","529249","161585","155536","166147","172895","171410","271820","257429","343480","84332","107624","181191","364214","275981","967666","328940","26450","557131","309630","200474","142486","60423"
"20193","11","서울시","CS200033","부동산중개업","5821162160","390484","5050695134","770467026","1440214307","677483256","724061699","852539315","1356396557","468290877","302176149","24355340","782756539","1538014352","1926698947","1030913242","518423740","3342395463","1869179233","7450908","1165144421","1641721746","1025764502","675513912","695979202","301836","88648","62699","61184","60770","56150","61033","49683","38965","2314","46652","110690","112463","92795","25570","223214","132538","1628","65080","111566","90016","56196","31271"
"20193","11","서울시","CS200032","가전제품수리","13177320263","186352","11959126835","1218193428","2866167865","2530928769","2136842181","2034205283","2390982737","1045155516","173037912","9935172","2198954764","3666271286","4223117058","3041115776","37926207","6052359270","5931036592","31162544","916228698","2339371535","2923093353","2850164337","2923375385","168130","18222","42532","35255","30864","28389","31090","15960","2262","71","32415","58657","61401","33389","419","91880","79913","536","13650","29215","44482","43218","40686"
"20193","11","서울시","CS200031","세탁소","21484770490","1325785","17771210838","3713559652","4717703375","3443386603","4222827292","2437023428","2950270140","3472886511","240673141","76605881","2895336530","4635946050","6022135844","7317010950","537735235","8586496178","9952427037","58311686","2647849506","5382074647","5379754951","3647364594","1423525550","1073103","252682","283695","205934","251635","155776","176063","235321","17361","6705","189519","282858","327567","480740","38396","661819","611571","6272","225518","349775","350352","244637","96813"
"20193","11","서울시","CS200030","피부관리실","42054122540","231068","33458406425","8595716115","7132232296","6750950895","6363260940","6144643556","7067318738","6892021496","1703694619","611784155","1626233082","9037041759","11349085635","16113456030","3316521879","8791994500","32302354553","90101036","9661418723","12942579897","8411241930","7062490284","2926517176","179836","51232","36199","35116","35979","34579","37963","37146","14086","5315","8200","50258","64568","88672","14055","58320","168691","1302","70379","69171","39384","31907","14862"
"20193","11","서울시","CS200029","네일숍","14086590781","195075","10608825971","3477764810","2112415358","1907680992","2240725920","2072683075","2275320626","2409998679","1067766131","140425477","131627197","2962616696","4053692387","5831603420","966625604","2041088351","11879950642","85064886","3073927067","4648975573","3322975450","1833289702","956806315","146604","48471","30148","27863","28318","28691","31584","32565","15906","731","2809","42389","55273","84846","9027","41708","152406","2300","53096","64391","39685","24308","10333"
"20193","11","서울시","CS200028","미용실","214200389283","5203944","138485778356","75714610927","26487806925","25055499441","28162639752","28184180827","30595651411","46253609708","29461001219","387695445","4580398855","47209646878","67928887656","86257584906","7836175543","83310515789","129050741320","2127387850","43881916706","53571652574","52658266030","39637862006","20482331389","3442458","1761486","718848","617203","699023","678048","729336","1013839","747647","7342","186427","1212763","1554408","2118498","124506","2891688","2296370","89238","1148048","1183584","1288445","996606","482011"
"20193","11","서울시","CS200026","자동차미용","8898645033","153457","7103802430","1794842603","1672513540","1430438320","1284447403","1328004501","1388398666","1175332247","619510356","57294958","1274674643","2233594869","3143701370","2021494431","167884762","4995758986","1847632120","495388","490844760","2047191779","1870284411","1452261637","982313155","112698","40759","28778","21737","20896","18154","23133","23480","17279","389","28126","43108","51944","26633","3257","86369","34803","28","12551","34321","36178","23761","14335"
"20193","11","서울시","CS200025","자동차수리","226447139672","1380595","190288240799","36158898873","43143371044","38889727614","39672509536","33293801493","35288831112","33875342896","2283555977","147931904","33300141632","58837641268","75948163589","57004905594","1208355685","144178875749","52171303543","22152282","8596816816","38135764958","52756284024","53693036861","43144910465","1141725","238870","275308","229658","229282","192195","215282","216620","22250","1104","257147","384636","455624","277409","4675","899851","316204","407","69112","249609","324692","313833","258357"
"20193","11","서울시","CS200024","스포츠클럽","85615034101","307288","76783973653","8831060448","23103961561","15808347497","14546354820","11459844243","11865465532","6119444765","2711615683","362274520","6870636775","12731309290","17372343976","35131752341","13146717199","39091468188","43382746192","503426930","21654261209","21984619454","16430300604","15274064350","6627002546","262625","44663","78286","54196","49537","41550","39056","26674","17989","3233","32869","45806","58980","123045","43355","160903","139355","3197","99781","73158","54016","48158","21955"
"20193","11","서울시","CS200019","PC방","89883611143","19214782","59046896624","30836714519","11942568692","10963431529","11278265646","11843353949","13019276808","15729263723","15107450796","16069503009","5382029220","8892315233","14720585806","26100485801","18718692074","74400175539","15468706813","8081257257","59565123678","12612800190","4999764589","3723403328","886533310","12712194","6502588","2566366","2371760","2442895","2532224","2798949","3297034","3205554","3174769","1102872","1895305","3381283","5769001","3891552","15557644","3656344","2451695","12434426","2289773","1082109","791146","164838"
"20193","11","서울시","CS200017","골프연습장","48799202422","1007729","33460001804","15339200618","8369133929","6547265072","6500023358","6330364886","5713214559","7890600645","7448599973","2451381982","5566193172","6446670275","9835093073","15670318256","8829545664","31580413184","10430541770","12337184","1280197208","8151925258","14649339817","12983360500","4933795020","646390","361339","131409","123415","131040","134575","125951","180811","180528","52511","110808","144016","187675","319905","192814","705493","161156","518","25750","165268","311777","272494","90837"
"20193","11","서울시","CS200016","당구장","18882231928","989493","13391097231","5491134697","2911997191","2576658733","2692714928","2533792905","2675933474","3142151301","2348983396","2230615714","526144102","1335670920","2530546460","6758856595","5500398137","14411437965","3958379125","302545048","3239556774","3354460579","4691307511","4869787102","1912070785","677894","311599","132744","124550","135950","134729","149921","172691","138908","125350","16186","52403","123811","351189","320554","852300","122952","33989","170695","145387","244777","270530","109859"
"20193","11","서울시","CS200008","한의원","222383674752","6125240","181230310576","41153364176","47642957015","37406023169","34525049146","25644136762","36012144484","38259480228","2893883948","20649039","25560034950","77463990137","67312331831","51658177306","368491489","82042925491","138962619610","303325801","17488621825","39726913393","56555047097","55435362469","51496274542","5245991","879249","1323807","1032254","1054704","796985","1038241","806238","73011","1660","927014","1966658","1780425","1442657","6826","2679811","3433702","19300","451773","899238","1328346","1539095","1875774"
"20193","11","서울시","CS200007","치과의원","521206590384","4006033","460289344247","60917246137","109714123502","102561335286","91924101950","66386176960","89703606549","58869387337","2047858800","13475871","65757562708","174156622803","166165336016","113708821245","1404771741","253616313776","265012985073","946960563","46284502828","79076950753","127118003166","137951896530","127251110852","3508918","497115","875631","762183","695826","502250","673028","485185","11930","135","658452","1192151","1366677","783733","4885","1952777","2046378","18343","483524","702511","1045763","906315","842754"
"20193","11","서울시","CS200006","일반의원","1130302635896","36229542","968011646432","162290989464","241607778019","198366838963","180719344976","152549052062","194768632412","156230595121","6060394343","161187717","242387247835","349921067422","341503474163","195002280378","1327378381","415677174524","711929862983","4720792533","170922372796","240076653605","258805960041","260495298100","192585842521","31487994","4741548","8549598","6148707","5889538","4862489","6037662","4448952","292596","450","9069021","9706319","11361375","6068709","23668","16206425","19995909","316076","4243555","7669777","8711341","7536853","7724662"
"20193","11","서울시","CS200005","스포츠 강습","66268810953","287721","62051889435","4216921518","17665420276","13414696777","12206351748","8857722044","9907698590","3260169773","956751745","127286506","4263301074","9551533098","15376952208","30428871795","6520866272","22206013269","42353177737","146553518","8634272083","18509381591","25528859723","8122316763","3617807323","265015","22706","76079","55498","51076","39035","43327","15677","7029","370","13387","36435","78490","133243","25796","109577","173309","943","29633","81001","130348","28541","12430"
"20193","11","서울시","CS200003","예술학원","89483591924","385066","76631984160","12851607764","19197216200","16895474639","14921248497","12473052110","13144992714","9182340672","3669267092","11741273","2955781109","12373500632","30240949295","36330413024","7571206591","36776854774","51696115934","830927609","7213292885","15548396224","46724994920","15422151149","2733207911","345187","39879","90143","76370","65344","55708","57622","29420","10459","70","10409","56466","153180","148784","16157","157060","223593","3326","31774","95819","196788","41114","11833"
"20193","11","서울시","CS200002","외국어학원","88578324200","288594","75292842012","13285482188","19797143827","15887401597","13815866341","12477260813","13315169434","7977020592","5308461596","158057182","15592794825","14901878127","25346168977","28346457425","4232967664","36754190955","50359510706","479119537","4708499397","13906916306","48253431710","16845102760","2920631964","236217","52377","61768","49163","44705","40487","40094","31841","20536","432","39455","51020","79591","104257","13838","115664","169910","2935","31294","37407","146954","57716","9268"
"20193","11","서울시","CS200001","일반교습학원","506802183834","1758449","409723168527","97079015307","105353576877","85072636659","76877495080","71220652146","71198807765","60132389886","36946625421","586159767","37281899852","75063029799","141896960987","215267008341","36707125088","214201509270","289393482074","1559591924","6661803673","43224217597","334975973787","104663954627","12509449733","1410667","347782","384673","285377","250979","248235","241403","211304","136478","2056","140503","288259","494434","721302","111895","725331","1028142","10642","36485","180063","1147200","341157","37926"
"20193","11","서울시","CS100010","커피-음료","493094458907","63169503","367687692162","125406766745","74403634921","74400137148","72724912740","69925531506","76233475847","67466706904","57940059841","7517474639","67560980395","147758743237","116842950424","117239334674","36174975538","195008401821","239963506603","8775053149","144770958055","120952839412","87198105641","52401873206","20872853219","48472085","14697418","10249001","9875148","9631197","9040807","9675932","7846082","6851336","629161","12332381","18551871","14404275","13560045","3691770","26910064","32842271","1491932","22333974","16390908","10944447","6405186","2185797"
"20193","11","서울시","CS100009","호프-간이주점","338713579817","7987903","232509117666","106204462151","41294734312","43770823959","46448102661","47882802750","53112653984","61846689617","44357772534","114802098217","3997442972","5925200861","4643490827","57007744794","152337602146","205921669243","99905846697","3735431922","108723066561","75788839175","55839623956","43855785264","17884842059","5363774","2624129","989837","985220","1050808","1090953","1246956","1475775","1148354","2459171","123787","361562","187246","1489568","3366569","4724547","2878752","128640","3173853","1787869","1193401","938127","381444"
"20193","11","서울시","CS100008","분식전문점","249565249442","24550133","182717861264","66847388178","37078515498","36110294284","36864316722","35551003613","37113731147","36845767876","30001620302","8707165076","18392503674","70157049975","42302631398","83182593807","26823305512","109372330354","117529587158","5787035628","59723130978","54293677003","57239089666","34774822296","15083550035","18237675","6312458","3828930","3665347","3672335","3492410","3578653","3443883","2868575","629391","2244459","6898173","4281562","8178017","2318531","10999240","12612994","770729","6806859","5743330","5642536","3331231","1317498"
"20193","11","서울시","CS100007","치킨전문점","108243203885","4413505","76280462860","31962741025","14098960435","14184822710","15050518930","15021364450","17924796335","17314056620","14648684405","11141992338","354087691","3933476229","5902343376","44218152633","42693151618","58783727557","40725743343","1600888312","22910914299","22082156152","27140123796","18814720037","6960627892","3069321","1344184","568528","567212","604096","599699","729786","709313","634871","366310","24888","242217","291976","1911146","1576968","2397787","1841756","87963","1079451","936100","1089511","760392","286109"
"20193","11","서울시","CS100006","패스트푸드점","155654623845","15489284","106775160666","48879463179","20681238408","20855777585","20926201521","21490583438","22821359714","24744915827","24134547352","4313643879","9243625371","39427226416","27661231930","56975807358","18033088891","76021504877","67841566659","3774735632","46523859870","35239284831","31234330796","19861781302","7229079106","10983726","4505558","2249720","2167318","2160779","2153142","2252767","2319701","2185857","453629","1339967","3887675","2878001","5157509","1772503","7758046","7325960","535221","5430271","3578745","2943915","1867477","728387"
"20193","11","서울시","CS100005","제과점","192178482928","21322477","138950528869","53227954059","28226832290","26596381634","28648400922","26658612956","28820301067","28013178223","25214775836","457999101","32157614028","42949915268","42440616039","57257841121","16914497371","69195270425","103676059997","2141047795","35752159403","43240313968","45169273495","30056307937","16512227868","15563204","5759273","3299443","3084969","3154683","2944321","3079788","3004423","2754850","44146","4044164","4464268","4437416","6349607","1982876","7825441","12676225","333868","4935582","5179789","4961753","3284381","1806254"
"20193","11","서울시","CS100004","양식음식점","258145647934","7568444","176337349754","81808298180","31374844095","33688918190","35785617488","35600549446","39887420535","45251334577","36556963603","16807148140","1997350003","63919622657","36989518012","92637345505","45794663617","105369201333","109858990696","2862911533","71211282948","61039486278","42069976270","26491095691","11553439205","5265190","2303254","1004766","1035028","1053610","1037688","1134098","1228177","1075077","362773","155355","2403551","1252280","2577757","816728","3155881","3862342","162273","2710427","1882807","1243032","752337","267320"
"20193","11","서울시","CS100003","일식음식점","195310928137","5812314","151844096906","43466831231","29452772962","30606089151","30680728973","29328501873","31776003947","25704484950","17762346281","7937621457","418630375","55028498300","17519425533","71034738012","43372014460","87872532417","61128271697","1947214560","41927513964","39583368237","31711601331","21699423124","12131682894","4565669","1246645","944529","929820","921357","859553","910410","695762","550883","139558","25642","2460113","720499","1918377","548125","2660391","2519876","135326","1868022","1290498","954273","636750","295359"
"20193","11","서울시","CS100002","중식음식점","190375002330","6868513","137523808634","52851193696","25989096979","26658462451","28279213894","27677328047","28919707263","27124570015","25726623681","5063786980","1641201426","61569515409","23371193814","74330180471","24399124230","90362289591","60911792199","1643319865","33406694682","39139742378","36289598514","26364708988","14430017325","5064197","1804316","986069","1004672","1044025","1003100","1026331","922483","881833","134088","89843","2832117","1037806","2318730","455929","3615370","2602713","124734","1627813","1522771","1417677","1000027","525067"
"20193","11","서울시","CS100001","한식음식점","2558209358943","84045612","1889997142833","668212216110","376795225897","369381058629","381115848266","370382978386","392322031655","370578460422","297633755688","133400697465","46898731314","627338030583","228503083545","1019602110295","502466705741","1280733159285","802386496704","14833390336","397875525958","469683030922","487312927748","428092968175","285322220987","64102493","19943119","13517735","12778080","12907643","12159477","12739558","10848854","9094265","3584850","2670256","30384236","9620512","27228607","10557151","44648668","31542439","1001871","17649136","17065555","16824429","14406971","9242933"
"20192","11","서울시","CS300043","전자상거래업","188819644342","2870240","139063929588","49755714754","30373295113","21315666042","25936020163","28070093566","33368854704","30344432326","19411282428","2163684976","17686384846","48765388233","60703471658","49822913601","9677801028","68829847448","106795325150","1426400792","26069593720","41004245567","40186210518","43323593344","23654428792","1827190","1043050","325141","305188","361809","399822","435230","599212","443838","65023","222343","641907","887095","829915","223957","1053991","1748782","64638","777249","758440","630809","383423","188753"
"20192","11","서울시","CS300036","조명용품","425764562640","3791102","382469522227","43295040413","74766252947","90244130207","62621366082","66388943895","88448829096","37964014796","5331025617","75611671","94866881165","108431270309","162219029168","60049592038","122178289","203093274287","108537814987","11535080","9026122333","46421677808","98981864288","94729633132","62460472405","3235182","555920","690467","661857","607735","616036","659087","469401","86519","1333","794476","1080595","1281156","625960","7582","2005118","904349","1221","168854","466101","717601","866695","689103"
"20192","11","서울시","CS300035","인테리어","41891519326","696933","34025561377","7865957949","5681049761","8167947534","6643395208","6187207097","7345961777","5976005235","1889952714","57956875","8094169485","9961830120","14081658347","8691094509","1004809990","18412609346","15235715368","76333685","2953598612","4843887082","8795423662","8692242750","8286838915","524476","172457","104239","105226","105461","100837","108713","118059","54398","517","125634","169164","227186","158639","15793","325118","268496","3086","90921","100257","118850","141023","139474"
"20192","11","서울시","CS300033","철물점","38247580776","1064565","32324258005","5923322771","6121306303","6520998404","6823867358","5925366702","6932719238","5128910822","794411949","9187693","11053274909","11147387172","10332585838","5599778491","105366673","19807298516","9527648555","14904261","1722786754","4200464328","6591191797","9813531918","6992231965","871267","193298","174210","171198","176730","165633","183496","156856","36442","234","290779","287699","305307","176873","3673","558949","241523","1653","80463","145781","194284","220356","157946"
"20192","11","서울시","CS300032","가전제품","360920802045","827633","232084451105","128836350940","52156054843","45004986777","43705905947","45411689587","45805813951","63315709230","65520641710","348791893","19438076169","87601247939","129611699545","120586045087","3334941412","179585119666","157582423351","230198354","19698773052","71268326542","91925553735","92883513575","61161177761","548169","279464","121180","100951","107050","109905","109083","144526","134938","1049","57768","209947","284683","264890","9296","437194","349131","2968","71782","150265","192692","203395","165222"
"20192","11","서울시","CS300031","가구","231340737767","515591","149330381427","82010356340","33880336873","30845574870","27026281881","27617372894","29960814909","44052013412","37958342928","458166400","14424626651","54077983928","92314149229","68783336692","1282474867","105877452291","109254834367","44956770","11491988415","46760580619","53681023046","62692332979","40508318058","356933","158658","69803","64903","74871","72679","74677","87608","71050","154","41909","143969","191371","135640","2548","193369","284341","833","58970","127402","114107","105057","71548"
"20192","11","서울시","CS300029","애완동물","15040835995","566659","10268643190","4772192805","2245242311","1840033757","2048104389","2094316500","2040946233","2669756728","2102436077","65408381","692924853","2869232676","4326329814","6263689812","823250459","5675176900","9091241956","84822914","2547441794","3230652113","3468586045","3454864674","1980066360","395091","171568","87007","75401","77908","74554","80221","95711","75857","554","22600","106582","154437","246545","35941","197521","366250","4851","103450","111591","127590","138002","78290"
"20192","11","서울시","CS300028","화초","66612144190","1764671","53115267440","13496876750","9358718693","11593264473","12571560189","9524082844","10067641241","8533905081","4962971669","414506049","9132542791","18349646904","19449287515","17253879440","2012281491","22271674925","27762439581","393138595","8170886067","11814772240","11018346536","10648044458","7988503994","1326829","437842","220137","329360","336583","200122","240627","259503","178339","2796","150844","520076","470733","555048","65174","718615","897230","28857","463932","433085","290682","240107","159114"
"20192","11","서울시","CS300027","섬유제품","44167045592","429095","35304528990","8862516602","7206835666","6087631450","8427582822","7042217025","6540262027","5726155992","3136360610","0","5645602056","11764011037","15909515925","10450070262","397846312","14086426328","24161351568","128888822","2398177840","6320164112","6415914518","10258435448","12726574601","322475","106620","63888","60430","69066","66126","62965","68387","38233","0","41683","115360","148435","116873","6744","142438","254852","4115","50949","65723","71830","113003","91701"
"20192","11","서울시","CS300026","완구","31286299202","703048","15494364556","15791934646","3313157757","2330710282","3402401074","2920853604","3527241839","8146686027","7645248619","2957182","1249260138","6597178673","10103466985","11522998119","1810438105","18670106504","11682680617","209090622","3831790744","11226874816","10110605127","2198141201","2776284611","333423","369625","63640","52697","70778","68473","77835","194517","175108","67","23484","142032","216806","266203","54456","383042","312277","8298","118546","255940","219637","36410","56489"
"20192","11","서울시","CS300025","자전거 및 기타운송장비","48281438148","330100","31403790453","16877647695","5866217670","5553796279","7245293624","5673982893","7064499987","10402481069","6475166626","35303088","1880455017","10701288772","18590582387","16733288446","340520438","34561521347","10173383907","111611741","4563613311","10514390107","13912111464","10597475341","5035703301","207122","122978","41219","36566","47112","37243","44982","73833","49145","41","20115","80478","107856","118948","2662","233283","77869","4615","37000","67314","87274","68507","46431"
"20192","11","서울시","CS300024","운동/경기용품","216026528209","1594005","152613426683","63413101526","27516967929","29019997745","33508826356","30512168445","32055466208","36065017354","27348084172","538220658","10397548934","54704753505","82261740175","65287931354","2836333583","125792813519","70943364869","1208678065","16687917862","36143675543","59391044031","48499976284","34804697475","978267","615738","174508","180720","206290","189589","227160","345132","270606","3444","93456","395057","567799","502626","31623","932785","603635","16784","215528","268705","375399","367005","292975"
"20192","11","서울시","CS300022","화장품","902289873389","32053630","703676326741","198613546648","131257447448","143905172434","137456153318","136044448316","155013105225","111727281320","86886265328","6366390841","61417471583","200955868412","235706049382","306342533523","91501559648","230045293571","644423172138","12098457257","244012059661","212214778346","194543058860","140209474470","71390789190","23120135","8933495","4447379","4475209","4720547","4569080","4907920","4931978","4001517","100024","1404177","5931606","7414383","13126695","4076745","7102600","24829085","896682","14098917","7658129","4549911","3376200","1351847"
"20192","11","서울시","CS300021","문구","316449924967","11953098","285830074847","30619850120","51312883017","60887080980","60807745388","55753759531","57068605931","21297356974","9322493146","113751745","50039837827","90892649064","114254399589","58592564329","2556722413","87956613542","71629639007","2656356807","18458135985","26680104834","48194766542","41023908785","22573008907","9964161","1988937","1973998","2088257","2023520","1946126","1932260","1275788","713149","6195","1416555","3307113","3725043","3274493","223699","4297129","5141319","471117","2144610","1947352","2661576","1492718","721005"
"20192","11","서울시","CS300020","서적","119539657156","2775762","95798240751","23741416405","22899337592","18358480656","18773411771","18302326082","17464684650","13918283283","9823133122","651942","10329322495","33480658006","41998351055","30699078472","3031595186","41844830328","51287488209","1909943863","11028313900","18530126475","28360942990","23601397138","9701594166","1986104","789658","418294","386712","377085","390838","413175","448029","341629","31","201324","657401","843306","944200","129500","1115105","1567829","149837","474012","485813","860738","523047","189497"
"20192","11","서울시","CS300019","의료기기","182495218140","607903","170682619012","11812599128","32970545609","44287938395","25248705468","28631980653","39543448887","9527813438","2284785690","631979684","24304464539","69769490654","76590853542","10796472020","401957701","120684983020","47813900219","53770049","3467664822","13957783055","58551840392","40181120726","52286704198","509400","98503","107348","100577","96141","103140","102194","71970","26533","5114","106503","204436","210796","77605","3449","322441","269227","1140","27170","68482","130749","149593","214537"
"20192","11","서울시","CS300018","의약품","1137063029012","62250128","1008623285538","128439743474","223727839711","207496073538","193441306987","163648618255","220309447047","109022640537","19417102937","338827760","211492125266","344620782090","364779463116","203386780031","12445050749","564548587330","519439542977","2765743105","79709477580","172921047217","246547372160","267188797821","314855692430","52491724","9758404","12069298","10527783","9842354","9276269","10776020","8057444","1700960","26195","12084145","16194452","17391217","15493307","1060812","28404487","33718355","474798","8691273","13504494","14312132","12417862","12722295"
"20192","11","서울시","CS300017","시계및귀금속","238341018311","783622","180471603161","57869415150","38886199529","36896352745","33606625288","31996688040","39085737559","35258587620","22610827530","450120","10897837018","64153245367","97626169769","62954728786","2708587251","116940303250","106815130746","558004552","26775643528","49753950127","48882515508","55122938623","42662419983","554348","229274","105364","108176","108119","105658","127031","139445","89829","6","37276","191976","286541","250113","17710","311847","440955","13667","200542","174032","141932","128147","94498"
"20192","11","서울시","CS300016","안경","114626941735","1322040","78614823294","36012118441","16002253757","15235657953","15642748027","15324250648","16409912909","22094109941","13918008500","48795804","5214063759","26031836477","35482824147","44061732807","3787688741","52995086495","60577948330","1127148194","19565748352","21563622544","29571416379","25339598728","16404615439","937033","385007","189531","181320","187278","181066","197838","230598","154409","269","60185","276953","369969","552038","62626","487422","830321","43666","401716","249745","273645","222869","126081"
"20192","11","서울시","CS300015","가방","40889947250","930508","28438495982","12451451268","5643483031","6549961449","5295814565","4883316867","6065920070","7130411160","5321040108","29967901","3869346007","8262134099","12291953663","14232632861","2203912719","14766575482","25080317219","293277946","8438125092","9914879167","8334000726","8391648240","4473668787","615901","314607","110971","123628","125924","115937","139441","181443","133164","422","32336","180775","262478","389418","65079","301030","616504","19748","311571","241385","145260","117149","82391"
"20192","11","서울시","CS300014","신발","184636994335","2156696","116209716133","68427278202","23065633505","22316338955","23297313196","21850698809","25679731668","41174394118","27252884084","370601020","8700384004","48107831247","57988430768","61638263171","7831484125","84127571032","93533132423","1979245497","42409263541","42275264418","32184407370","32797088830","26015433787","1365570","791126","256753","252082","269873","275729","311133","454492","336634","1763","85634","496408","694956","768909","109026","902130","1209368","31889","567966","456520","334560","399488","321087"
"20192","11","서울시","CS300011","일반의류","1812643498977","33186932","1121039687655","691603811322","201222369542","208382684016","235378831235","228014777951","248041024911","371257013891","320346797431","11170385703","40042882209","392372256380","626970291480","662129904595","79957778610","662010011361","1122658390565","14307703379","296472251967","394016146420","430624519766","389517041340","259730739068","20401369","12785563","3608409","3775278","4309392","4202217","4506073","6813048","5972515","255887","789749","7304373","10736490","12441083","1659350","11327485","21751005","459412","7032579","7226994","8206174","6345545","3807766"
"20192","11","서울시","CS300010","반찬가게","600197603382","18940770","506066365142","94131238240","96664939662","99400732144","94498887976","98309868594","117191936766","69629935981","24501302259","71481699265","126698128542","145465250733","149190344752","77549749584","29812430506","250440853583","229259607540","1256384080","31831113676","93315664979","123071063196","130386977189","99846462672","15843159","3097611","3237796","3290934","3112817","3065166","3136446","2025425","1072186","1036707","3313048","6239623","4067004","3627173","657215","9029642","8365117","265490","3391030","3827510","3873802","3560133","2476964"
"20192","11","서울시","CS300009","청과상","362639641596","10913842","280862979620","81776661976","40950808482","62696383850","56001149211","50308591963","70906046114","55734513275","26042148701","9678874216","84343175397","99533463961","95500284132","66219110921","7364732969","147637597431","187194768297","187608335","8840697775","61299408368","59864546365","87172737772","117467465373","7995292","2918550","1433062","1677082","1576019","1627830","1681299","1823850","1094700","56567","1413644","2681574","3247417","3126260","388380","4157839","6385825","14880","471402","1467149","2254155","2726337","3609788"
"20192","11","서울시","CS300008","수산물판매","543706143847","9125023","319145058032","224561085815","59723512453","55588487674","62149460738","62288034582","79395562585","134857578581","89703507234","10607993638","76676177688","105452927641","126069217882","202050484910","22849342088","286350366645","192012687311","302133443","41999094119","97668489965","99163723233","115922406272","123307206893","5399742","3725281","994635","947530","1063630","1056663","1337284","2188280","1537001","146448","1050583","1788319","2397192","3415690","326791","4572269","3951162","9616","777758","1610335","1707465","2093424","2324844"
"20192","11","서울시","CS300007","육류판매","512667620159","11982170","388895474535","123772145624","69618866014","74848591845","69112946630","76528519765","98786550281","85215700909","38556444715","11503941650","88674743363","122297951582","140387370398","137264104805","12539508361","217192222831","260839267946","224723376","16499135482","57695111502","96831292764","157220588932","149560638738","8470920","3511250","1647927","1588885","1624663","1641644","1967801","2139917","1371333","112411","1254104","2232532","3232193","4810318","340612","4842654","6841397","14661","680557","1710666","2752441","3431636","3094113"
"20192","11","서울시","CS300006","미곡판매","82968389146","1307828","70496572325","12471816821","14366107359","14684358408","11234818175","16737767785","13473520598","10791800180","1680016641","4922077210","25309248032","15746257554","24145800102","11223112190","1621894058","31901358735","40996170886","14743361","2769154752","5669559359","14929397201","23272340007","26242005941","1075440","232388","216788","211967","208165","216069","222451","183159","49229","57666","319693","281839","379499","241251","27880","545552","657790","1552","53213","121307","218879","385061","423369"
"20192","11","서울시","CS300004","핸드폰","82643814248","1807063","64556439746","18087374502","12656789014","12343494431","12441720687","13044179890","14070255724","10705711432","7381663070","147796963","4857065655","20909686408","29581454983","26143530026","1004280213","38355275670","33052745173","569085540","11142660774","15930084955","19482757679","15244315849","9040689833","1383490","423573","285747","250942","276628","278122","292051","275904","147669","2503","122120","454685","556880","633746","37129","948454","810242","45935","421749","329912","411891","381535","167985"
"20192","11","서울시","CS300003","컴퓨터및주변장치판매","1093488253899","22329860","928787208782","164701045117","188942760999","214792716010","183064196673","172138555511","169848979589","109740747915","54960297202","630617128","127514706724","323138267621","457863132994","179396260130","4945269302","485842384478","238928752222","4827447806","79855951125","135309603869","267290762626","172867395776","64618716887","18891328","3438532","4226314","3960636","3703937","3553798","3446643","1846502","1592030","544597","4460580","5924423","5913681","4099971","1386608","9044174","12276134","3170435","9984151","1992274","3148123","2467538","557605"
"20192","11","서울시","CS300002","편의점","983212875262","175356044","710456595164","272756280098","135886428869","140429747753","141572213804","140712012494","151856192244","143739258015","129017022083","129411870330","162657292127","129267267344","129572705054","237433680981","194870059426","626077497006","337406390335","16392912831","289296105524","277045749756","208164487469","123451447195","49133184553","128304788","47051256","24577632","25675822","25726368","25564992","26759974","24767469","22283787","19663136","33664272","25777482","24448324","40915959","30886871","108440441","65403838","4969916","62149380","46989329","32576023","19807842","7351800"
"20192","11","서울시","CS300001","슈퍼마켓","843398964214","65788763","607061426989","236337537225","124173719371","118721982723","119395177334","117109790492","127660757069","132082365137","104255172088","15458742269","82784793056","143132492038","190472490446","303518910135","108031536270","365262935359","430346075075","4291662790","85479069037","148546251298","209316150933","200784631296","147191132808","47690312","18098451","9648706","9458372","9518680","9300238","9764316","9807899","8290552","1300743","6336262","10643263","13056045","24030049","10422401","32068231","32670760","1109660","11644002","13522682","15441662","13646765","9374179"
"20192","11","서울시","CS200037","노래방","94215616172","2162556","63429918105","30785698067","9109860582","12791691201","13248841878","13576222058","14703302386","18001204580","12784493487","46503018700","2137405583","583444155","1554548518","9667886125","33769313091","71086751873","14596742015","667825687","10484001235","15996971329","25350533359","23731628810","9453443411","1397753","764803","238033","262668","275400","286504","335148","426898","337905","646835","33002","70156","163348","479615","769600","1359892","750075","144977","890779","372669","297030","285056","119454"
"20192","11","서울시","CS200036","고시원","2972106770","36116","1483612382","1488494388","214055979","353375246","244932781","375026978","296221398","694479303","794015085","725129814","443939580","550809516","333011452","586842568","332373840","1873415745","1054384018","15736120","996628101","705977040","601490446","363872655","244095402","18781","17335","3509","4115","3168","5036","2953","7912","9423","14717","5223","2985","3501","4244","5446","27990","7230","354","12653","9276","4524","3152","5258"
"20192","11","서울시","CS200034","여관","65198766562","1381315","38075632418","27123134144","7145321438","6870286175","7366494100","7889404900","8804125805","14771331914","12351802230","20585970608","4342059386","3613132478","6529693801","15436563465","14691346824","42989848388","14433997680","755115705","22192149129","14850601513","9824401014","6633733795","3167663094","819171","562144","151693","151826","163796","172886","178970","293147","268997","355583","80254","107203","175495","376978","285802","976699","343392","25726","566359","324391","199992","139801","63793"
"20192","11","서울시","CS200033","부동산중개업","4811416168","394417","3987209394","824206774","736781550","637995514","823230459","733443498","1055758373","522189162","302017612","21864031","658029582","919014186","1276859674","1597947920","337700775","2609566128","1707076454","4483939","788940433","783051950","1401587389","679757347","658821526","298746","95671","62797","50599","69604","60235","55511","55362","40309","2736","46002","110186","110558","99725","25210","227423","110852","1324","60756","108370","88916","54158","24752"
"20192","11","서울시","CS200032","가전제품수리","12979126435","165879","11283786598","1695339837","2419120795","2233980928","2175936655","2165233917","2289514303","1499366726","195973111","0","1761765447","4556596119","4019178992","2550574163","91011714","5962724164","5379407598","32066123","789307595","2561961845","2892091229","2722895917","2343809065","144445","21434","30969","31247","28433","25711","28085","19302","2132","0","28126","54073","56403","26074","1203","80807","71424","441","13191","28341","36671","37487","36088"
"20192","11","서울시","CS200031","세탁소","33671713420","1729716","25996708282","7675005138","5664943852","4861199648","6614396066","4303425067","4552743649","7327577348","347427790","42907950","4780780873","7698830052","8677733239","11582370483","889090823","13972710340","17470717057","81009982","3557240689","8388106599","9286208585","7003889167","3126761803","1344804","384912","290124","245047","346791","217958","244884","362619","22293","7069","246870","379743","438808","611328","45898","838538","840201","7200","258513","437225","479728","343698","152377"
"20192","11","서울시","CS200030","피부관리실","39547252342","215686","31916953031","7630299311","5519840016","6871713301","6774806004","6270902652","6479691058","6087487984","1542811327","623537094","1716004281","8792582407","10858489640","14303764230","3252874690","8970781809","29543439532","61543543","8286843997","11795813648","8559171709","6619446751","3191401685","167231","48455","29717","33514","33556","34028","36416","35483","12972","4649","8388","46687","60616","80566","14780","58339","153910","1003","60942","65626","38226","30249","16212"
"20192","11","서울시","CS200029","네일숍","13910215030","195966","10186217412","3723997618","1789578455","1812730739","2056725209","2149716446","2377466563","2645007445","1078990173","94501267","141870104","2699809821","4048325910","5855626703","1070081225","1990011437","11806521725","52054365","2885073266","4778868221","3349508205","1773678846","957350262","143055","52911","26304","26801","27669","29621","32660","36382","16529","881","2712","41379","57370","83242","10382","43136","152087","1711","52108","64981","40046","24925","11462"
"20192","11","서울시","CS200028","미용실","209971450083","5184266","133903964604","76067485479","22868860043","22793505135","27277192073","27853470814","33110936539","47729805774","28337679705","359233205","4815992690","46157272511","65852179391","84566907294","8219864992","81655264132","126192470963","1873642629","41102495849","53624259476","51737043043","38889847140","20620093183","3350986","1833280","638711","565224","679635","675501","791915","1087584","745696","6685","186420","1188027","1527653","2144313","131168","2867391","2300613","82939","1117483","1207848","1277600","997693","484420"
"20192","11","서울시","CS200026","자동차미용","9847266618","180730","7735272666","2111993952","1811624484","1547806927","1559391077","1391221575","1425228603","1378894306","733099646","18270282","1477889694","2482637014","3300665466","2333806761","233997401","5486068590","2157558217","3906892","483626180","2085525744","2248131448","1513153909","1309282615","129783","50947","30232","25410","24500","23320","26321","30871","20076","338","33549","48677","60209","34565","3392","100601","42928","70","12321","43755","41280","28908","17192"
"20192","11","서울시","CS200025","자동차수리","219390193637","1365776","180417699678","38972493959","36358609828","36770989223","36013700240","33917287502","37357112885","36838192672","2134301287","88074471","32625770789","57757606028","75832488686","52214616969","871636694","136634553456","51030149099","47072567","8050548367","36872804305","51064299372","52079765061","39553116557","1110285","255491","236870","220879","215092","206754","230690","234150","21341","800","253927","381294","454796","270634","4325","873743","314558","690","63808","241672","314218","311240","256740"
"20192","11","서울시","CS200024","스포츠클럽","85797937517","284525","76657235756","9140701761","17873099662","16975774425","14715557155","14454318734","12638485780","6181369679","2959332082","310373991","6833315841","13421077132","16306744549","35788050469","13138375535","36744995395","44011471794","280394800","21224763084","21562818051","15997469411","15089105286","6603519041","243939","40586","62268","53693","45104","42937","39937","24479","16107","2093","30362","45312","52109","114610","40039","142700","135357","1934","86121","71882","49642","45671","22853"
"20192","11","서울시","CS200019","PC방","73772987565","15804606","47683114113","26089873452","9239938119","8874993153","9105614486","9469114834","10993453521","13395421921","12694451531","13292475625","4292615539","7178749168","11621189895","21564291578","15823665760","61430335647","12286296464","5992076743","49510579250","10636705353","3660820735","3185815914","730634117","10217449","5587157","1975721","1914767","1956120","2043087","2327754","2861510","2725647","2664254","822771","1516592","2677697","4790522","3332770","12917332","2882317","1871031","10415109","1920453","779561","690687","122804"
"20192","11","서울시","CS200017","골프연습장","49254455366","993777","34649474964","14604980402","7820234879","6857267420","6700435398","6116382113","7155155154","7540473975","7064506427","2447410150","5216188548","6900464041","10337296436","15771013129","8582083062","32182367780","10301906454","8717533","1216938081","7995251712","14853230513","12785372426","5624922233","648761","345016","128988","122470","133857","128867","134579","176742","168274","52975","113017","146256","185717","310544","185268","696938","156859","363","22390","164323","311514","262347","92853"
"20192","11","서울시","CS200016","당구장","17278625151","900425","12225167549","5053457602","2419149175","2516362763","2411806343","2344842647","2533006621","2852083441","2201374161","2084463182","457220390","1162227111","2384660007","5959920682","5230133779","13301521296","3394508149","273046983","2924517665","3258914640","4296606144","4207966125","1734977886","613561","286864","113105","119203","119803","121622","139828","159457","127407","117044","14445","47149","108609","312945","300233","779464","106715","29368","168356","138622","217739","235252","96849"
"20192","11","서울시","CS200008","한의원","232154771869","6144547","184655118515","47499653354","41208178899","38344360548","36448400024","28868982729","39785196315","44422757865","3076895489","51550913","26184346533","79609473270","71687532384","53988350121","633518648","86740343622","143638323680","210540254","16677098588","40411687121","58804463993","57212060271","57062607728","5202138","942409","1132658","1032161","1026069","877432","1133818","872628","69781","1566","929908","1963857","1775446","1465184","8586","2698566","3430468","15496","421569","911005","1335841","1521577","1923512"
"20192","11","서울시","CS200007","치과의원","518551791011","3902725","454135663825","64416127186","92470337807","100202950325","93718662262","71104878443","96638834988","62734738670","1681388516","9149406","66734607861","175327904096","164808604746","110340003096","1331521806","253999167276","262280676392","668296359","43591911204","79494611017","121331973373","135072125308","136120519930","3374797","527928","729219","732979","675457","530100","707042","515998","11930","63","639479","1150833","1324975","782344","5031","1909629","1985610","14814","446729","691316","1000218","870357","871748"
"20192","11","서울시","CS200006","일반의원","1127312041463","39554327","953659425995","173652615468","208880279446","196733701181","172015101918","162195075347","213835268103","167417320363","6235295105","71043833","243978356531","349140847766","336677394600","196192098750","1252299983","419312418267","705861542579","4208177094","162471711376","244847951148","263121873702","251396443817","199125662705","33943757","5610570","7925473","6761394","6206050","5882550","7168290","5295465","315105","370","9817756","10459473","12365059","6883182","28487","17656874","21872510","351749","4469090","8585459","9919378","8006027","8197626"
"20192","11","서울시","CS200005","스포츠 강습","63267651944","274085","59141707014","4125944930","13821046919","13279640216","11448041683","9918019374","10674958822","3196777578","929167352","57061395","3539572649","9277833506","15436997620","28512855938","6443330836","21066498629","40623590946","112943918","8310858976","18754660046","24041547384","7267675233","3202414447","251549","22536","59080","56212","50075","39561","46621","16556","5980","596","11139","34726","75667","127240","24717","104864","165039","1147","27885","80594","124939","24153","11187"
"20192","11","서울시","CS200003","예술학원","77777294307","361687","66270175732","11507118575","13497417582","14027985572","14326707149","11651616240","12766449189","8494849761","3012268814","35957865","2494442647","9331884694","28098996925","32735805032","5080207144","31693169706","45301462685","609414726","6371195261","14924924444","40835465534","11663125262","2590507157","322412","39275","68772","70095","66455","57046","60044","29509","9766","137","9519","45615","149639","142356","14421","147221","211175","2578","29246","88600","191011","35881","11060"
"20192","11","서울시","CS200002","외국어학원","83561318162","269621","71656795884","11904522278","16610118855","15105714239","14260827473","12080427223","13599708094","7666814426","4237707852","67626895","13584546802","12780188094","24518907544","28361627610","4248421217","34569664166","47345161250","454667150","4345752193","13525336271","45430793555","15301768087","2856508159","221454","48167","50547","49157","43954","37674","40122","31769","16398","203","35198","44277","75442","100612","13889","110314","156607","2660","27386","37470","140272","50748","8378"
"20192","11","서울시","CS200001","일반교습학원","459204068529","1615706","365345420640","93858647889","81875407991","79581967485","71538580916","62333469352","70015994896","60523583086","33335064803","570336909","33414722660","59560217871","120262925923","207292262990","38103602176","193185229153","263565065016","1505075428","5459636925","38846802874","304055483984","96290441157","10592853808","1292721","322985","312735","265699","259347","216399","238541","207311","115674","2366","175958","229794","413694","680205","113689","674503","936858","10010","35300","165671","1048851","315236","36302"
"20192","11","서울시","CS100010","커피-음료","465791996846","59603522","342025875442","123766121404","62445073588","68905602182","68695915581","69005999397","72973284694","67674363199","56091758205","7181457463","61666065781","141401489025","111423231268","109789052656","34330700653","182740464684","228623215971","7228013516","136733002357","116215701616","81718822514","50078544413","19389498430","45117202","14486320","8474052","9174084","9112215","8970685","9386166","7865693","6620627","656840","11222319","17704600","13820741","12754262","3444760","25077304","31296405","1359951","21412883","15475088","10079914","5993520","2052297"
"20192","11","서울시","CS100009","호프-간이주점","319928491106","7545803","215291513161","104636977945","34626326291","40762881469","42527372035","45440360523","51934572843","60381092219","44255885726","109358838603","3880970958","5699694198","4679311241","52624994884","143684681222","193803342483","91898173500","3693580762","97297136298","72255017511","53544664082","41546703244","17364727382","4939585","2606218","850460","906991","958748","1013614","1209772","1452911","1153307","2361402","107752","353180","190841","1379553","3153075","4466622","2700751","130724","2925828","1707807","1132974","900768","369342"
"20192","11","서울시","CS100008","분식전문점","248078171310","24668631","178464156207","69614015103","32979679738","35276743084","35624851120","35836127411","38746754854","39103934282","30510080821","8820821002","18685997461","67844618955","42589482792","82831905531","27305345569","107775477820","117287557327","5624091957","60749386106","54917071208","54809042430","34031777784","14932419713","18050589","6618042","3426827","3599519","3621311","3593241","3809691","3679214","2938828","642831","2232305","6777618","4385028","8259518","2371331","10929708","12807186","766375","7081146","5853323","5456378","3298507","1281106"
"20192","11","서울시","CS100007","치킨전문점","108692146870","4495080","74726423751","33965723119","12311582445","14205847803","14795836534","15032609003","18380547966","18435438146","15530284973","11427008218","402104070","4017077884","6141286538","43985919652","42718750508","58732948340","41237033851","1652069508","23587601938","22847719231","26702461375","18490415543","6689714610","3046228","1448852","505592","581600","600259","607535","751242","775308","673544","389577","29450","244300","304246","1928668","1598839","2427906","1896056","91326","1120424","986473","1084221","762834","278685"
"20192","11","서울시","CS100006","패스트푸드점","151241481030","14885999","102370827367","48870653663","18728407119","19550643775","20435084113","20791884156","22864808204","24811329396","24059324267","4209020289","8764854432","37789139828","27143902476","55506507618","17828056387","73346407742","65834701528","3468815652","46048944800","34746977246","28949292319","18924083174","7042996090","10415572","4470427","1967342","2036024","2082626","2110791","2218789","2319741","2150686","423818","1273357","3730743","2799845","4964030","1694206","7441429","7041105","501180","5314823","3465181","2741502","1773987","685860"
"20192","11","서울시","CS100005","제과점","190648552580","21155916","136969369394","53679183186","25313539615","26519033180","28300169291","26895039805","29941587503","28794355285","24884827901","540518083","31072009409","41490776524","43137509223","57222771964","17184967377","68533787348","103306497723","2031445441","34502223824","43247461545","45208947752","30097491951","16752714636","15374656","5781260","2993032","3034082","3147940","2980144","3219458","3069371","2711889","49552","3914547","4401435","4494626","6308977","1986779","7722697","12633463","311523","4830248","5158582","4913168","3310052","1832611"
"20192","11","서울시","CS100004","양식음식점","242012530893","7130398","162594888269","79417642624","27231699325","30526232228","33246291241","32912428032","38678237443","44712326969","34705315655","14529787643","1988126756","61714269827","34280375641","85835622211","43664348815","99081152522","100536624695","2204209084","62721195532","58731617972","39069964895","25404650127","11486139563","4909274","2221124","861370","945592","997152","992269","1112891","1216494","1004630","291846","147171","2342681","1173765","2409123","765812","2978517","3607606","140735","2478229","1821882","1153752","721490","270064"
"20192","11","서울시","CS100003","일식음식점","206335385178","6068311","157647834991","48687550187","27872054151","30992879739","32006727226","31886621448","34889552427","29351926924","19335623263","8432744010","445353262","56728313146","18440628757","75880161463","46408184540","92012345608","65607451846","2011729275","43876643954","42530855616","32925560702","23181730689","13093277233","4688927","1379384","863648","938231","944497","936442","1006109","788644","590740","142813","26091","2508300","762659","2045944","582504","2741201","2688967","151119","1992389","1358743","959587","666742","301608"
"20192","11","서울시","CS100002","중식음식점","186919673230","6697021","132280723331","54638949899","23473239993","25579813090","26572296581","27482807493","29172566174","28342549813","26296400086","5054199107","1482750834","58589257772","22559144508","73372047625","25862273384","89469037738","59606017948","1387373073","32643725680","39639885689","35549280365","25511135384","14343655425","4827972","1869049","867308","947226","975716","975427","1062295","962842","906207","136780","90766","2701032","998337","2292863","477243","3553373","2522431","107546","1608449","1521377","1368397","964412","505624"
"20192","11","서울시","CS100001","한식음식점","2534476998489","82955858","1849873071980","684603926509","337357565343","362055809963","372033665504","373289148797","405136882373","385703493562","298900432947","130784040317","45902004465","618036008579","224527021924","998126557967","517101365237","1266273674672","793518178791","14048693780","383546489413","472525000267","482423868234","423036120521","284208516325","62704804","20251054","11980294","12480911","12589375","12424786","13229438","11201595","9049459","3506750","2607749","29950644","9528439","26655409","10706867","43731307","31470295","1024190","17585616","17049214","16427357","14057737","9057140"
"20191","11","서울시","CS300043","전자상거래업","180046206585","2663108","129686504072","50359702513","23532458047","19136803601","20658907202","36796124044","29562211178","30490946210","19868756303","2343096052","12347557851","38228380276","67897813456","48553071902","10676287048","73017345201","95647810790","955498370","26953734707","38124727187","45710848103","32486277001","24434092606","1717444","945664","295161","304984","331899","372462","412938","537247","408417","60985","175857","582771","850926","790072","202496","991140","1602283","51215","798002","670326","559442","352217","162225"
"20191","11","서울시","CS300036","조명용품","391973643739","3724639","346978939355","44994704384","58784346468","62067904913","68263945423","80774743828","77087998723","34658340342","10336364042","1075145258","74619720412","106502148084","153685329418","55854559659","236740908","202419865336","92105976730","55247835","7429758561","41429067318","96419787032","96483461113","52717002007","3097461","627178","626766","564311","621589","642461","642334","500533","126645","44","689156","1080084","1324164","625589","5602","1996687","862948","5718","155251","457115","698126","843734","699998"
"20191","11","서울시","CS300035","인테리어","36108422553","633690","28169673924","7938748629","5513989541","5128192691","5442685358","6162129017","5922677317","6256982635","1681765994","30080123","6508973163","10402530493","11787106910","6979635248","400096616","15445106810","13841793096","107436325","2813126914","5057196293","6599092095","7529068035","7180980258","465923","167767","88825","81309","95262","98803","101724","113493","54274","687","97875","160988","213305","145310","15525","296991","250178","4204","91497","97532","106915","127092","119923"
"20191","11","서울시","CS300033","철물점","42811938030","920162","34322753431","8489184599","7064919084","6235146008","6665637808","6773346633","7583703898","7327297058","1161887541","1195027","10754392847","11706187685","13947943083","6164013701","238205687","19914168305","13440325977","22103496","1714963971","4371589522","7428228656","9973327870","9844280772","753907","166255","145431","138970","153801","160881","154824","131051","35204","12","226406","257113","287259","146545","2827","467626","222572","1747","70750","127758","163787","178655","147495"
"20191","11","서울시","CS300032","가전제품","348474906908","924744","220799324430","127675582478","46020074608","37868500316","44158555155","45372446602","47379747749","66014627909","61660954569","438391988","14501258201","88067463872","133932787164","108203889547","3331116136","167268125965","147897730322","335023207","17040785349","64302371910","88913682003","88075263190","56498730625","599142","325602","115596","105227","124863","126327","127129","171700","153902","1156","55567","235556","332088","290710","9667","485601","378878","3203","78580","164163","215942","229440","173152"
"20191","11","서울시","CS300031","가구","221715193234","473085","129622903500","92092289734","25740288784","22078205070","28588365978","25853765831","27362277837","52737448507","39354841227","1803214","15179756479","52722877923","89944777378","62913212653","952765587","99544047142","102246794191","13115804","9748315279","37358842113","62978750786","58153448525","33538368831","313859","159226","65402","57382","59992","67334","63749","87404","71822","19","34120","122823","184886","127811","3426","183779","254053","226","48567","102009","116750","102540","67745"
"20191","11","서울시","CS300029","애완동물","14627444635","539508","9366593812","5260850823","1743740756","1908902357","1691097716","1976263991","2046588992","2982807459","2278043364","15963953","489194658","2952404731","4400287674","5716628967","1052964652","5424800589","9112215680","89597237","2779469150","3199123358","3425030816","3196549363","1847020058","360585","178923","72410","66627","65639","76643","79266","100350","78573","623","18097","105494","164673","220385","30236","189700","347876","4412","101452","106767","121219","128677","75032"
"20191","11","서울시","CS300028","화초","55599363981","1313871","43984133613","11615230368","7461551187","8338600657","8601271134","10407694588","9175016047","7042192567","4573037801","303237933","8675435785","16070405093","17277599412","12381227780","891457978","17600224868","22208980428","200147342","5808256144","9288042890","9727075240","8734122667","6051561002","979937","333934","170247","162816","186232","240680","219962","196100","137834","1223","144380","444271","356964","342657","24376","526196","665168","11018","319044","310148","249611","187876","113657"
"20191","11","서울시","CS300027","섬유제품","39852172324","350630","29635882996","10216289328","4621063335","5581325078","5381811898","7488993853","6562688832","6821974690","3394314638","0","3815884121","11866003115","15820411155","8015638869","334235064","14057889032","21815791020","84622530","2244377337","6223217240","5840092119","9409398995","12071971834","259257","91373","45011","49131","47680","59445","57990","60355","31018","0","35407","92662","129684","88325","4552","125753","197110","2689","43362","63499","57496","81188","74626"
"20191","11","서울시","CS300026","완구","29807476520","597756","16405754569","13401721951","2526812105","2572642480","3489750592","3873059313","3943490079","7548626313","5853095638","1749661","620847288","7027802261","10111679324","10962647322","1082750664","18051079006","10534311485","215784419","3838477809","11133021534","9385893039","1713738178","2298475513","304774","292982","46459","55435","64449","62196","76235","164828","128154","51","11720","121247","200753","232998","30987","344897","246574","6737","80150","240638","194552","26063","43330"
"20191","11","서울시","CS300025","자전거 및 기타운송장비","25866923647","168942","14431864958","11435058689","2283747283","2402794091","2368879111","3208253242","4168191231","6867385033","4567673656","0","1679927993","6943501678","9502109942","7620884699","120499335","18125369324","6665268621","69241426","2751070725","5712039029","7311258814","5632461155","3312532337","103458","65484","18686","15714","18631","24035","26392","41146","24338","0","12167","48706","63145","44402","522","117471","40236","2908","18276","31186","47787","33804","23702"
"20191","11","서울시","CS300024","운동/경기용품","202856083754","1300494","137273357368","65582726386","21635288780","23783746286","29905120621","29856809377","32092392304","35690477545","29892248841","620026066","9369960986","49596764361","76759835214","62380456829","4129040298","124415909236","58633087609","1034160265","17140951930","36936567669","54790616083","43584876168","29561860044","779284","521210","126315","139562","157351","168666","187390","285001","236209","2542","71176","334686","488515","379442","24133","787443","465577","13998","171977","239067","322235","294649","211092"
"20191","11","서울시","CS300022","화장품","884011547140","30951960","679234706714","204776840426","117271590802","125224933935","133899085099","161411045184","141428051694","115862899734","88913940692","5643240770","56076121908","188277206808","241179794308","306759815548","86075367798","228239990464","623032949014","10821352363","238216607526","208427168584","190407992621","134366073485","69033302789","21941699","9010261","3940385","4019094","4410324","4750148","4821748","4957578","4052683","97689","1200212","5561815","7424322","12864445","3803477","6981666","23838439","786327","13944310","7379027","4218914","3195512","1296036"
"20191","11","서울시","CS300021","문구","314052282563","11612146","277700904853","36351377710","49914843408","54246678030","55203116605","63953470857","54382795953","26857693340","9493684370","67789951","44489680572","92305346660","114268370917","60715213237","2205881226","85283340684","80198061896","2465915801","17262610239","25620040630","52810229795","44257484622","23064765510","9680658","1931488","1932070","1878782","1968737","2073254","1827815","1257969","673519","7935","1295820","3303491","3809624","3002352","192924","4214337","4922461","352564","1909186","1917334","2803223","1411592","742830"
"20191","11","서울시","CS300020","서적","137635871447","3355629","110464644101","27171227346","20944009290","21548337666","23248544198","21526411240","23197341707","15611892831","11559334515","1030515","13040999859","36906454628","50575818317","32840914155","4270653973","52378090097","67177874226","4247434185","15255266422","18577956628","40656493206","33341967786","7477102832","2470725","884904","488798","488270","504437","504476","484744","487702","397202","54","250142","798461","1034043","1111656","161273","1383270","1895604","192488","660733","489421","1075132","659463","201645"
"20191","11","서울시","CS300019","의료기기","172301414151","588668","162694640421","9606773730","20521712061","36563837067","37715818199","34135440595","33757832499","7856147197","1750626533","332568640","24394132833","63645632931","65470500546","18233326451","225252750","107761241948","48678977457","83625976","2190911272","15965331567","45838510165","43976887121","48384953305","494687","93981","88135","93060","108654","102900","101938","62631","31350","2728","94579","200401","214671","74095","2194","305754","266100","612","28032","64781","119079","151065","208286"
"20191","11","서울시","CS300018","의약품","1040456712794","56211588","911315466705","129141246089","189882859228","174614365188","160140271037","197900199587","188777771665","110639538236","18501707853","306905138","188370027565","315610696158","341748632001","183897956112","10522495820","523704312257","493774998743","2058418606","73744770763","155302097506","230444315684","249636689477","306292435930","46652684","9558904","10308593","8402791","8814695","9633948","9492657","7933479","1625425","24589","10081378","15317492","16286480","13609703","891946","25929093","30161039","324639","7887271","11866861","12562938","11525546","11922828"
"20191","11","서울시","CS300017","시계및귀금속","224623066423","737456","163000310189","61622756234","30360212542","29544097545","34094156941","34700752153","34301091008","38306079524","23316676710","55499401","5672898697","65576335485","88475467007","63316163197","1526702636","105026877084","102789324186","680890487","26418017425","42894182726","42174010130","58071076249","37577940187","516029","221427","94682","88263","100185","109923","122976","130320","91107","56","30028","176700","277940","236448","16284","290331","418399","12653","207218","170805","131856","108704","77476"
"20191","11","서울시","CS300016","안경","109296377761","1218680","73807155805","35489221956","13979508599","13437614401","14663999882","15441923307","16284109616","21764632219","13724589737","163459026","4446567475","24452047079","36024400382","40898787142","3311116657","50078349011","57153566171","999170688","18540852117","19846727126","27646985130","25165414883","15032695801","852875","365805","162803","154245","170094","178876","186857","218952","146853","293","47237","258290","361653","498322","52885","449681","765089","37176","378479","225700","250177","213242","110003"
"20191","11","서울시","CS300015","가방","37956268557","796377","28071655804","9884612753","2945788295","5577890347","10331370195","4370630778","4845976189","5363363370","4521249383","13927706","793771921","10307555459","12127789538","13085628365","1627595568","15684199037","21038056001","252976492","7667835720","7276914224","7727575489","9706120077","4090833036","521020","275357","83917","95818","106976","109460","124849","150448","124909","227","16715","138191","246171","347091","47982","253278","534144","16957","275762","203704","127132","94597","69274"
"20191","11","서울시","CS300014","신발","152714552209","1558742","95862373090","56852179119","17970264416","18471865217","18357069538","19477599825","21585574094","34432371678","22419807441","667129267","5823984195","39030448407","49034195721","52455283920","5703510699","74154053570","69725662134","1966903915","35183322784","39271284054","24821830609","24294738786","18341635552","986197","572545","175790","190203","187524","199691","232989","328676","243869","1440","62123","353044","514316","552148","75671","695742","821974","26793","426610","352575","245619","264902","201223"
"20191","11","서울시","CS300011","일반의류","1707096520599","27575459","1031561241848","675535278751","166679818352","198010714740","210769479847","212422473207","243678755702","366095900152","309439378599","6574634395","32053348016","350655748325","622998527967","625149138404","69665123492","637374189633","1046734373900","14760594097","279770233352","363084980063","417095494375","373782633607","235618235366","16875327","10700132","2713277","3193869","3478522","3570799","3918860","5671619","5028513","168010","569988","5693854","9361098","10456392","1326117","9527132","17962068","420599","5982669","6046000","6869938","5213145","2956712"
"20191","11","서울시","CS300010","반찬가게","573589505820","17574641","478789128687","94800377133","91072899915","84370838175","93013665996","103557729963","106773994638","67806406330","26993970803","63951791953","121223726771","141352705468","140969723847","77396912052","28694645729","240685494407","217660734886","631503032","30363665051","85433887754","121393638147","122613708832","97909826476","14401526","3173115","2887784","2757541","2827299","3009859","2919043","2028318","1144797","989789","2996830","5973013","3861615","3160153","593241","8435750","7626824","126076","2774089","3715451","3751517","3304244","2391149"
"20191","11","서울시","CS300009","청과상","427505795033","10384821","319140822145","108364972888","63461769802","54800512295","52694589594","73549963529","74633986925","70148685132","38216287756","4519294980","90284856933","123316661094","124699228870","76589894585","8095858571","178505176442","192207499615","129590626","8512391379","63534757319","63156394807","102036069768","133343472183","7303240","3081581","1431463","1429968","1352336","1555127","1534346","1854421","1227160","45347","1159713","2628744","3425198","2799824","325995","4107785","5857106","10905","418278","1411978","2111027","2540417","3472311"
"20191","11","서울시","CS300008","수산물판매","656205483369","10664032","385563597854","270641885515","68747813849","82734693573","69467963003","72528539560","92084587869","157113160661","113528724854","13639384478","79849679554","127562072872","168864337979","242404132808","23885875678","357037573575","229529071371","313617918","51317333672","119310810267","129947623039","141601747804","144075365869","6121361","4542671","1169372","1203209","1088129","1139626","1521025","2602520","1940151","173395","1068775","2138054","3134886","3820497","328425","5469478","4578681","7467","944673","1870897","2092512","2478354","2654270"
"20191","11","서울시","CS300007","육류판매","626895387056","12380476","451253654931","175641732125","84858743519","82881763971","80359578655","98002598980","105150969806","113007836806","62633895319","11986887401","102218094419","160516140671","194405917888","145662573082","12105773595","261301024729","317525719086","215087147","16009293994","64076074443","110227742062","185723595493","202574950632","8371537","4008939","1689918","1482803","1547456","1680214","1971146","2367639","1641300","104299","1224850","2596359","3703418","4446430","305120","4969825","7116376","11519","610682","1691078","2769089","3555169","3448665"
"20191","11","서울시","CS300006","미곡판매","78933815438","1204173","65824341121","13109474317","11283490516","14136508360","12631646123","13782408263","13990287859","11139174518","1970299799","2955699350","22646471689","18711329614","22483190289","10866549350","1270575146","28759407669","39290932381","4927347","2612635506","5228473448","14579284350","22497608545","23127410859","954059","250114","195229","179083","171275","200285","208187","192993","57121","43211","283052","271212","386300","203617","16781","487279","611101","649","46110","101605","207330","347910","394778"
"20191","11","서울시","CS300004","핸드폰","83545878085","1588027","67780417571","15765460514","10719120004","11879050493","16292397165","14571817949","14318031960","10754835968","5010624546","674431569","3644516444","21048907561","27899632007","28092449706","2185940798","40723368785","31249344651","459303911","10965090543","17689356379","18635682058","17461437098","6761241389","1192904","395123","232301","198000","257833","247199","257571","249648","145475","7559","80105","397130","498559","575964","28710","788797","746619","35670","388005","299073","352040","295398","165099"
"20191","11","서울시","CS300003","컴퓨터및주변장치판매","1367463150659","14736661","1099648525463","267814625196","209103371138","197499474622","232771697941","242741345569","217532636193","161826188413","105988436783","815773337","153054971206","356338286638","588634170155","265226105148","3393844175","633034788625","320657964505","4006377522","117919912009","164782629456","348280265440","234505887573","84197681118","11871215","2865446","2355717","2231736","2369114","2517634","2397014","1599245","1266201","222709","2230042","3980754","4374824","3142246","786086","6678996","6990585","839721","6229913","2107103","2121331","1733538","637978"
"20191","11","서울시","CS300002","편의점","852037456880","145853951","619229690007","232807766873","110950549848","120495686808","123782863306","130892855007","133107735038","123025395636","109782371237","112940938733","137225901489","112388854877","109794337534","211387008645","168300415602","542436153209","291393945103","11369620067","251816598707","246145260531","177353590931","105287937042","41857091050","107363432","38490519","19503507","21061410","21615071","22516656","22666788","20304467","18186052","16525643","27711915","21569985","19678265","34740968","25627175","91092155","53491427","3240202","52217266","40426997","26567943","16128558","6002598"
"20191","11","서울시","CS300001","슈퍼마켓","809912387715","58274410","577236308717","232676078998","115177175106","109615406441","111939617287","117787865808","122716244075","128894357797","103781721201","14011399689","73725251816","141101559090","194327016707","289371016699","97376143714","350409677686","410956633909","3042765027","79533700653","142917922029","203685623054","193080601736","139105699137","41842375","16432035","8240099","8188422","8290034","8465296","8658524","8882689","7549346","1124222","5011517","9433290","12025865","21724723","8954793","28409974","28952047","635583","10024146","12275299","13792202","12222252","8412527"
"20191","11","서울시","CS200037","노래방","89626643495","1796262","59468833898","30157809597","7765650726","12057273129","11962986796","12842359151","14840564096","17821054934","12336754663","44106306407","1899256664","470674131","1464874184","9321728281","32363803828","67643571339","13460355876","550136263","9820064082","15209797815","23663028973","22770429076","9087708807","1139826","656436","178216","221639","220853","233681","285437","368584","287852","581063","29567","41574","111761","381129","651168","1164884","581858","82469","676857","344532","268743","261336","112795"
"20191","11","서울시","CS200036","고시원","2335692764","30306","1541969692","793723072","264181606","387485719","272954961","241485381","375862025","443021045","350702027","639527891","344892109","421750961","155631725","514842285","259047793","1305242552","933753365","13594114","876641698","479589900","369582977","332967754","166619474","18020","12286","2810","3895","3553","2902","4860","6972","5314","11199","3460","3198","3799","3609","5041","23527","5550","430","10638","6060","3650","3285","5014"
"20191","11","서울시","CS200034","여관","63734671785","1325871","37395335011","26339336774","6178197444","7374045696","7516815356","7298003292","9028273223","14361418295","11977918479","19307758069","4714271342","3967148442","6900356882","15184134861","13661002189","42144383964","13733132673","674804229","21435532455","14889592338","9778315759","6351030402","2748241465","773225","552646","129578","150077","156989","157273","179308","289863","262783","333034","79019","100571","178518","369128","265601","961758","313100","19236","541070","322467","195889","136502","59676"
"20191","11","서울시","CS200033","부동산중개업","4310945852","318389","3904960389","405985463","1066157638","693244556","825021405","690419904","630116886","251644273","154341190","27896609","584960503","957896105","1404052717","1095944661","240195257","2527937945","1247874390","1059859","587019487","1102168635","1265441148","627702900","192420307","263927","54462","44703","56374","58057","53507","51286","33535","20927","2332","39584","90629","93447","72036","20361","155690","95907","188","39572","97943","63031","34703","16163"
"20191","11","서울시","CS200032","가전제품수리","8578986024","125406","7152767437","1426218587","1597500874","1108449639","1495686674","1608348393","1342781857","1280688606","145529981","0","1842449325","2649538585","2885765514","1171880988","29351612","4676930522","3190457306","14519712","501070947","1377937460","2105087023","2339719359","1529053326","105103","20303","22933","17935","20674","23892","19669","18452","1851","0","20997","41703","46437","16183","86","65137","52380","310","8191","20317","29942","30851","27897"
"20191","11","서울시","CS200031","세탁소","24808436590","1376778","19206920821","5601515769","3936164000","3550788866","4006031801","3885829690","3828106464","5291519044","309996725","32383804","3151903454","6038254113","7200717381","7887601420","497576418","10411761420","11834846026","78590153","2820728133","6069221336","6999230923","4442459531","1835868119","1046414","330364","217518","179284","235600","208038","205974","309038","21326","5837","179299","319949","379983","458212","33498","675130","655707","6328","218378","359725","384045","259152","103182"
"20191","11","서울시","CS200030","피부관리실","37585570800","200714","29298655221","8286915579","5282566486","5648095918","5676833825","6566480611","6124678381","6691948840","1594966739","545920416","1470412833","7474865055","11448605997","13714070449","2931696050","7788115077","28639164931","100242699","8185317284","10401577574","7392969734","6834838082","3512983282","152672","48042","27597","27712","30403","33409","33551","35502","12540","4196","8061","42509","57759","75127","13062","50175","145969","1040","55183","55432","36702","31923","15865"
"20191","11","서울시","CS200029","네일숍","10675919520","157641","7612861353","3063058167","1349497731","1273279633","1476797399","1684638483","1828648107","2092208476","970849691","72199051","71406401","2096881800","3082313307","4549539740","803579221","1681156186","8870197343","70550188","2216289360","3365270781","2369526590","1671699721","858016883","111087","46554","18829","18727","20626","24673","28232","31611","14943","651","1564","32671","47292","68104","7359","36776","119826","2005","43470","49417","30174","21779","9764"
"20191","11","서울시","CS200028","미용실","196654907919","4752772","122216358737","74438549182","19376697874","19757016235","24706140533","26617399545","31759104550","46433429270","28005119912","341085942","3972150273","41663244741","63068229056","80609302865","7000895042","76708316081","118370310501","1563487364","37051466291","50162847649","49581453190","37821670145","18896769062","3007721","1745051","529121","481096","603956","650765","742783","1027701","717350","5741","152954","1085853","1460805","1937948","109471","2623146","2115533","69263","1007599","1097131","1187108","936419","441142"
"20191","11","서울시","CS200026","자동차미용","8966827146","166104","6782733387","2184093759","1216031675","1037048925","1339023368","1631894166","1558735253","1499512352","684581407","96038008","1469034552","2264706960","2944243217","1981050884","211753525","4867731374","1940979652","1741118","488608193","1959136081","2092821233","1419109583","847294816","117244","48860","23228","18960","21404","26338","27314","30258","18602","242","27588","47376","61613","26717","2568","93098","37066","136","10401","37497","39931","27185","15004"
"20191","11","서울시","CS200025","자동차수리","197982531004","1253511","160933080890","37049450114","29538805024","28934911742","32338887549","33632984035","36487492540","34974692547","2074757567","118181417","25609374686","53324285915","69561200106","48682195574","687293306","125725030130","44779681097","13160779","7398986033","33182922966","45357043763","47340390177","37213921626","994660","258851","195174","174529","190922","213279","220756","235579","23272","1158","205714","359758","445279","237741","3861","817781","282163","493","55877","230021","294168","286501","232974"
"20191","11","서울시","CS200024","스포츠클럽","81431816306","274894","71071404292","10360412014","15989345705","12946545886","14884378022","14442779952","12808354727","6734219806","3626192208","349531148","6719193608","12839361371","15712152560","33446029965","12365547654","39117968096","38364782248","208517480","18679931853","21680460279","15301936310","15161869597","6450034826","232117","42777","54707","43359","46625","48194","39232","26285","16492","1623","28398","45902","54279","108445","36247","141937","125418","1509","77661","68792","49494","47416","22500"
"20191","11","서울시","CS200019","PC방","72573043316","15419045","47312743993","25260299323","8802305359","9285466243","9115345247","9325158685","10784468459","12874364191","12385935132","13253398726","4394993723","6728981402","11707162894","21030319782","15458186789","60285883209","12250693083","4696255968","49516306121","11165605760","3652806860","2987247917","518353665","10118532","5300513","1883085","1999261","1949058","2000330","2286798","2695384","2605129","2642135","868952","1390213","2642406","4652612","3222727","12525923","2890210","1493007","10439680","1969041","759826","652139","102439"
"20191","11","서울시","CS200017","골프연습장","42715490170","874907","28666576105","14048914065","5589003450","5635099476","5648473223","5724893114","6069106842","7384478508","6664435557","2338810021","3979037499","6022182104","9050947441","13225064832","8099448273","28801400360","8524538837","9106303","954114265","6437338546","12994367237","11725801273","5205211562","546050","328857","95486","103739","110367","112831","123627","166579","162278","51424","70874","129791","181465","261749","179604","620846","135783","410","19962","132757","272689","242219","88598"
"20191","11","서울시","CS200016","당구장","17835903528","954815","12310220297","5525683231","2309603631","2338606099","2398172250","2574714794","2689123523","3123469093","2402214138","2310096261","649026911","1292963194","2418228841","6065956303","5099632018","13919248332","3213382385","308237555","3118404778","3193443855","4543483112","4225520086","1743589385","637699","317116","110612","124135","127274","127174","148504","173943","143173","128932","17630","53297","126346","322383","306227","822550","117503","34822","203941","149099","222673","234190","95295"
"20191","11","서울시","CS200008","한의원","208085768359","5374728","161419669567","46666098792","34627877023","29931253976","30951434426","31211710972","34697393170","43974804454","2691294338","38855225","21788365893","73245115950","65700401798","46890616819","422412674","79350620419","127007429670","164966172","14340792596","35773648725","55419790015","51069103360","49588957251","4455105","919623","933292","799704","872430","887781","961898","859129","60494","1546","728116","1770417","1605553","1262998","6098","2374605","2986229","11831","360260","799320","1158525","1339831","1691022"
"20191","11","서울시","CS200007","치과의원","516449822982","3879126","448496560613","67953262369","88131034010","90562579931","88415905402","88437276421","92949764849","66324940605","1628321764","872385","61393227579","176002882552","166057035381","111546297485","1449507600","253241434702","260317126908","513054286","44953318146","77066312182","125780184659","137603686328","127641230389","3324646","554480","703241","648832","650042","640478","682053","541825","12655","85","602325","1208328","1315373","747742","5273","1896066","1975400","11957","462219","659573","989698","898133","849893"
"20191","11","서울시","CS200006","일반의원","1104825275681","34788732","912463269202","192362006479","189019685294","165004069487","165377090191","187691217006","205371207224","183309037303","9052969176","126398480","226154566308","349896690615","341140976207","186079239171","1427404900","405794264537","696340381973","2969992975","154070067122","228460566494","260043939437","262919926197","193669128297","29267152","5521580","6535284","5062530","5406596","6090583","6172159","5223175","298405","493","8087582","9896312","11179009","5604208","21128","15641312","19122243","199102","3893153","7299472","8486310","7326687","7558822"
"20191","11","서울시","CS200005","스포츠 강습","61023984962","266126","56767248165","4256736797","13215625386","10170621941","10551165266","12634484861","10195350711","3181442063","1075294734","60125978","3834142971","9158097928","15392528707","26510451488","6068637890","20711331049","37786403643","93561445","7537068736","16673733769","23480537528","7624273580","3086826315","241504","24622","56590","44302","45629","49285","45698","17099","7523","518","11543","37034","74004","119519","23508","102923","159324","896","26865","72699","124923","26622","10231"
"20191","11","서울시","CS200003","예술학원","75787767127","339077","64595811688","11191955439","13188744492","11536931031","13290761512","13991197105","12588177548","8602384955","2589570484","22967815","2699974576","11561034051","27699267366","28919969518","4884553801","30350459082","44737033209","500795595","5961294385","13052436096","41282567598","11790613764","2499784855","300068","39009","63646","57934","58558","62315","57615","30765","8244","58","9063","55940","137159","124129","12728","135608","200994","1992","26100","79083","182261","36822","10353"
"20191","11","서울시","CS200002","외국어학원","82601337499","290303","70436260189","12165077310","13642393869","13806632699","14355435894","14923873801","13707923926","8098131992","4066945318","123752006","11451096365","14877683723","25883890593","26492422685","3772492127","35019483131","45885184197","338865454","4377377344","12323210688","44490905458","16494875849","2877870311","238923","51380","47640","44516","51681","52047","43039","35280","16100","245","36982","56602","83899","100580","11995","116520","170563","2814","34277","37163","144461","58604","9733"
"20191","11","서울시","CS200001","일반교습학원","476727711118","1646710","380628191505","96099519613","73198981826","71439518506","78602279461","79569081162","77818330550","62961759665","33137759948","554746774","36818522856","71437886101","136981277962","196988760621","33946516804","200614012851","272943674631","1192546388","5648691587","34476749018","313800785518","106546888114","11892026872","1321259","325451","246330","248957","268125","267321","290526","211792","113659","2141","195963","250026","456769","641217","100594","681371","959692","7673","40155","153669","1066238","336114","37208"
"20191","11","서울시","CS100010","커피-음료","412090694951","49090163","302149016765","109941678186","51509101479","58150715673","61172491478","64654911875","66661796260","60247717382","49693960804","6692695081","50330580384","121383068308","102406182858","99964498906","31313669414","161288606520","200517197887","4896345564","121508592945","103162814621","70109397597","44339060072","17789678984","37002251","12087912","6557650","7108110","7513324","7891262","7931905","6531663","5556249","579128","8753088","14418041","11617320","10743344","2979242","20775577","25526619","803579","17369253","13101136","8270510","4964124","1793492"
"20191","11","서울시","CS100009","호프-간이주점","294780827031","6910519","197896067372","96884759659","29811028990","37485862360","38558863838","41885102264","50155209920","56644640563","40240119096","102035938500","3746500661","5058477578","4057459495","47041665803","132840784994","178712413847","85789588230","3628088458","93556899954","65300966078","48804291624","37792704485","15419392003","4521314","2389205","722402","856613","869813","926553","1145933","1344719","1044486","2205880","97849","298815","162729","1247035","2898211","4121686","2459081","133329","2775624","1546329","1003537","796044","325852"
"20191","11","서울시","CS100008","분식전문점","223496747087","21490259","160697352063","62799395024","27714780938","30249383343","32246287853","34565563560","35921336369","34801711458","27997683566","8254205391","15188726985","61335038957","39476592695","74332534072","24909648987","98834306458","104216479671","4261181743","55252256248","50060038926","49715027536","30590720572","13172397685","15720976","5769283","2801826","2997274","3154812","3364015","3403049","3182931","2586352","593918","1818909","5938734","3899171","7169199","2070328","9739345","10923528","546786","6181596","5196638","4821801","2836993","1079008"
"20191","11","서울시","CS100007","치킨전문점","101769325435","4286914","70744798263","31024527172","10907527405","13403174432","14014071421","14497605783","17922419222","16904094791","14120432381","10568954215","371861759","3650252700","5681413958","41521728670","39975114133","55352758769","39237360815","1493996349","22847627001","22197078644","25179528308","16959249706","5912639554","2936681","1350233","457947","557873","578135","594657","748069","718757","631476","358668","27788","221487","288826","1868771","1521374","2323587","1812405","78805","1055312","976512","1054537","716538","254278"
"20191","11","서울시","CS100006","패스트푸드점","146279664728","13535951","99206662401","47073002327","16778051633","19046223515","20037260291","20803489412","22541637550","23945914381","23127087946","4259751054","7671882464","35713231357","26918615175","54093604778","17622579900","72127392463","63236645274","2770424626","43484933602","34147031476","29173742521","18969051016","6818854531","9486681","4049270","1673783","1838998","1915303","1991565","2067032","2097338","1951932","404130","1087605","3342693","2599620","4540187","1561716","6864115","6306539","371186","4739121","3221314","2569635","1642996","626420"
"20191","11","서울시","CS100005","제과점","184714756584","19701306","132248240433","52466516151","22647599463","24481267761","27106198770","28722077724","29291096715","28302815124","24163701027","520919238","26505811265","41335441530","43592547493","56329831571","16430205487","68031906385","98297855965","1602108738","33884846800","42375372341","43801323084","28983257382","15682853962","14165069","5536237","2549009","2696531","2901001","2992439","3026089","2956383","2579854","46450","3289760","4128818","4391099","6014908","1830271","7323714","11627892","245848","4533466","4836295","4597249","3078118","1660678"
"20191","11","서울시","CS100004","양식음식점","234177340078","6609318","157924880305","76252459773","23956438408","29198606950","31617729625","34445459281","38706646041","43329034544","32923425229","13246054736","1815840439","57371486893","36601116435","82936785851","42206055724","96366217142","98441875461","1898422211","63126599010","55631289439","37874835747","25237584908","11039359387","4543490","2065828","739270","847357","915905","975936","1065022","1131817","934011","257630","127347","2070260","1182391","2265365","706325","2790420","3329252","108816","2341825","1668366","1071381","681176","248061"
"20191","11","서울시","CS100003","일식음식점","194285456857","5553364","148017838571","46267618286","24131412189","27359704072","29574522852","32258391799","34693807659","28123069434","18144548852","8211646274","383326420","50939678628","18824358233","70120967622","45805479680","87199300288","61365374706","1460374019","41832738549","40650964257","31706288448","21245998566","11668311181","4275229","1278135","745089","789043","857254","929225","954618","733224","544911","133233","21170","2211128","743356","1883184","561293","2533922","2426151","105413","1837406","1266825","889445","599646","261338"
"20191","11","서울시","CS100002","중식음식점","179723947728","6131646","127506942064","52217005664","20367714726","24100045253","25704387267","27412679308","29922115510","27528540356","24688465308","4946352946","1431289534","55992924685","23392134184","69266000241","24695246138","87137783825","55264827062","934596177","29495329602","38077937558","34595894849","25443286628","13855566056","4420028","1711618","731717","838177","892283","952765","1005086","898075","813543","130224","83036","2478804","964352","2044506","430724","3311992","2221596","70539","1384615","1425464","1286859","899453","466676"
"20191","11","서울시","CS100001","한식음식점","2379968714935","75091119","1731401745787","648566969148","288950028973","325274241153","345334182635","373085196827","398758096199","370964427516","277602541632","125606222509","42650268968","558021730407","221511082454","944580716662","487598693935","1201710030353","730495790145","11501576310","362418216213","446256460028","450410753199","397270087336","264350158411","56374093","18717026","10059037","10638895","11294855","11979941","12401365","10444790","8272236","3290722","2319672","26539808","8942653","24270010","9728254","40031820","27901215","755364","15888572","15668185","14819281","12687230","8114410"